# Blender 5.0.1
# www.blender.org
mtllib llanta_t.mtl
o llanta_d_atras
v 0.266917 -0.040326 -0.069349
v 0.253922 -0.091624 -0.069349
v 0.256019 -0.038679 -0.085333
v 0.269656 0.012522 -0.069349
v 0.266917 -0.040326 -0.050727
v 0.253921 -0.091624 -0.050727
v 0.266917 -0.040326 -0.048244
v 0.269656 0.012522 -0.050727
v 0.262031 0.064889 -0.050727
v 0.269656 0.012522 -0.048244
v 0.262031 0.064889 -0.048244
v 0.266825 0.012391 -0.047817
v 0.264115 -0.039902 -0.047817
v 0.259281 0.064208 -0.047817
v 0.266825 0.012391 -0.042090
v 0.264115 -0.039902 -0.042090
v 0.269656 0.012522 -0.042456
v 0.259281 0.064208 -0.042090
v 0.262031 0.064889 -0.042456
v 0.241772 0.113557 -0.042090
v 0.244337 0.114762 -0.042456
v 0.214973 0.158543 -0.042090
v 0.241772 0.113557 -0.047817
v 0.244337 0.114762 -0.048244
v 0.214973 0.158543 -0.047817
v 0.179912 0.197435 -0.047817
v 0.217254 0.160224 -0.048244
v 0.181821 0.199530 -0.048244
v 0.217254 0.160224 -0.050727
v 0.181821 0.199530 -0.050727
v 0.244337 0.114762 -0.050727
v 0.217254 0.160224 -0.069349
v 0.244337 0.114762 -0.069349
v 0.208383 0.153682 -0.085333
v 0.181821 0.199530 -0.069349
v 0.174397 0.191383 -0.085333
v 0.139401 0.231167 -0.069349
v 0.133709 0.221729 -0.085333
v 0.091624 0.253922 -0.069349
v 0.139401 0.231167 -0.050727
v 0.091624 0.253922 -0.050727
v 0.139401 0.231167 -0.048244
v 0.091624 0.253922 -0.048244
v 0.137937 0.228741 -0.047817
v 0.090662 0.251256 -0.047817
v 0.137937 0.228741 -0.042090
v 0.179912 0.197435 -0.042090
v 0.139401 0.231167 -0.042456
v 0.090662 0.251256 -0.042090
v 0.091624 0.253922 -0.042456
v 0.039902 0.264115 -0.042090
v 0.040326 0.266917 -0.042456
v -0.012391 0.266825 -0.042090
v 0.039902 0.264115 -0.047817
v -0.012391 0.266825 -0.047817
v 0.040326 0.266917 -0.048244
v -0.012522 0.269656 -0.048244
v 0.040326 0.266917 -0.050727
v -0.012522 0.269656 -0.050727
v 0.040326 0.266917 -0.069349
v 0.038679 0.256019 -0.085333
v -0.012522 0.269656 -0.069349
v -0.012011 0.258645 -0.085333
v -0.064889 0.262032 -0.069349
v -0.062239 0.251332 -0.085333
v -0.114762 0.244337 -0.069349
v -0.064889 0.262032 -0.050727
v -0.114762 0.244337 -0.050727
v -0.064889 0.262032 -0.048244
v -0.114762 0.244337 -0.048244
v -0.064208 0.259281 -0.047817
v -0.113557 0.241772 -0.047817
v -0.064208 0.259281 -0.042090
v -0.064889 0.262032 -0.042456
v -0.113557 0.241772 -0.042090
v -0.114762 0.244337 -0.042456
v -0.158543 0.214973 -0.042090
v -0.160225 0.217254 -0.042456
v -0.197436 0.179912 -0.042090
v -0.158543 0.214973 -0.047817
v -0.197436 0.179912 -0.047818
v -0.160225 0.217254 -0.048244
v -0.199530 0.181821 -0.048244
v -0.160225 0.217254 -0.050727
v -0.199530 0.181821 -0.050727
v -0.160225 0.217254 -0.069349
v -0.153683 0.208383 -0.085333
v -0.199530 0.181821 -0.069349
v -0.191383 0.174397 -0.085333
v -0.231168 0.139401 -0.069349
v -0.221729 0.133709 -0.085333
v -0.253922 0.091624 -0.069349
v -0.231168 0.139401 -0.050727
v -0.253922 0.091624 -0.050727
v -0.231168 0.139401 -0.048244
v -0.253922 0.091624 -0.048244
v -0.228741 0.137938 -0.047818
v -0.251256 0.090662 -0.047818
v -0.228741 0.137938 -0.042090
v -0.231168 0.139401 -0.042456
v -0.251256 0.090662 -0.042090
v -0.253922 0.091624 -0.042456
v -0.264116 0.039902 -0.042090
v -0.266825 -0.012391 -0.042090
v -0.264116 0.039902 -0.047818
v -0.266918 0.040326 -0.042456
v -0.269656 -0.012522 -0.042456
v -0.266918 0.040326 -0.040887
v -0.269656 -0.012522 -0.040887
v -0.266918 0.040326 -0.012490
v -0.253922 0.091624 -0.040887
v -0.253922 0.091624 -0.012490
v -0.231168 0.139401 -0.040887
v -0.199530 0.181821 -0.040887
v -0.231168 0.139401 -0.012490
v -0.231168 0.139401 -0.010722
v -0.228741 0.137938 -0.010689
v -0.253922 0.091624 -0.010722
v -0.199530 0.181821 -0.010722
v -0.197436 0.179912 -0.010689
v -0.160225 0.217254 -0.010722
v -0.199530 0.181821 -0.012490
v -0.158543 0.214973 -0.010689
v -0.114762 0.244337 -0.010722
v -0.160225 0.217254 -0.012490
v -0.114762 0.244337 -0.012490
v -0.160225 0.217254 -0.040887
v -0.114762 0.244337 -0.040887
v -0.064889 0.262032 -0.040887
v -0.064889 0.262032 -0.012490
v -0.012522 0.269656 -0.040887
v -0.012522 0.269656 -0.012490
v 0.040326 0.266917 -0.040887
v -0.012522 0.269656 -0.042456
v 0.091624 0.253922 -0.040887
v 0.040326 0.266917 -0.012490
v 0.040326 0.266917 -0.010722
v 0.039902 0.264115 -0.010689
v -0.012522 0.269656 -0.010722
v 0.091624 0.253922 -0.010722
v 0.090662 0.251256 -0.010689
v 0.139401 0.231167 -0.010722
v 0.091624 0.253922 -0.012490
v 0.139401 0.231167 -0.012490
v 0.181821 0.199530 -0.012490
v 0.139401 0.231167 -0.040887
v 0.181821 0.199530 -0.040887
v 0.217254 0.160224 -0.040887
v 0.181821 0.199530 -0.042456
v 0.217254 0.160224 -0.042456
v 0.217254 0.160224 -0.012490
v 0.244337 0.114762 -0.040887
v 0.244337 0.114762 -0.012490
v 0.262031 0.064889 -0.040887
v 0.262031 0.064889 -0.012490
v 0.269656 0.012522 -0.040887
v 0.269656 0.012522 -0.012490
v 0.266917 -0.040326 -0.040887
v 0.253921 -0.091624 -0.040887
v 0.266917 -0.040326 -0.012490
v 0.266917 -0.040326 -0.042456
v 0.253921 -0.091624 -0.042456
v 0.251256 -0.090662 -0.042090
v 0.231168 -0.139401 -0.042456
v 0.228741 -0.137937 -0.042090
v 0.199530 -0.181821 -0.042456
v 0.231168 -0.139401 -0.040887
v 0.231168 -0.139401 -0.012490
v 0.199530 -0.181821 -0.040887
v 0.199530 -0.181821 -0.012490
v 0.160225 -0.217254 -0.040887
v 0.160225 -0.217254 -0.012490
v 0.114762 -0.244337 -0.040887
v 0.160225 -0.217254 -0.042456
v 0.158543 -0.214973 -0.042090
v 0.114762 -0.244337 -0.042456
v 0.113557 -0.241773 -0.042090
v 0.064889 -0.262032 -0.042456
v 0.012522 -0.269656 -0.042456
v 0.064889 -0.262032 -0.040887
v 0.064208 -0.259281 -0.042090
v 0.064208 -0.259281 -0.047817
v 0.012391 -0.266825 -0.042090
v 0.012391 -0.266825 -0.047817
v -0.039902 -0.264116 -0.042090
v -0.039902 -0.264116 -0.047817
v -0.090662 -0.251256 -0.042090
v -0.040326 -0.266918 -0.042456
v -0.091624 -0.253922 -0.042456
v -0.040326 -0.266918 -0.040887
v 0.012522 -0.269656 -0.040887
v -0.040326 -0.266918 -0.012490
v -0.091624 -0.253922 -0.040887
v -0.091624 -0.253922 -0.012490
v -0.139401 -0.231168 -0.040887
v -0.181821 -0.199530 -0.040887
v -0.139401 -0.231168 -0.012490
v -0.139401 -0.231168 -0.042456
v -0.137938 -0.228741 -0.042090
v -0.181821 -0.199530 -0.042456
v -0.179913 -0.197436 -0.042090
v -0.217254 -0.160225 -0.042456
v -0.214973 -0.158543 -0.042090
v -0.244338 -0.114762 -0.042456
v -0.217254 -0.160225 -0.040887
v -0.217254 -0.160225 -0.012490
v -0.244338 -0.114762 -0.040887
v -0.244338 -0.114762 -0.012490
v -0.262032 -0.064889 -0.040887
v -0.262032 -0.064889 -0.012490
v -0.262032 -0.064889 -0.042456
v -0.259281 -0.064208 -0.042090
v -0.241773 -0.113557 -0.042090
v -0.259281 -0.064208 -0.047818
v -0.241773 -0.113557 -0.047818
v -0.266825 -0.012391 -0.047818
v -0.262032 -0.064889 -0.048244
v -0.244338 -0.114762 -0.048244
v -0.262032 -0.064889 -0.050727
v -0.269656 -0.012522 -0.048244
v -0.269656 -0.012522 -0.050727
v -0.266918 0.040326 -0.048244
v -0.266918 0.040326 -0.050727
v -0.266918 0.040326 -0.069349
v -0.256019 0.038679 -0.085333
v -0.269656 -0.012522 -0.069349
v -0.258646 -0.012011 -0.085333
v -0.262032 -0.064889 -0.069349
v -0.251333 -0.062239 -0.085333
v -0.244338 -0.114762 -0.069349
v -0.234361 -0.110076 -0.085333
v -0.217254 -0.160225 -0.069349
v -0.244338 -0.114762 -0.050727
v -0.181821 -0.199530 -0.069349
v -0.217254 -0.160225 -0.050727
v -0.208383 -0.153682 -0.085333
v -0.195753 -0.144367 -0.085333
v -0.174397 -0.191383 -0.085333
v -0.163827 -0.179782 -0.085333
v -0.133709 -0.221729 -0.085333
v -0.125605 -0.208289 -0.085333
v -0.087883 -0.243554 -0.085333
v -0.139401 -0.231168 -0.069349
v -0.091624 -0.253922 -0.069349
v -0.139401 -0.231168 -0.050727
v -0.091624 -0.253922 -0.050727
v -0.139401 -0.231168 -0.048244
v -0.181821 -0.199530 -0.050727
v -0.181821 -0.199530 -0.048244
v -0.217254 -0.160225 -0.048244
v -0.179913 -0.197436 -0.047817
v -0.137938 -0.228741 -0.047817
v -0.214973 -0.158543 -0.047817
v -0.090662 -0.251256 -0.047817
v -0.091624 -0.253922 -0.048244
v -0.040326 -0.266918 -0.048244
v 0.012522 -0.269656 -0.048244
v -0.040326 -0.266918 -0.050727
v 0.012522 -0.269656 -0.050727
v -0.040326 -0.266918 -0.069349
v -0.038679 -0.256019 -0.085333
v 0.012522 -0.269656 -0.069349
v 0.012011 -0.258646 -0.085333
v 0.064889 -0.262032 -0.069349
v 0.062239 -0.251333 -0.085333
v 0.114762 -0.244337 -0.069349
v 0.064889 -0.262032 -0.050727
v 0.064889 -0.262032 -0.048244
v 0.114762 -0.244337 -0.050727
v 0.160225 -0.217254 -0.050727
v 0.114762 -0.244337 -0.048244
v 0.113557 -0.241773 -0.047817
v 0.160225 -0.217254 -0.048244
v 0.158543 -0.214973 -0.047817
v 0.199530 -0.181821 -0.048244
v 0.197435 -0.179912 -0.047817
v 0.231168 -0.139401 -0.048244
v 0.199530 -0.181821 -0.050727
v 0.199530 -0.181821 -0.069349
v 0.160225 -0.217254 -0.069349
v 0.191383 -0.174397 -0.085333
v 0.231168 -0.139401 -0.069349
v 0.221729 -0.133709 -0.085333
v 0.231168 -0.139401 -0.050727
v 0.208289 -0.125605 -0.085333
v 0.243553 -0.087883 -0.085333
v 0.228791 -0.082556 -0.085333
v 0.240501 -0.036335 -0.085333
v 0.204096 -0.073645 -0.089778
v 0.179401 -0.064734 -0.083886
v 0.185807 -0.112047 -0.089778
v 0.214541 -0.032413 -0.089778
v 0.188582 -0.028491 -0.083886
v 0.216743 0.010065 -0.089778
v 0.190517 0.008847 -0.083886
v 0.210614 0.052156 -0.089778
v 0.242968 0.011283 -0.085333
v 0.258645 0.012011 -0.085333
v 0.236098 0.058467 -0.085333
v 0.251332 0.062239 -0.085333
v 0.220155 0.103404 -0.085333
v 0.234361 0.110076 -0.085333
v 0.195752 0.144367 -0.085333
v 0.196392 0.092243 -0.089778
v 0.172629 0.081082 -0.083886
v 0.174623 0.128784 -0.089778
v 0.153494 0.113202 -0.083886
v 0.146143 0.160377 -0.089778
v 0.128460 0.140972 -0.083886
v 0.112047 0.185807 -0.089778
v 0.163826 0.179782 -0.085333
v 0.125604 0.208289 -0.085333
v 0.082556 0.228791 -0.085333
v 0.087883 0.243554 -0.085333
v 0.036335 0.240501 -0.085333
v 0.073645 0.204096 -0.089778
v 0.064734 0.179401 -0.083886
v 0.032413 0.214542 -0.089778
v 0.028491 0.188583 -0.083886
v -0.010065 0.216743 -0.089778
v -0.008847 0.190517 -0.083886
v -0.052156 0.210614 -0.089778
v -0.011283 0.242968 -0.085333
v -0.058467 0.236098 -0.085333
v -0.103404 0.220155 -0.085333
v -0.110076 0.234361 -0.085333
v -0.144367 0.195752 -0.085333
v -0.092243 0.196392 -0.089778
v -0.081082 0.172629 -0.083886
v -0.128785 0.174623 -0.089778
v -0.113202 0.153494 -0.083886
v -0.160377 0.146143 -0.089778
v -0.140972 0.128460 -0.083886
v -0.185807 0.112047 -0.089778
v -0.179783 0.163826 -0.085333
v -0.208289 0.125604 -0.085333
v -0.228791 0.082556 -0.085333
v -0.243554 0.087883 -0.085333
v -0.240501 0.036335 -0.085333
v -0.204096 0.073645 -0.089778
v -0.179401 0.064734 -0.083886
v -0.214542 0.032413 -0.089778
v -0.188583 0.028491 -0.083886
v -0.216743 -0.010065 -0.089778
v -0.242968 -0.011283 -0.085333
v -0.210615 -0.052156 -0.089778
v -0.190518 -0.008847 -0.083886
v -0.185131 -0.045845 -0.083886
v -0.175451 -0.008147 -0.075745
v -0.170490 -0.042219 -0.075745
v -0.173669 0.026238 -0.075745
v -0.171374 -0.007958 -0.062425
v -0.166529 -0.041239 -0.062425
v -0.169634 0.025628 -0.062425
v -0.161375 0.058230 -0.062425
v -0.165213 0.059615 -0.075745
v -0.146914 0.088593 -0.062425
v -0.150409 0.090701 -0.075745
v -0.126807 0.115553 -0.062425
v -0.129824 0.118301 -0.075745
v -0.101828 0.138071 -0.062425
v -0.104250 0.141355 -0.075745
v -0.072935 0.155284 -0.062425
v -0.074669 0.158977 -0.075745
v -0.041239 0.166529 -0.062425
v -0.042220 0.170490 -0.075745
v -0.007958 0.171374 -0.062425
v -0.008148 0.175451 -0.075745
v 0.025628 0.169634 -0.062425
v 0.026238 0.173669 -0.075745
v 0.058230 0.161375 -0.062425
v 0.059615 0.165213 -0.075745
v 0.088593 0.146914 -0.062425
v 0.115552 0.126807 -0.062425
v 0.090701 0.150408 -0.075745
v 0.118301 0.129823 -0.075745
v 0.098490 0.163325 -0.083886
v 0.141355 0.104249 -0.075745
v 0.158977 0.074669 -0.075745
v 0.138071 0.101827 -0.062425
v 0.155284 0.072934 -0.062425
v 0.166529 0.041239 -0.062425
v 0.170490 0.042220 -0.075745
v 0.171374 0.007958 -0.062425
v 0.175451 0.008147 -0.075745
v 0.169634 -0.025628 -0.062425
v 0.173669 -0.026238 -0.075745
v 0.161374 -0.058230 -0.062425
v 0.165213 -0.059615 -0.075745
v 0.146914 -0.088594 -0.062425
v 0.150408 -0.090701 -0.075745
v 0.126807 -0.115553 -0.062425
v 0.129823 -0.118301 -0.075745
v 0.101827 -0.138071 -0.062425
v 0.104249 -0.141356 -0.075745
v 0.072934 -0.155284 -0.062425
v 0.074669 -0.158978 -0.075745
v 0.041239 -0.166529 -0.062425
v 0.042219 -0.170490 -0.075745
v 0.007958 -0.171374 -0.062425
v -0.025628 -0.169634 -0.062425
v 0.008147 -0.175451 -0.075745
v 0.008847 -0.190517 -0.083886
v -0.026238 -0.173669 -0.075745
v -0.028491 -0.188583 -0.083886
v -0.059615 -0.165213 -0.075745
v -0.064734 -0.179401 -0.083886
v -0.090701 -0.150408 -0.075745
v -0.058230 -0.161375 -0.062425
v -0.088594 -0.146914 -0.062425
v -0.115553 -0.126807 -0.062425
v -0.118301 -0.129823 -0.075745
v -0.138071 -0.101827 -0.062425
v -0.141356 -0.104249 -0.075745
v -0.155284 -0.072934 -0.062425
v -0.158978 -0.074669 -0.075745
v -0.172630 -0.081081 -0.083886
v -0.196393 -0.092242 -0.089778
v -0.153495 -0.113202 -0.083886
v -0.174624 -0.128784 -0.089778
v -0.128460 -0.140972 -0.083886
v -0.146144 -0.160377 -0.089778
v -0.098490 -0.163325 -0.083886
v -0.112047 -0.185807 -0.089778
v -0.073645 -0.204096 -0.089778
v -0.032413 -0.214542 -0.089778
v -0.082556 -0.228791 -0.085333
v -0.036335 -0.240501 -0.085333
v 0.011283 -0.242968 -0.085333
v 0.058467 -0.236099 -0.085333
v 0.010065 -0.216743 -0.089778
v 0.052156 -0.210615 -0.089778
v 0.045845 -0.185131 -0.083886
v 0.092243 -0.196393 -0.089778
v 0.081081 -0.172630 -0.083886
v 0.128784 -0.174623 -0.089778
v 0.103404 -0.220156 -0.085333
v 0.110076 -0.234361 -0.085333
v 0.144367 -0.195752 -0.085333
v 0.153682 -0.208383 -0.085333
v 0.179782 -0.163826 -0.085333
v 0.160377 -0.146143 -0.089778
v 0.140972 -0.128460 -0.083886
v 0.163324 -0.098490 -0.083886
v 0.113202 -0.153494 -0.083886
v -0.220156 -0.103404 -0.085333
v -0.236099 -0.058466 -0.085333
v 0.185131 0.045845 -0.083886
v -0.045845 0.185131 -0.083886
v -0.163325 0.098490 -0.083886
v 0.262031 0.064889 -0.069349
v 0.228741 -0.137937 -0.047817
v 0.253921 -0.091624 -0.048244
v 0.251256 -0.090662 -0.047817
v 0.197435 -0.179912 -0.042090
v -0.269656 -0.012522 -0.012490
v -0.262032 -0.064889 -0.010722
v -0.259281 -0.064208 -0.010689
v -0.244338 -0.114762 -0.010722
v -0.269656 -0.012522 -0.010722
v -0.266825 -0.012391 -0.010689
v -0.266918 0.040326 -0.010722
v -0.264116 0.039902 -0.010689
v -0.251256 0.090662 -0.010689
v -0.264116 0.039902 -0.003833
v -0.251256 0.090662 -0.003833
v -0.266918 0.040326 -0.003793
v -0.266826 -0.012391 -0.003833
v -0.269656 -0.012522 -0.003793
v -0.259281 -0.064208 -0.003833
v -0.262032 -0.064889 -0.003793
v -0.241773 -0.113557 -0.003833
v -0.244338 -0.114762 -0.003793
v -0.214973 -0.158543 -0.003833
v -0.241773 -0.113557 -0.010689
v -0.214973 -0.158543 -0.010689
v -0.179913 -0.197436 -0.010689
v -0.217254 -0.160225 -0.010722
v -0.181821 -0.199530 -0.010722
v -0.181821 -0.199530 -0.012490
v -0.139401 -0.231168 -0.010722
v -0.091624 -0.253922 -0.010722
v -0.137938 -0.228741 -0.010689
v -0.090662 -0.251256 -0.010689
v -0.137938 -0.228741 -0.003833
v -0.179913 -0.197436 -0.003833
v -0.139401 -0.231168 -0.003793
v -0.090662 -0.251256 -0.003833
v -0.091624 -0.253922 -0.003793
v -0.039902 -0.264116 -0.003833
v -0.040326 -0.266918 -0.003793
v 0.012391 -0.266825 -0.003833
v -0.039902 -0.264116 -0.010689
v 0.012391 -0.266825 -0.010689
v -0.040326 -0.266918 -0.010722
v 0.012522 -0.269656 -0.010722
v 0.012522 -0.269656 -0.012490
v 0.064889 -0.262032 -0.010722
v 0.064889 -0.262032 -0.012490
v 0.114762 -0.244337 -0.010722
v 0.064208 -0.259281 -0.010689
v 0.113557 -0.241773 -0.010689
v 0.064208 -0.259281 -0.003833
v 0.064889 -0.262032 -0.003793
v 0.113557 -0.241773 -0.003833
v 0.114762 -0.244337 -0.003793
v 0.158543 -0.214973 -0.003833
v 0.160225 -0.217254 -0.003793
v 0.197435 -0.179912 -0.003833
v 0.158543 -0.214973 -0.010689
v 0.197435 -0.179912 -0.010689
v 0.160225 -0.217254 -0.010722
v 0.199530 -0.181821 -0.010722
v 0.231168 -0.139401 -0.010722
v 0.253921 -0.091624 -0.010722
v 0.228741 -0.137937 -0.010689
v 0.251256 -0.090662 -0.010689
v 0.228741 -0.137937 -0.003833
v 0.251256 -0.090662 -0.003833
v 0.231168 -0.139401 -0.003793
v 0.253921 -0.091624 -0.003793
v 0.199530 -0.181821 -0.003793
v 0.231168 -0.139401 -0.002473
v 0.253921 -0.091624 -0.002473
v 0.231168 -0.139401 0.025374
v 0.199530 -0.181821 -0.002473
v 0.160225 -0.217254 -0.002473
v 0.199530 -0.181821 0.025374
v 0.199530 -0.181821 0.026385
v 0.160225 -0.217254 0.026385
v 0.231168 -0.139401 0.026385
v 0.197435 -0.179912 0.026028
v 0.228741 -0.137937 0.026028
v 0.158543 -0.214973 0.026028
v 0.197435 -0.179912 0.032751
v 0.158543 -0.214973 0.032751
v 0.199530 -0.181821 0.033179
v 0.228741 -0.137937 0.032751
v 0.231168 -0.139401 0.033179
v 0.251256 -0.090662 0.032751
v 0.253921 -0.091624 0.033179
v 0.264115 -0.039902 0.032751
v 0.251256 -0.090662 0.026028
v 0.264115 -0.039902 0.026028
v 0.253921 -0.091624 0.026385
v 0.253921 -0.091624 0.025374
v 0.266917 -0.040326 0.026385
v 0.269656 0.012522 0.026385
v 0.266917 -0.040326 0.025374
v 0.269656 0.012522 0.025374
v 0.266917 -0.040326 -0.002473
v 0.269656 0.012522 -0.002473
v 0.266917 -0.040326 -0.003793
v 0.264115 -0.039902 -0.003833
v 0.269656 0.012522 -0.003793
v 0.266825 0.012391 -0.003833
v 0.262031 0.064889 -0.003793
v 0.259281 0.064208 -0.003833
v 0.244337 0.114762 -0.003793
v 0.262031 0.064889 -0.002473
v 0.262031 0.064889 0.025374
v 0.244337 0.114762 -0.002473
v 0.217253 0.160224 -0.002473
v 0.244337 0.114762 0.025374
v 0.217253 0.160224 0.025374
v 0.244337 0.114762 0.026385
v 0.217253 0.160224 0.026385
v 0.241772 0.113557 0.026028
v 0.262031 0.064889 0.026385
v 0.259281 0.064208 0.026028
v 0.259281 0.064208 0.032751
v 0.266825 0.012391 0.026028
v 0.266825 0.012391 0.032751
v 0.269656 0.012522 0.033179
v 0.266917 -0.040326 0.033179
v 0.262031 0.064889 0.033179
v 0.269656 0.012522 0.034494
v 0.266917 -0.040326 0.034494
v 0.269656 0.012522 0.057934
v 0.262031 0.064889 0.034494
v 0.262031 0.064889 0.057934
v 0.244337 0.114762 0.034494
v 0.244337 0.114762 0.057934
v 0.217253 0.160224 0.034494
v 0.244337 0.114762 0.033179
v 0.241772 0.113557 0.032751
v 0.217253 0.160224 0.033179
v 0.214973 0.158543 0.032751
v 0.181821 0.199530 0.033179
v 0.139401 0.231167 0.033179
v 0.181821 0.199530 0.034494
v 0.179912 0.197435 0.032751
v 0.137937 0.228741 0.032751
v 0.179912 0.197435 0.026028
v 0.137937 0.228741 0.026028
v 0.214973 0.158543 0.026028
v 0.181821 0.199530 0.026385
v 0.181821 0.199530 0.025374
v 0.139401 0.231167 0.026385
v 0.139401 0.231167 0.025374
v 0.091624 0.253922 0.026385
v 0.091624 0.253922 0.025374
v 0.040326 0.266917 0.026385
v 0.090662 0.251256 0.026028
v 0.039902 0.264115 0.026028
v 0.090662 0.251256 0.032751
v 0.039902 0.264115 0.032751
v 0.091624 0.253922 0.033179
v 0.040326 0.266917 0.033179
v 0.091624 0.253922 0.034494
v 0.139401 0.231167 0.034494
v 0.091624 0.253922 0.057934
v 0.040326 0.266917 0.034494
v 0.040325 0.266917 0.057934
v -0.012522 0.269656 0.034494
v -0.012522 0.269656 0.057934
v -0.064889 0.262032 0.034494
v -0.012522 0.269656 0.033179
v -0.012391 0.266825 0.032751
v -0.064889 0.262032 0.033179
v -0.114762 0.244337 0.033179
v -0.064208 0.259281 0.032751
v -0.113557 0.241772 0.032751
v -0.064208 0.259281 0.026028
v -0.113557 0.241772 0.026028
v -0.012391 0.266825 0.026028
v -0.064889 0.262032 0.026385
v -0.064889 0.262032 0.025374
v -0.012522 0.269656 0.026385
v -0.114762 0.244337 0.026385
v -0.160225 0.217254 0.026385
v -0.114762 0.244337 0.025374
v -0.160225 0.217254 0.025374
v -0.114762 0.244337 -0.002473
v -0.064889 0.262032 -0.002473
v -0.160225 0.217254 -0.002474
v -0.114762 0.244337 -0.003793
v -0.113557 0.241772 -0.003833
v -0.064889 0.262032 -0.003793
v -0.160225 0.217254 -0.003793
v -0.158543 0.214973 -0.003833
v -0.199530 0.181821 -0.003793
v -0.197436 0.179912 -0.003833
v -0.231168 0.139401 -0.003793
v -0.199530 0.181821 -0.002474
v -0.231168 0.139401 -0.002474
v -0.199530 0.181821 0.025374
v -0.199530 0.181821 0.026385
v -0.231168 0.139401 0.025374
v -0.231168 0.139401 0.026385
v -0.253922 0.091624 0.026385
v -0.228741 0.137938 0.026028
v -0.251256 0.090662 0.026028
v -0.228741 0.137938 0.032751
v -0.197436 0.179912 0.026028
v -0.197436 0.179912 0.032751
v -0.158543 0.214973 0.026028
v -0.158543 0.214973 0.032751
v -0.160225 0.217254 0.033179
v -0.199530 0.181821 0.033179
v -0.160225 0.217254 0.034494
v -0.114762 0.244337 0.034494
v -0.160225 0.217254 0.057934
v -0.199530 0.181821 0.034494
v -0.199530 0.181821 0.057934
v -0.231168 0.139401 0.034494
v -0.231168 0.139401 0.057934
v -0.253922 0.091624 0.034494
v -0.231168 0.139401 0.033179
v -0.253922 0.091624 0.033179
v -0.251256 0.090662 0.032751
v -0.266918 0.040326 0.033179
v -0.264116 0.039902 0.032751
v -0.269656 -0.012522 0.033179
v -0.266918 0.040326 0.034494
v -0.266918 0.040326 0.057934
v -0.269656 -0.012522 0.034494
v -0.269656 -0.012522 0.057934
v -0.262032 -0.064889 0.034494
v -0.262032 -0.064889 0.057934
v -0.244338 -0.114762 0.034494
v -0.262032 -0.064889 0.033179
v -0.259281 -0.064208 0.032751
v -0.244338 -0.114762 0.033179
v -0.241773 -0.113557 0.032751
v -0.217254 -0.160225 0.033179
v -0.214973 -0.158543 0.032751
v -0.181821 -0.199530 0.033179
v -0.217254 -0.160225 0.034494
v -0.217254 -0.160225 0.057934
v -0.181821 -0.199530 0.034494
v -0.181821 -0.199530 0.057934
v -0.139401 -0.231168 0.034494
v -0.139401 -0.231168 0.057934
v -0.139401 -0.231168 0.033179
v -0.091624 -0.253922 0.033179
v -0.137938 -0.228741 0.032751
v -0.090662 -0.251256 0.032751
v -0.137938 -0.228741 0.026028
v -0.179913 -0.197436 0.032751
v -0.179913 -0.197436 0.026028
v -0.181821 -0.199530 0.026385
v -0.214973 -0.158543 0.026028
v -0.217254 -0.160225 0.026385
v -0.241773 -0.113557 0.026028
v -0.244338 -0.114762 0.026385
v -0.259281 -0.064208 0.026028
v -0.262032 -0.064889 0.026385
v -0.266826 -0.012391 0.026028
v -0.269656 -0.012522 0.026385
v -0.264116 0.039902 0.026028
v -0.266826 -0.012391 0.032751
v -0.266918 0.040326 0.026385
v -0.266918 0.040326 0.025374
v -0.253922 0.091624 0.025374
v -0.269656 -0.012522 0.025374
v -0.266918 0.040326 -0.002474
v -0.269656 -0.012522 -0.002474
v -0.253922 0.091624 -0.002474
v -0.253922 0.091624 -0.003793
v -0.262032 -0.064889 -0.002474
v -0.244338 -0.114762 -0.002474
v -0.262032 -0.064889 0.025374
v -0.244338 -0.114762 0.025374
v -0.217254 -0.160225 0.025374
v -0.217254 -0.160225 -0.002474
v -0.181821 -0.199530 -0.002473
v -0.217254 -0.160225 -0.003793
v -0.181821 -0.199530 -0.003793
v -0.181821 -0.199530 0.025374
v -0.139401 -0.231168 0.026385
v -0.091624 -0.253922 0.026385
v -0.139401 -0.231168 0.025374
v -0.091624 -0.253922 0.025374
v -0.139401 -0.231168 -0.002473
v -0.091624 -0.253922 -0.002473
v -0.040326 -0.266918 -0.002473
v 0.012522 -0.269656 -0.002473
v -0.040326 -0.266918 0.025374
v -0.040326 -0.266918 0.026385
v 0.012522 -0.269656 0.025374
v 0.012522 -0.269656 0.026385
v 0.064889 -0.262032 0.025374
v 0.064889 -0.262032 0.026385
v 0.114762 -0.244337 0.025374
v 0.064889 -0.262032 -0.002473
v 0.114762 -0.244337 0.026385
v 0.160225 -0.217254 0.025374
v 0.114762 -0.244337 -0.002473
v 0.113557 -0.241773 0.026028
v 0.064208 -0.259281 0.026028
v 0.113557 -0.241773 0.032751
v 0.114762 -0.244337 0.033179
v 0.064208 -0.259281 0.032751
v 0.012391 -0.266825 0.032751
v 0.064889 -0.262032 0.033179
v 0.064889 -0.262032 0.034494
v 0.012522 -0.269656 0.033179
v 0.012522 -0.269656 0.034494
v -0.040326 -0.266918 0.033179
v -0.039902 -0.264116 0.032751
v -0.040326 -0.266918 0.034494
v -0.091624 -0.253922 0.034494
v -0.040326 -0.266918 0.057934
v -0.091624 -0.253922 0.057934
v 0.012522 -0.269656 0.057934
v -0.038679 -0.256019 0.072934
v -0.087883 -0.243554 0.072934
v 0.012011 -0.258646 0.072934
v -0.036335 -0.240501 0.072934
v -0.082556 -0.228791 0.072934
v 0.011283 -0.242968 0.072934
v -0.032413 -0.214542 0.077379
v -0.028491 -0.188583 0.071487
v -0.073645 -0.204096 0.077379
v 0.010065 -0.216743 0.077379
v 0.008847 -0.190518 0.071487
v 0.052156 -0.210615 0.077379
v 0.045845 -0.185131 0.071487
v 0.092243 -0.196392 0.077379
v 0.058467 -0.236098 0.072934
v 0.062239 -0.251333 0.072934
v 0.103404 -0.220155 0.072934
v 0.110076 -0.234361 0.072934
v 0.144367 -0.195752 0.072934
v 0.179783 -0.163826 0.072934
v 0.153682 -0.208383 0.072934
v 0.128785 -0.174623 0.077379
v 0.113202 -0.153494 0.071487
v 0.160377 -0.146143 0.077379
v 0.140972 -0.128460 0.071487
v 0.185807 -0.112047 0.077379
v 0.204096 -0.073645 0.077379
v 0.208289 -0.125604 0.072934
v 0.163324 -0.098489 0.071487
v 0.179401 -0.064734 0.071487
v 0.150408 -0.090701 0.063346
v 0.129823 -0.118301 0.063346
v 0.165213 -0.059615 0.063346
v 0.146914 -0.088593 0.050026
v 0.126807 -0.115552 0.050026
v 0.161374 -0.058229 0.050026
v 0.169634 -0.025628 0.050026
v 0.171374 0.007958 0.050026
v 0.173669 -0.026238 0.063346
v 0.175450 0.008147 0.063346
v 0.188582 -0.028491 0.071487
v 0.214541 -0.032413 0.077379
v 0.190517 0.008847 0.071487
v 0.216743 0.010065 0.077379
v 0.185130 0.045845 0.071487
v 0.210614 0.052156 0.077379
v 0.172629 0.081082 0.071487
v 0.170490 0.042220 0.063346
v 0.158977 0.074669 0.063346
v 0.166529 0.041239 0.050026
v 0.155283 0.072934 0.050026
v 0.138071 0.101827 0.050026
v 0.141355 0.104249 0.063346
v 0.115552 0.126807 0.050026
v 0.118301 0.129823 0.063346
v 0.088593 0.146914 0.050026
v 0.090701 0.150408 0.063346
v 0.058229 0.161375 0.050026
v 0.059615 0.165213 0.063346
v 0.025628 0.169634 0.050026
v 0.026238 0.173669 0.063346
v -0.007958 0.171374 0.050026
v -0.008148 0.175451 0.063346
v -0.041239 0.166529 0.050026
v -0.072935 0.155284 0.050026
v -0.042220 0.170490 0.063346
v -0.074670 0.158977 0.063346
v -0.045845 0.185131 0.071487
v -0.052156 0.210614 0.077379
v -0.008847 0.190517 0.071487
v -0.081082 0.172629 0.071487
v -0.092243 0.196392 0.077379
v -0.113202 0.153494 0.071487
v -0.128785 0.174623 0.077379
v -0.140972 0.128460 0.071487
v -0.104250 0.141355 0.063346
v -0.129824 0.118301 0.063346
v -0.101828 0.138071 0.050026
v -0.126807 0.115553 0.050026
v -0.146914 0.088593 0.050026
v -0.150409 0.090701 0.063346
v -0.161375 0.058230 0.050026
v -0.165214 0.059615 0.063346
v -0.169634 0.025628 0.050026
v -0.173669 0.026238 0.063346
v -0.171374 -0.007958 0.050026
v -0.175451 -0.008148 0.063346
v -0.166529 -0.041239 0.050026
v -0.170490 -0.042220 0.063346
v -0.155284 -0.072935 0.050026
v -0.158978 -0.074670 0.063346
v -0.138071 -0.101828 0.050026
v -0.141356 -0.104250 0.063346
v -0.115553 -0.126807 0.050026
v -0.118301 -0.129824 0.063346
v -0.088593 -0.146914 0.050026
v -0.090701 -0.150409 0.063346
v -0.058230 -0.161375 0.050026
v -0.025628 -0.169634 0.050026
v -0.059615 -0.165213 0.063346
v -0.064734 -0.179401 0.071487
v -0.026238 -0.173669 0.063346
v 0.008147 -0.175451 0.063346
v 0.042220 -0.170490 0.063346
v 0.007958 -0.171374 0.050026
v 0.041239 -0.166529 0.050026
v 0.072935 -0.155284 0.050026
v 0.074669 -0.158977 0.063346
v 0.101827 -0.138071 0.050026
v 0.104250 -0.141355 0.063346
v 0.081082 -0.172629 0.071487
v -0.098490 -0.163325 0.071487
v -0.112047 -0.185807 0.077379
v -0.128460 -0.140972 0.071487
v -0.153494 -0.113202 0.071487
v -0.146143 -0.160377 0.077379
v -0.174623 -0.128785 0.077379
v -0.163826 -0.179783 0.072934
v -0.174397 -0.191383 0.072934
v -0.195752 -0.144367 0.072934
v -0.125605 -0.208289 0.072934
v -0.133709 -0.221729 0.072934
v -0.208383 -0.153683 0.072934
v -0.220156 -0.103404 0.072934
v -0.234361 -0.110076 0.072934
v -0.236099 -0.058467 0.072934
v -0.196393 -0.092243 0.077379
v -0.172630 -0.081082 0.071487
v -0.210615 -0.052156 0.077379
v -0.185131 -0.045845 0.071487
v -0.216743 -0.010065 0.077379
v -0.190518 -0.008847 0.071487
v -0.214542 0.032413 0.077379
v -0.242968 -0.011283 0.072934
v -0.258646 -0.012011 0.072934
v -0.240501 0.036335 0.072934
v -0.256019 0.038679 0.072934
v -0.228791 0.082556 0.072934
v -0.243554 0.087883 0.072934
v -0.208289 0.125605 0.072934
v -0.204096 0.073645 0.077379
v -0.179401 0.064734 0.071487
v -0.185807 0.112047 0.077379
v -0.163325 0.098490 0.071487
v -0.160378 0.146143 0.077379
v -0.179783 0.163826 0.072934
v -0.191383 0.174397 0.072934
v -0.144367 0.195752 0.072934
v -0.153683 0.208383 0.072934
v -0.103404 0.220155 0.072934
v -0.110076 0.234361 0.072934
v -0.058467 0.236098 0.072934
v -0.062239 0.251332 0.072934
v -0.011283 0.242968 0.072934
v -0.012011 0.258646 0.072934
v 0.036334 0.240501 0.072934
v -0.010065 0.216743 0.077379
v 0.032413 0.214542 0.077379
v 0.028491 0.188583 0.071487
v 0.073645 0.204096 0.077379
v 0.064734 0.179401 0.071487
v 0.112047 0.185807 0.077379
v 0.082556 0.228791 0.072934
v 0.087883 0.243554 0.072934
v 0.125604 0.208289 0.072934
v 0.133709 0.221729 0.072934
v 0.163826 0.179782 0.072934
v 0.174397 0.191383 0.072934
v 0.195752 0.144367 0.072934
v 0.146143 0.160377 0.077379
v 0.128460 0.140972 0.071487
v 0.174623 0.128784 0.077379
v 0.153494 0.113202 0.071487
v 0.196392 0.092243 0.077379
v 0.220155 0.103404 0.072934
v 0.234361 0.110076 0.072934
v 0.236098 0.058467 0.072934
v 0.251332 0.062239 0.072934
v 0.242968 0.011283 0.072934
v 0.258645 0.012011 0.072934
v 0.240500 -0.036335 0.072934
v 0.256019 -0.038679 0.072934
v 0.228791 -0.082556 0.072934
v 0.243554 -0.087882 0.072934
v 0.253921 -0.091624 0.057934
v 0.221729 -0.133709 0.072934
v 0.231168 -0.139401 0.057934
v 0.191383 -0.174397 0.072934
v 0.199530 -0.181821 0.057934
v 0.199530 -0.181821 0.034494
v 0.160225 -0.217254 0.057934
v 0.160225 -0.217254 0.034494
v 0.114762 -0.244337 0.057934
v 0.114762 -0.244337 0.034494
v 0.064889 -0.262032 0.057934
v 0.160225 -0.217254 0.033179
v 0.231168 -0.139401 0.034494
v 0.253921 -0.091624 0.034494
v 0.266917 -0.040326 0.057934
v 0.208383 0.153682 0.072934
v 0.217253 0.160224 0.057934
v 0.181821 0.199530 0.057934
v 0.139401 0.231167 0.057934
v 0.098489 0.163325 0.071487
v 0.038679 0.256019 0.072934
v -0.064889 0.262032 0.057934
v -0.114762 0.244337 0.057934
v -0.221729 0.133709 0.072934
v -0.188583 0.028491 0.071487
v -0.253922 0.091624 0.057934
v -0.251333 -0.062240 0.072934
v -0.244338 -0.114762 0.057934
v -0.039902 -0.264116 0.026028
v 0.012391 -0.266825 0.026028
v -0.090662 -0.251256 0.026028
v 0.012522 -0.269656 -0.003793
v -0.228741 0.137938 -0.003833
v -0.064208 0.259281 -0.003833
v -0.012522 0.269656 -0.003793
v -0.012391 0.266825 -0.003833
v 0.040326 0.266917 -0.003793
v -0.012522 0.269656 -0.002473
v -0.012522 0.269656 0.025374
v 0.040326 0.266917 -0.002473
v 0.040326 0.266917 0.025374
v 0.091624 0.253922 -0.002473
v 0.139401 0.231167 -0.002473
v 0.091624 0.253922 -0.003793
v 0.090662 0.251256 -0.003833
v 0.139401 0.231167 -0.003793
v 0.137937 0.228741 -0.003833
v 0.181821 0.199530 -0.003793
v 0.179912 0.197435 -0.003833
v 0.217253 0.160224 -0.003793
v 0.181821 0.199530 -0.002473
v 0.214973 0.158543 -0.003833
v 0.241772 0.113557 -0.003833
v 0.214973 0.158543 -0.010689
v 0.179912 0.197435 -0.010689
v 0.217254 0.160224 -0.010722
v 0.241772 0.113557 -0.010689
v 0.244337 0.114762 -0.010722
v 0.259281 0.064208 -0.010689
v 0.262031 0.064889 -0.010722
v 0.266825 0.012391 -0.010689
v 0.269656 0.012522 -0.010722
v 0.264115 -0.039902 -0.010689
v 0.266917 -0.040326 -0.010722
v 0.181821 0.199530 -0.010722
v 0.137937 0.228741 -0.010689
v 0.039902 0.264115 -0.003833
v -0.012391 0.266825 -0.010689
v -0.064208 0.259281 -0.010689
v -0.113557 0.241772 -0.010689
v -0.064889 0.262032 -0.010722
v 0.253921 -0.091624 -0.012490
v 0.114762 -0.244337 -0.012490
v -0.199530 0.181821 -0.042456
v -0.139450 0.021512 -0.043904
v -0.140889 -0.006274 -0.043904
v -0.139450 0.021512 -0.047853
v -0.137239 0.021178 -0.042805
v -0.132617 0.048484 -0.043904
v -0.130513 0.047725 -0.042805
v -0.120653 0.073605 -0.043904
v -0.132617 0.048484 -0.047853
v -0.120653 0.073605 -0.047853
v -0.132617 0.048484 -0.063922
v -0.120653 0.073605 -0.063922
v -0.139450 0.021512 -0.063922
v -0.140889 -0.006274 -0.063922
v -0.140889 -0.006274 -0.047853
v -0.136881 -0.033808 -0.063922
v -0.127577 -0.060030 -0.063922
v -0.136881 -0.033808 -0.047853
v -0.136881 -0.033808 -0.043904
v -0.127577 -0.060030 -0.043904
v -0.134710 -0.033270 -0.042805
v -0.122158 -0.030162 -0.036445
v -0.125553 -0.059080 -0.042804
v -0.138656 -0.006170 -0.042805
v -0.125739 -0.005571 -0.036445
v -0.123841 -0.005483 -0.035511
v -0.124453 0.019247 -0.036445
v -0.122574 0.018963 -0.035511
v -0.118350 0.043336 -0.036445
v -0.116563 0.042691 -0.035511
v -0.107664 0.065772 -0.036445
v -0.106038 0.064791 -0.035511
v -0.118738 0.072450 -0.042805
v -0.102365 0.094402 -0.042804
v -0.104018 0.095909 -0.043904
v -0.092807 0.085693 -0.036445
v -0.091403 0.084413 -0.035511
v -0.073222 0.100803 -0.035511
v -0.090377 0.083478 -0.031942
v -0.072398 0.099686 -0.031942
v -0.104849 0.064075 -0.031942
v -0.085088 0.078658 -0.013544
v -0.084192 0.077842 -0.010429
v -0.098721 0.060379 -0.013544
v -0.068151 0.093927 -0.013544
v -0.067431 0.092951 -0.010429
v -0.048560 0.105597 -0.013544
v -0.048045 0.104500 -0.010429
v -0.027069 0.113222 -0.013544
v -0.051602 0.112075 -0.031942
v -0.052193 0.113331 -0.035511
v -0.028790 0.120168 -0.031942
v -0.029123 0.121516 -0.035511
v -0.004836 0.123656 -0.031942
v -0.004504 0.116507 -0.013544
v 0.019338 0.122403 -0.031942
v -0.004900 0.125043 -0.035511
v -0.004988 0.126940 -0.036445
v 0.019545 0.123776 -0.035511
v 0.019829 0.125654 -0.036445
v 0.043274 0.117765 -0.035511
v 0.043919 0.119551 -0.036445
v 0.065374 0.107239 -0.035511
v 0.042803 0.116459 -0.031942
v 0.064657 0.106050 -0.031942
v 0.040374 0.109727 -0.013544
v 0.039962 0.108587 -0.010429
v 0.018269 0.115327 -0.013544
v 0.060961 0.099922 -0.013544
v 0.060336 0.098885 -0.010429
v 0.079241 0.086289 -0.013544
v 0.078424 0.085394 -0.010429
v 0.094509 0.069352 -0.013544
v 0.084061 0.091579 -0.031942
v 0.084996 0.092605 -0.035511
v 0.086275 0.094009 -0.036445
v 0.101386 0.074424 -0.035511
v 0.102914 0.075551 -0.036445
v 0.113914 0.053394 -0.035511
v 0.100268 0.073600 -0.031942
v 0.115633 0.054202 -0.036445
v 0.112657 0.052804 -0.031942
v 0.122098 0.030325 -0.035511
v 0.123942 0.030781 -0.036445
v 0.125625 0.006102 -0.035511
v 0.120751 0.029991 -0.031942
v 0.124238 0.006038 -0.031942
v 0.113804 0.028271 -0.013544
v 0.112628 0.027980 -0.010429
v 0.106180 0.049762 -0.013544
v 0.117090 0.005706 -0.013544
v 0.115879 0.005649 -0.010429
v 0.115910 -0.017067 -0.013544
v 0.114711 -0.016886 -0.010429
v 0.110309 -0.039172 -0.013544
v 0.122985 -0.018136 -0.031942
v 0.124358 -0.018344 -0.035511
v 0.117041 -0.041601 -0.031942
v 0.118347 -0.042072 -0.035511
v 0.107822 -0.064172 -0.035511
v 0.120134 -0.042717 -0.036445
v 0.126237 -0.018627 -0.036445
v 0.109448 -0.065153 -0.036445
v 0.132297 -0.047106 -0.042805
v 0.120522 -0.071831 -0.042805
v 0.139022 -0.020559 -0.042805
v 0.134400 -0.047865 -0.043904
v 0.141234 -0.020893 -0.043904
v 0.122437 -0.072986 -0.043904
v 0.134400 -0.047865 -0.047853
v 0.141234 -0.020893 -0.047853
v 0.134400 -0.047865 -0.063922
v 0.122437 -0.072986 -0.047853
v 0.122437 -0.072986 -0.063922
v 0.105802 -0.095289 -0.063922
v 0.105802 -0.095289 -0.047853
v 0.085136 -0.113919 -0.063922
v 0.085136 -0.113919 -0.047853
v 0.061232 -0.128160 -0.063922
v 0.061232 -0.128160 -0.047853
v 0.035010 -0.137463 -0.063922
v 0.035010 -0.137463 -0.047853
v 0.007476 -0.141472 -0.063922
v 0.007476 -0.141472 -0.047853
v -0.020311 -0.140032 -0.063922
v -0.020311 -0.140032 -0.047853
v -0.047283 -0.133199 -0.063922
v -0.047283 -0.133199 -0.047853
v -0.072403 -0.121235 -0.063922
v -0.094707 -0.104600 -0.063922
v -0.072403 -0.121235 -0.047853
v -0.094707 -0.104600 -0.047853
v -0.072403 -0.121235 -0.043904
v -0.047283 -0.133199 -0.043904
v -0.071249 -0.119320 -0.042804
v -0.094707 -0.104600 -0.043904
v -0.093201 -0.102948 -0.042804
v -0.113337 -0.083934 -0.043904
v -0.111537 -0.082607 -0.042804
v -0.113337 -0.083934 -0.047853
v -0.113337 -0.083934 -0.063922
v -0.127577 -0.060030 -0.047853
v -0.101131 -0.074932 -0.036445
v -0.099602 -0.073804 -0.035511
v -0.084491 -0.093390 -0.036445
v -0.113849 -0.053582 -0.036445
v -0.112130 -0.052775 -0.035511
v -0.120314 -0.029705 -0.035511
v -0.110873 -0.052185 -0.031942
v -0.104396 -0.049142 -0.013544
v -0.098484 -0.072980 -0.031942
v -0.118967 -0.029372 -0.031942
v -0.122454 -0.005418 -0.031942
v -0.112020 -0.027652 -0.013544
v -0.110844 -0.027360 -0.010429
v -0.115306 -0.005086 -0.013544
v -0.114095 -0.005030 -0.010429
v -0.114126 0.017686 -0.013544
v -0.112927 0.017505 -0.010429
v -0.108526 0.039791 -0.013544
v -0.121202 0.018755 -0.031942
v -0.115257 0.042220 -0.031942
v -0.107386 0.039380 -0.010429
v -0.097683 0.059753 -0.010429
v -0.106013 0.038885 -0.009376
v -0.097476 0.035804 -0.002828
v -0.111485 0.017287 -0.009376
v -0.096433 0.059000 -0.009376
v -0.088662 0.054313 -0.002828
v -0.083113 0.076859 -0.009376
v -0.076405 0.070747 -0.002828
v -0.066565 0.091777 -0.009376
v -0.061179 0.084473 -0.002828
v -0.047425 0.103180 -0.009376
v -0.043566 0.094965 -0.002828
v -0.026427 0.110629 -0.009376
v -0.024246 0.101820 -0.002828
v -0.004380 0.113839 -0.009376
v -0.026778 0.112046 -0.010429
v -0.004448 0.115297 -0.010429
v 0.018088 0.114129 -0.010429
v 0.017870 0.112686 -0.009376
v 0.016514 0.103713 -0.002828
v 0.039467 0.107215 -0.009376
v 0.036387 0.098678 -0.002828
v 0.059582 0.097635 -0.009376
v 0.054895 0.089863 -0.002828
v 0.077442 0.084315 -0.009376
v 0.071329 0.077607 -0.002828
v 0.092359 0.067767 -0.009376
v 0.085055 0.062380 -0.002828
v 0.103762 0.048626 -0.009376
v 0.093534 0.068633 -0.010429
v 0.105083 0.049247 -0.010429
v 0.095548 0.044768 -0.002828
v 0.102402 0.025447 -0.002828
v 0.105356 0.005161 -0.002828
v 0.111212 0.027629 -0.009376
v 0.114422 0.005582 -0.009376
v 0.113269 -0.016668 -0.009376
v 0.104295 -0.015312 -0.002828
v 0.099260 -0.035185 -0.002828
v 0.090446 -0.053694 -0.002828
v 0.107797 -0.038266 -0.009376
v 0.109170 -0.038761 -0.010429
v 0.099467 -0.059134 -0.010429
v 0.100505 -0.059760 -0.013544
v 0.085976 -0.077223 -0.010429
v 0.098217 -0.058381 -0.009376
v 0.084897 -0.076240 -0.009376
v 0.078189 -0.070127 -0.002828
v 0.068349 -0.091158 -0.009376
v 0.062962 -0.083854 -0.002828
v 0.049208 -0.102561 -0.009376
v 0.069215 -0.092332 -0.010429
v 0.069934 -0.093307 -0.013544
v 0.049829 -0.103881 -0.010429
v 0.050344 -0.104978 -0.013544
v 0.028562 -0.111426 -0.010429
v 0.028853 -0.112603 -0.013544
v 0.006232 -0.114678 -0.010429
v 0.028211 -0.110010 -0.009376
v 0.026030 -0.101201 -0.002828
v 0.005743 -0.104154 -0.002828
v 0.045350 -0.094346 -0.002828
v -0.014730 -0.103093 -0.002828
v 0.006164 -0.113220 -0.009376
v -0.016086 -0.112067 -0.009376
v -0.037683 -0.106595 -0.009376
v -0.016304 -0.113510 -0.010429
v -0.016485 -0.114708 -0.013544
v -0.038179 -0.107968 -0.010429
v -0.038590 -0.109108 -0.013544
v -0.058552 -0.098265 -0.010429
v -0.059178 -0.099303 -0.013544
v -0.076641 -0.084774 -0.010429
v -0.057798 -0.097016 -0.009376
v -0.053112 -0.089244 -0.002828
v -0.075658 -0.083696 -0.009376
v -0.069545 -0.076988 -0.002828
v -0.090576 -0.067147 -0.009376
v -0.083272 -0.061761 -0.002828
v -0.091750 -0.068014 -0.010429
v -0.092725 -0.068733 -0.013544
v -0.103299 -0.048627 -0.010429
v -0.101978 -0.048007 -0.009376
v -0.093764 -0.044149 -0.002828
v -0.100618 -0.024828 -0.002828
v -0.103572 -0.004541 -0.002828
v -0.109428 -0.027010 -0.009376
v -0.112638 -0.004962 -0.009376
v -0.102511 0.015932 -0.002828
v -0.077457 -0.085670 -0.013544
v -0.082277 -0.090959 -0.031942
v -0.083212 -0.091986 -0.035511
v -0.063590 -0.106620 -0.035511
v -0.041490 -0.117145 -0.035511
v -0.064571 -0.108247 -0.036445
v -0.062873 -0.105431 -0.031942
v -0.017761 -0.123157 -0.035511
v -0.042135 -0.118932 -0.036445
v -0.041019 -0.115839 -0.031942
v -0.017554 -0.121784 -0.031942
v 0.006620 -0.123037 -0.031942
v 0.006684 -0.124423 -0.035511
v 0.006288 -0.115888 -0.013544
v 0.030907 -0.120897 -0.035511
v 0.006772 -0.126321 -0.036445
v 0.031364 -0.122741 -0.036445
v 0.007372 -0.139238 -0.042804
v 0.007476 -0.141472 -0.043904
v -0.019977 -0.137821 -0.042804
v -0.018045 -0.125035 -0.036445
v -0.046524 -0.131095 -0.042804
v -0.020311 -0.140032 -0.043904
v 0.035010 -0.137463 -0.043904
v 0.034472 -0.135292 -0.042804
v 0.061232 -0.128160 -0.043904
v 0.060281 -0.126136 -0.042804
v 0.085136 -0.113919 -0.043904
v 0.083809 -0.112120 -0.042804
v 0.105802 -0.095289 -0.043904
v 0.104149 -0.093783 -0.042805
v 0.094591 -0.085074 -0.036445
v 0.093187 -0.083794 -0.035511
v 0.076133 -0.101713 -0.036445
v 0.075006 -0.100184 -0.035511
v 0.054784 -0.114431 -0.036445
v 0.053977 -0.112712 -0.035511
v 0.053386 -0.111455 -0.031942
v 0.074182 -0.099067 -0.031942
v 0.092161 -0.082859 -0.031942
v 0.106633 -0.063455 -0.031942
v 0.086872 -0.078039 -0.013544
v 0.030573 -0.119549 -0.031942
v -0.034603 -0.098059 -0.002828
v -0.003959 0.104773 -0.002828
v 0.141234 -0.020893 -0.063922
v 0.142673 0.006894 -0.063922
v 0.142673 0.006894 -0.047853
v 0.138665 0.034427 -0.063922
v 0.138665 0.034427 -0.047853
v 0.129361 0.060650 -0.063922
v 0.129361 0.060650 -0.047853
v 0.115121 0.084554 -0.063922
v 0.115121 0.084554 -0.047853
v 0.096491 0.105220 -0.063922
v 0.096491 0.105220 -0.047853
v 0.074187 0.121854 -0.063922
v 0.074187 0.121854 -0.047853
v 0.049067 0.133818 -0.063922
v 0.049067 0.133818 -0.047853
v 0.022095 0.140651 -0.063922
v 0.022095 0.140651 -0.047853
v -0.005692 0.142091 -0.063922
v -0.005692 0.142091 -0.047853
v -0.033226 0.138082 -0.063922
v -0.033226 0.138082 -0.047853
v -0.059448 0.128779 -0.063922
v -0.059448 0.128779 -0.047853
v -0.083352 0.114539 -0.063922
v -0.083352 0.114539 -0.047853
v -0.104018 0.095909 -0.063922
v -0.104018 0.095909 -0.047853
v -0.083352 0.114539 -0.043904
v -0.082025 0.112739 -0.042804
v -0.059448 0.128779 -0.043904
v -0.058498 0.126755 -0.042804
v -0.033226 0.138082 -0.043904
v -0.032688 0.135912 -0.042804
v -0.005692 0.142091 -0.043904
v -0.005588 0.139857 -0.042804
v 0.022095 0.140651 -0.043904
v 0.021761 0.138440 -0.042804
v 0.049067 0.133818 -0.043904
v 0.074187 0.121854 -0.043904
v 0.048308 0.131715 -0.042804
v 0.073032 0.119939 -0.042804
v 0.066355 0.108866 -0.036445
v 0.094985 0.103567 -0.042804
v 0.096491 0.105220 -0.043904
v 0.115121 0.084554 -0.043904
v 0.113321 0.083226 -0.042804
v 0.129361 0.060650 -0.043904
v 0.138665 0.034427 -0.043904
v 0.127337 0.059699 -0.042805
v 0.136494 0.033890 -0.042805
v 0.142673 0.006894 -0.043904
v 0.140440 0.006790 -0.042805
v 0.127522 0.006190 -0.036445
v -0.029580 0.123360 -0.036445
v -0.053000 0.115051 -0.036445
v -0.074350 0.102332 -0.036445
v -0.000300 -0.068014 -0.002551
v -0.000300 -0.068014 0.026864
v -0.001090 -0.063818 -0.002551
v -0.002251 -0.071499 -0.002551
v -0.002251 -0.071499 0.026864
v -0.004564 -0.075085 -0.002551
v -0.004564 -0.075085 0.026864
v -0.008369 -0.076183 -0.002551
v -0.008369 -0.076183 0.026864
v -0.012580 -0.077070 -0.002551
v -0.012580 -0.077070 0.026864
v -0.016147 -0.075008 -0.002551
v -0.016147 -0.075008 0.026864
v -0.019651 -0.072806 -0.002551
v -0.019651 -0.072806 0.026864
v -0.020653 -0.069016 -0.002551
v -0.020653 -0.069016 0.026864
v -0.021636 -0.064790 -0.002551
v -0.021636 -0.064790 0.026864
v -0.019685 -0.061305 -0.002551
v -0.019685 -0.061305 0.026864
v -0.017372 -0.057719 -0.002551
v -0.017372 -0.057719 0.026864
v -0.013359 -0.056553 -0.002551
v -0.013359 -0.056553 0.026864
v -0.009356 -0.055734 -0.002551
v -0.009356 -0.055734 0.026864
v -0.005789 -0.057796 -0.002551
v -0.005789 -0.057796 0.026864
v -0.002285 -0.059998 -0.002551
v -0.002285 -0.059998 0.026864
v -0.001090 -0.063818 0.026864
v 0.078682 -0.012260 -0.002551
v 0.078682 -0.012260 0.026864
v 0.076731 -0.015745 -0.002551
v 0.077891 -0.008064 -0.002551
v 0.077891 -0.008064 0.026864
v 0.076697 -0.004244 -0.002551
v 0.076697 -0.004244 0.026864
v 0.073193 -0.002042 -0.002551
v 0.073193 -0.002042 0.026864
v 0.069625 0.000020 -0.002551
v 0.069625 0.000020 0.026864
v 0.065623 -0.000799 -0.002551
v 0.065622 -0.000799 0.026864
v 0.061610 -0.001965 -0.002551
v 0.061610 -0.001965 0.026864
v 0.059296 -0.005551 -0.002551
v 0.059296 -0.005551 0.026864
v 0.057345 -0.009036 -0.002551
v 0.057345 -0.009036 0.026864
v 0.058329 -0.013262 -0.002551
v 0.058329 -0.013262 0.026864
v 0.059330 -0.017052 -0.002551
v 0.059330 -0.017052 0.026864
v 0.062834 -0.019254 -0.002551
v 0.062834 -0.019254 0.026864
v 0.066402 -0.021316 -0.002551
v 0.066402 -0.021316 0.026864
v 0.070613 -0.020429 -0.002551
v 0.070613 -0.020429 0.026864
v 0.074417 -0.019331 -0.002551
v 0.074417 -0.019331 0.026864
v 0.076731 -0.015745 0.026864
v 0.021421 0.064898 -0.002551
v 0.021421 0.064898 0.026864
v 0.020631 0.069094 -0.002551
v 0.019471 0.061413 -0.002551
v 0.019471 0.061413 0.026864
v 0.017157 0.057827 -0.002551
v 0.017157 0.057827 0.026864
v 0.013352 0.056729 -0.002551
v 0.013352 0.056729 0.026864
v 0.009141 0.055842 -0.002551
v 0.009141 0.055842 0.026864
v 0.005574 0.057904 -0.002551
v 0.005574 0.057904 0.026864
v 0.002070 0.060106 -0.002551
v 0.002070 0.060106 0.026864
v 0.001069 0.063896 -0.002551
v 0.001069 0.063896 0.026864
v 0.000085 0.068122 -0.002551
v 0.000085 0.068122 0.026864
v 0.002036 0.071607 -0.002551
v 0.002036 0.071607 0.026864
v 0.004349 0.075193 -0.002551
v 0.004349 0.075193 0.026864
v 0.008362 0.076359 -0.002551
v 0.008362 0.076359 0.026864
v 0.012365 0.077178 -0.002551
v 0.012365 0.077178 0.026864
v 0.015932 0.075116 -0.002551
v 0.015932 0.075116 0.026864
v 0.019436 0.072914 -0.002551
v 0.019436 0.072914 0.026864
v 0.020631 0.069094 0.026864
v -0.056399 0.007328 -0.002551
v -0.056399 0.007328 0.026864
v -0.057189 0.011524 -0.002551
v -0.058350 0.003842 -0.002551
v -0.058350 0.003842 0.026864
v -0.060663 0.000256 -0.002551
v -0.060663 0.000256 0.026864
v -0.064468 -0.000842 -0.002551
v -0.064468 -0.000842 0.026864
v -0.068679 -0.001729 -0.002551
v -0.068679 -0.001729 0.026864
v -0.072246 0.000333 -0.002551
v -0.072246 0.000333 0.026864
v -0.075750 0.002536 -0.002551
v -0.075750 0.002536 0.026864
v -0.076752 0.006326 -0.002551
v -0.076752 0.006326 0.026864
v -0.077735 0.010551 -0.002551
v -0.077735 0.010551 0.026864
v -0.075784 0.014036 -0.002551
v -0.075784 0.014036 0.026864
v -0.073471 0.017623 -0.002551
v -0.073471 0.017623 0.026864
v -0.069458 0.018788 -0.002551
v -0.069458 0.018788 0.026864
v -0.065455 0.019607 -0.002551
v -0.065455 0.019607 0.026864
v -0.061888 0.017545 -0.002551
v -0.061888 0.017545 0.026864
v -0.058384 0.015343 -0.002551
v -0.058384 0.015343 0.026864
v -0.057189 0.011524 0.026864
v 0.021348 0.065062 0.023321
v 0.016934 0.069491 0.031735
v 0.015823 0.062135 0.031735
v 0.017162 0.058119 0.023321
v 0.019399 0.072933 0.023321
v 0.013146 0.072943 0.031735
v 0.012456 0.077119 0.023321
v 0.008027 0.072705 0.031735
v 0.004586 0.075170 0.023321
v 0.004576 0.068917 0.031735
v 0.000399 0.068227 0.023321
v 0.004186 0.066334 0.031735
v 0.002348 0.060357 0.023321
v 0.006364 0.061696 0.031735
v 0.009291 0.056170 0.023321
v 0.011184 0.059957 0.031735
v -0.000453 -0.067965 0.023321
v -0.004868 -0.063536 0.031735
v -0.005979 -0.070892 0.031735
v -0.004640 -0.074908 0.023321
v -0.002402 -0.060095 0.023321
v -0.008655 -0.060085 0.031735
v -0.009345 -0.055908 0.023321
v -0.013774 -0.060322 0.031735
v -0.017215 -0.057857 0.023321
v -0.017226 -0.064110 0.031735
v -0.021402 -0.064800 0.023321
v -0.017616 -0.066693 0.031735
v -0.019453 -0.072670 0.023321
v -0.015438 -0.071331 0.031735
v -0.012510 -0.076857 0.023321
v -0.010617 -0.073071 0.031735
v -0.056381 0.007367 0.023321
v -0.060795 0.011796 0.031735
v -0.061906 0.004440 0.031735
v -0.060568 0.000424 0.023321
v -0.058330 0.015237 0.023321
v -0.064583 0.015248 0.031735
v -0.065273 0.019424 0.023321
v -0.069702 0.015010 0.031735
v -0.073143 0.017475 0.023321
v -0.073153 0.011222 0.031735
v -0.077330 0.010532 0.023321
v -0.073544 0.008639 0.031735
v -0.075381 0.002662 0.023321
v -0.071365 0.004001 0.031735
v -0.068438 -0.001525 0.023321
v -0.066545 0.002261 0.031735
v 0.078690 -0.012187 0.023321
v 0.074276 -0.007758 0.031735
v 0.073165 -0.015115 0.031735
v 0.074503 -0.019130 0.023321
v 0.076741 -0.004317 0.023321
v 0.070488 -0.004307 0.031735
v 0.069798 -0.000130 0.023321
v 0.065369 -0.004545 0.031735
v 0.061928 -0.002079 0.023321
v 0.061918 -0.008332 0.031735
v 0.057741 -0.009022 0.023321
v 0.061527 -0.010915 0.031735
v 0.059690 -0.016892 0.023321
v 0.063706 -0.015554 0.031735
v 0.066633 -0.021079 0.023321
v 0.068526 -0.017293 0.031735
v 0.149500 -0.053945 0.030306
v 0.146528 -0.052873 0.016654
v 0.136103 -0.082075 0.030306
v 0.157151 -0.023743 0.030306
v 0.173687 -0.062673 0.040967
v 0.158123 -0.095353 0.040967
v 0.182576 -0.027584 0.040967
v 0.184449 0.008565 0.040967
v 0.158763 0.007372 0.030306
v 0.179234 0.044385 0.040967
v 0.154274 0.038204 0.030306
v 0.168464 0.074743 0.040967
v 0.145004 0.064334 0.030306
v 0.167131 0.078499 0.040967
v 0.143857 0.067567 0.030306
v 0.148605 0.109596 0.040967
v 0.127911 0.094334 0.030306
v 0.124369 0.136482 0.040967
v 0.107049 0.117476 0.030306
v 0.120751 0.139180 0.040967
v 0.103935 0.119798 0.030306
v 0.095352 0.158122 0.040967
v 0.082074 0.136103 0.030306
v 0.062672 0.173686 0.040967
v 0.053945 0.149500 0.030306
v 0.027583 0.182576 0.040967
v 0.023742 0.157151 0.030306
v -0.008566 0.184449 0.040967
v -0.007373 0.158763 0.030306
v -0.044385 0.179234 0.040966
v -0.038204 0.154274 0.030306
v -0.074733 0.168467 0.040966
v -0.064326 0.145007 0.030306
v -0.078499 0.167131 0.040966
v -0.067568 0.143857 0.030306
v -0.109597 0.148605 0.040966
v -0.094335 0.127911 0.030306
v -0.136482 0.124368 0.040966
v -0.117476 0.107049 0.030306
v -0.138581 0.121555 0.040966
v -0.119283 0.104627 0.030306
v -0.158123 0.095352 0.040966
v -0.136103 0.082074 0.030306
v -0.173687 0.062672 0.040966
v -0.149500 0.053944 0.030306
v -0.182577 0.027583 0.040966
v -0.157152 0.023742 0.030306
v -0.184450 -0.008566 0.040966
v -0.158764 -0.007373 0.030306
v -0.179235 -0.044386 0.040966
v -0.154275 -0.038205 0.030306
v -0.168183 -0.075536 0.040966
v -0.144762 -0.065017 0.030306
v -0.167132 -0.078500 0.040966
v -0.143857 -0.067568 0.030306
v -0.148606 -0.109597 0.040966
v -0.127911 -0.094335 0.030306
v -0.124369 -0.136483 0.040966
v -0.107050 -0.117477 0.030306
v -0.121557 -0.138580 0.040966
v -0.104629 -0.119282 0.030306
v -0.095353 -0.158123 0.040966
v -0.082075 -0.136104 0.030306
v -0.062673 -0.173688 0.040967
v -0.053945 -0.149500 0.030306
v -0.027584 -0.182577 0.040967
v -0.023743 -0.157152 0.030306
v 0.008565 -0.184450 0.040967
v 0.007372 -0.158764 0.030306
v 0.044385 -0.179235 0.040967
v 0.038204 -0.154275 0.030306
v 0.074503 -0.168549 0.040967
v 0.064128 -0.145078 0.030306
v 0.078499 -0.167132 0.040967
v 0.067568 -0.143858 0.030306
v 0.109596 -0.148606 0.040967
v 0.094334 -0.127912 0.030306
v 0.136482 -0.124369 0.040967
v 0.117476 -0.107050 0.030306
v 0.139505 -0.120316 0.040967
v 0.120078 -0.103562 0.030306
v 0.117690 -0.101503 0.016654
v 0.115141 -0.104922 0.016654
v 0.101077 -0.087174 0.003739
v 0.133397 -0.080443 0.016654
v 0.114566 -0.069087 0.003739
v 0.125843 -0.045409 0.003739
v 0.110765 -0.066468 -0.012445
v 0.121492 -0.043451 -0.012248
v 0.105594 -0.063432 -0.000155
v 0.097557 -0.083873 -0.012276
v 0.095413 -0.086698 -0.012248
v 0.093013 -0.080084 -0.000094
v 0.088470 -0.076294 0.012088
v 0.090971 -0.082787 -0.000084
v 0.086529 -0.078875 0.012081
v 0.081747 -0.082267 0.005770
v 0.078990 -0.085166 0.003116
v 0.081192 -0.081225 0.008624
v 0.078164 -0.080370 0.009899
v 0.079251 -0.072311 0.017294
v 0.073061 -0.081351 0.010524
v 0.064559 -0.087215 0.010776
v 0.071973 -0.065747 0.022507
v 0.068669 -0.062575 0.033201
v 0.073571 -0.063579 0.022529
v 0.057964 -0.078375 0.022507
v 0.055142 -0.074769 0.033201
v 0.041761 -0.088028 0.022507
v 0.039496 -0.084090 0.033201
v 0.056469 -0.093606 0.010509
v 0.045986 -0.096845 0.017294
v 0.039628 -0.088772 0.022526
v 0.037485 -0.084804 0.033201
v 0.023545 -0.094375 0.022667
v 0.043644 -0.097674 0.017306
v 0.025997 -0.103926 0.017401
v 0.047661 -0.106576 0.012087
v 0.050169 -0.111875 -0.000092
v 0.028449 -0.113477 0.012134
v 0.050210 -0.105661 0.012081
v 0.054089 -0.101242 0.008600
v 0.052841 -0.110908 -0.000084
v 0.055034 -0.101997 0.005746
v 0.055471 -0.116155 -0.012249
v 0.076893 -0.103394 -0.012249
v 0.056876 -0.121094 0.003739
v 0.058714 -0.100141 0.003098
v 0.052677 -0.117173 -0.012272
v 0.053980 -0.122121 0.003739
v 0.031612 -0.124843 -0.012445
v 0.032159 -0.129863 0.003739
v 0.006450 -0.128295 -0.012249
v 0.030031 -0.119160 -0.000155
v 0.006004 -0.122507 -0.000084
v 0.005557 -0.116719 0.012081
v -0.000182 -0.115673 0.005777
v -0.004147 -0.115748 0.003124
v 0.000129 -0.114571 0.008627
v -0.001431 -0.111840 0.009900
v 0.005016 -0.106990 0.017294
v -0.005744 -0.108935 0.010524
v -0.006673 -0.108765 0.010547
v 0.004476 -0.097262 0.022507
v 0.004309 -0.092804 0.033201
v 0.002753 -0.097172 0.022507
v 0.002646 -0.092718 0.033201
v -0.014359 -0.096286 0.022507
v -0.013879 -0.091861 0.033201
v -0.030970 -0.092077 0.022507
v -0.015902 -0.107076 0.010773
v -0.025198 -0.105984 0.010528
v -0.026134 -0.105874 0.010504
v -0.031017 -0.107400 0.009870
v -0.032642 -0.091654 0.022507
v -0.031533 -0.087389 0.033200
v -0.050012 -0.083262 0.022667
v -0.035853 -0.100816 0.017294
v -0.054996 -0.091690 0.017401
v -0.039065 -0.109977 0.012081
v -0.033173 -0.109573 0.008593
v -0.040843 -0.115429 -0.000084
v -0.059979 -0.100118 0.012134
v -0.062807 -0.105134 -0.000155
v -0.076667 -0.087569 0.012086
v -0.080287 -0.091929 -0.000091
v -0.078458 -0.086222 0.012081
v -0.070349 -0.080248 0.017304
v -0.064031 -0.072927 0.022522
v -0.071997 -0.079020 0.017294
v -0.065536 -0.071818 0.022507
v -0.079936 -0.077831 0.009895
v -0.080764 -0.080839 0.008620
v -0.080927 -0.072743 0.010522
v -0.086794 -0.064250 0.010774
v -0.078164 -0.057809 0.022507
v -0.093176 -0.056159 0.010507
v -0.097708 -0.053769 0.009873
v -0.087817 -0.041607 0.022507
v -0.084090 -0.039496 0.033200
v -0.096530 -0.045755 0.017294
v -0.088368 -0.040024 0.022521
v -0.084619 -0.038005 0.033200
v -0.094167 -0.023392 0.022667
v -0.097146 -0.044018 0.017303
v -0.103614 -0.025767 0.017401
v -0.105923 -0.048012 0.012085
v -0.111001 -0.050400 -0.000090
v -0.113060 -0.028143 0.012134
v -0.105244 -0.049903 0.012081
v -0.100768 -0.053754 0.008596
v -0.110284 -0.052382 -0.000084
v -0.101471 -0.054661 0.005748
v -0.115325 -0.054860 -0.012249
v -0.102564 -0.076282 -0.012249
v -0.121094 -0.056876 0.003739
v -0.099572 -0.058301 0.003103
v -0.116080 -0.052787 -0.012266
v -0.121855 -0.054729 0.003739
v -0.124010 -0.030998 -0.012445
v -0.129863 -0.032159 0.003739
v -0.127465 -0.005839 -0.012249
v -0.118535 -0.029571 -0.000155
v -0.121883 -0.005545 -0.000084
v -0.116301 -0.005250 0.012081
v -0.115155 0.000642 0.005767
v -0.115171 0.004672 0.003123
v -0.114116 0.000240 0.008607
v -0.111424 0.001733 0.009877
v -0.106676 -0.004785 0.017294
v -0.108535 0.005985 0.010504
v -0.108401 0.006718 0.010523
v -0.097050 -0.004321 0.022507
v -0.092804 -0.004310 0.033200
v -0.096980 -0.002958 0.022507
v -0.092735 -0.002994 0.033200
v -0.096074 0.014514 0.022507
v -0.091861 0.013878 0.033200
v -0.106681 0.016117 0.010761
v -0.091764 0.031527 0.022507
v -0.087699 0.030305 0.033200
v -0.091443 0.032797 0.022507
v -0.105544 0.025634 0.010522
v -0.105459 0.026344 0.010504
v -0.106963 0.031260 0.009877
v -0.100501 0.036084 0.017294
v -0.109094 0.033481 0.008607
v -0.110205 0.033404 0.005767
v -0.109560 0.039372 0.012081
v -0.114806 0.041302 -0.000084
v -0.099701 0.060285 0.012134
v -0.104509 0.063267 -0.000155
v -0.091377 0.055225 0.017401
v -0.087152 0.076973 0.012086
v -0.091306 0.080745 -0.000091
v -0.085805 0.078765 0.012081
v -0.079934 0.070579 0.017304
v -0.072717 0.064185 0.022522
v -0.078706 0.072228 0.017294
v -0.071606 0.065691 0.022507
v -0.077455 0.080243 0.009870
v -0.080380 0.081130 0.008596
v -0.072424 0.081185 0.010501
v -0.063944 0.087028 0.010767
v -0.055834 0.093402 0.010516
v -0.057598 0.078319 0.022507
v -0.055142 0.074768 0.033200
v -0.041395 0.087972 0.022507
v -0.039496 0.084089 0.033200
v -0.045440 0.096761 0.017294
v -0.039384 0.088673 0.022524
v -0.037601 0.084762 0.033200
v -0.023183 0.094320 0.022667
v -0.043234 0.097543 0.017306
v -0.025455 0.103843 0.017401
v -0.047083 0.106413 0.012087
v -0.049239 0.111654 -0.000092
v -0.027726 0.113367 0.012134
v -0.049485 0.105551 0.012081
v -0.053290 0.101081 0.008620
v -0.051758 0.110744 -0.000084
v -0.054082 0.101866 0.005776
v -0.054031 0.115937 -0.012249
v -0.075452 0.103175 -0.012249
v -0.056876 0.121093 0.003739
v -0.057620 0.100046 0.003127
v -0.051396 0.116895 -0.012270
v -0.054147 0.122061 0.003739
v -0.030165 0.124623 -0.012445
v -0.032159 0.129862 0.003739
v -0.005009 0.128076 -0.012249
v -0.028946 0.118995 -0.000155
v -0.004921 0.122342 -0.000084
v -0.004833 0.116608 0.012081
v 0.001231 0.115537 0.005757
v 0.005342 0.115574 0.003117
v 0.000724 0.114474 0.008592
v 0.002144 0.111775 0.009858
v -0.004471 0.106907 0.017294
v 0.006335 0.108880 0.010483
v 0.007132 0.108734 0.010504
v -0.004109 0.097205 0.022507
v -0.004310 0.092803 0.033200
v -0.002625 0.097128 0.022507
v -0.002876 0.092729 0.033200
v 0.014726 0.096229 0.022507
v 0.013878 0.091860 0.033201
v 0.016444 0.107019 0.010748
v 0.030895 0.092133 0.022507
v 0.029492 0.087905 0.033201
v 0.033008 0.091597 0.022507
v 0.025491 0.105930 0.010532
v 0.026673 0.105788 0.010504
v 0.031628 0.107291 0.009888
v 0.036399 0.100732 0.017294
v 0.033922 0.109425 0.008626
v 0.033948 0.110562 0.005790
v 0.039789 0.109867 0.012081
v 0.041926 0.115264 -0.000084
v 0.060702 0.100007 0.012134
v 0.063892 0.104969 -0.000155
v 0.055538 0.091607 0.017401
v 0.076878 0.087844 0.012087
v 0.070422 0.080516 0.017307
v 0.079182 0.086112 0.012081
v 0.081561 0.080775 0.008600
v 0.072542 0.078936 0.017294
v 0.083246 0.090347 -0.000084
v 0.082691 0.081220 0.005735
v 0.087309 0.094583 -0.012249
v 0.080833 0.092170 -0.000093
v 0.084787 0.096497 -0.012273
v 0.087489 0.100841 0.003739
v 0.067081 0.109931 -0.012445
v 0.044062 0.120662 -0.012249
v 0.069087 0.114566 0.003739
v 0.045408 0.125843 0.003739
v 0.080442 0.133397 0.016654
v 0.052872 0.146527 0.016654
v 0.101869 0.117416 0.016654
v 0.104921 0.115140 0.016654
v 0.125368 0.092459 0.016654
v 0.090110 0.098886 0.003739
v 0.107670 0.079407 0.003739
v 0.121093 0.056875 0.003739
v 0.104005 0.076063 -0.012249
v 0.116766 0.054642 -0.012248
v 0.093567 0.068465 0.002539
v 0.085677 0.078349 0.003083
v 0.100647 0.058022 0.003101
v 0.102430 0.054417 0.005759
v 0.111367 0.052217 -0.000084
v 0.101586 0.053583 0.008625
v 0.105968 0.049792 0.012081
v 0.098431 0.053655 0.009909
v 0.097076 0.045671 0.017294
v 0.093833 0.056114 0.010540
v 0.088183 0.041550 0.022507
v 0.087425 0.064238 0.010797
v 0.078530 0.057753 0.022507
v 0.081579 0.072753 0.010526
v 0.065902 0.071761 0.022507
v 0.080635 0.077820 0.009887
v 0.062574 0.068669 0.033201
v 0.063966 0.073189 0.022527
v 0.060754 0.070026 0.033201
v 0.050373 0.083207 0.022667
v 0.047975 0.079557 0.033201
v 0.031532 0.087388 0.033201
v 0.043460 0.072070 0.025000
v 0.028565 0.079164 0.024230
v 0.042546 0.070554 0.025055
v 0.055037 0.063436 0.031097
v 0.056686 0.062206 0.031966
v 0.053879 0.062102 0.027388
v 0.033932 0.039110 0.025256
v 0.055493 0.060898 0.032078
v 0.034949 0.038352 0.025149
v 0.066307 0.048901 0.032078
v 0.041759 0.030797 0.025149
v 0.074574 0.035026 0.032078
v 0.067732 0.049952 0.031966
v 0.074769 0.055142 0.033201
v 0.076176 0.035778 0.031966
v 0.084090 0.039495 0.033201
v 0.076784 0.034067 0.031199
v 0.084760 0.037605 0.033201
v 0.081693 0.020230 0.025000
v 0.075168 0.033350 0.027490
v 0.047340 0.021003 0.025243
v 0.079974 0.019804 0.025055
v 0.050366 0.012472 0.026007
v 0.082301 0.003821 0.024342
v 0.084070 0.003903 0.024230
v 0.051832 0.002406 0.026274
v 0.051790 0.001600 0.026274
v 0.050263 0.002334 0.026373
v 0.041315 0.001918 0.026940
v 0.048842 0.012095 0.026057
v 0.050223 0.001552 0.026373
v 0.049753 -0.007517 0.026373
v 0.040896 -0.006179 0.026940
v 0.051305 -0.007752 0.026274
v 0.047606 -0.015990 0.028312
v 0.039131 -0.013143 0.026940
v 0.047331 -0.017079 0.028561
v 0.049092 -0.016489 0.028122
v 0.048807 -0.017612 0.028360
v 0.077951 -0.026181 0.024444
v 0.077499 -0.027965 0.024457
v 0.079626 -0.026744 0.024230
v 0.081465 -0.012308 0.024342
v 0.082235 0.002541 0.024342
v 0.083216 -0.012573 0.024230
v 0.084002 0.002596 0.024230
v 0.091861 -0.013879 0.033201
v 0.092728 0.002866 0.033201
v 0.096441 -0.014571 0.022507
v 0.087897 -0.029522 0.033201
v 0.092336 -0.030771 0.022507
v 0.087388 -0.031533 0.033201
v 0.091809 -0.032853 0.022507
v 0.079557 -0.047976 0.033201
v 0.079164 -0.028566 0.024230
v 0.072070 -0.043461 0.025000
v 0.070554 -0.042547 0.024941
v 0.063584 -0.054839 0.030993
v 0.070190 -0.060536 0.033201
v 0.062207 -0.056686 0.031966
v 0.062247 -0.053685 0.027267
v 0.039202 -0.033810 0.024977
v 0.060898 -0.055494 0.032078
v 0.038352 -0.034949 0.025149
v 0.048902 -0.066308 0.032078
v 0.030797 -0.041760 0.025149
v 0.035026 -0.074574 0.032078
v 0.049953 -0.067733 0.031966
v 0.035779 -0.076177 0.031966
v 0.033957 -0.076823 0.031150
v 0.020230 -0.081693 0.025000
v 0.033243 -0.075207 0.027441
v 0.020936 -0.047364 0.025249
v 0.019804 -0.079975 0.025055
v 0.012472 -0.050367 0.026007
v 0.003822 -0.082302 0.024342
v 0.002407 -0.051833 0.026274
v 0.002346 -0.082225 0.024342
v 0.003904 -0.084070 0.024230
v 0.002397 -0.083992 0.024230
v -0.012572 -0.083217 0.024230
v -0.027103 -0.079535 0.024230
v -0.012308 -0.081466 0.024342
v -0.007752 -0.051306 0.026274
v -0.026533 -0.077862 0.024342
v -0.016710 -0.049037 0.026274
v -0.027965 -0.077500 0.024342
v -0.017612 -0.048808 0.026274
v -0.042547 -0.070555 0.025055
v -0.028566 -0.079165 0.024230
v -0.043461 -0.072071 0.025000
v -0.047976 -0.079558 0.033200
v -0.055404 -0.063164 0.031291
v -0.061160 -0.069725 0.033200
v -0.056686 -0.062208 0.031966
v -0.054239 -0.061835 0.027583
v -0.034159 -0.038943 0.025232
v -0.055494 -0.060899 0.032078
v -0.034949 -0.038353 0.025149
v -0.066308 -0.048902 0.032078
v -0.041760 -0.030798 0.025149
v -0.074574 -0.035027 0.032078
v -0.067733 -0.049953 0.031966
v -0.074769 -0.055143 0.033200
v -0.076177 -0.035780 0.031966
v -0.076656 -0.034429 0.031360
v -0.081693 -0.020231 0.025000
v -0.075043 -0.033704 0.027653
v -0.047261 -0.021227 0.025223
v -0.079975 -0.019805 0.025055
v -0.050367 -0.012473 0.026007
v -0.082302 -0.003822 0.024342
v -0.084070 -0.003905 0.024230
v -0.051832 -0.002407 0.026274
v -0.050264 -0.002335 0.026373
v -0.051794 -0.001673 0.026274
v -0.082241 -0.002655 0.024342
v -0.050227 -0.001622 0.026373
v -0.041286 -0.001333 0.026940
v -0.049754 0.007516 0.026373
v -0.040896 0.006178 0.026940
v -0.051306 0.007751 0.026274
v -0.047499 0.016414 0.026373
v -0.039044 0.013492 0.026940
v -0.047331 0.017078 0.026373
v -0.048982 0.016926 0.026274
v -0.048808 0.017611 0.026274
v -0.077775 0.026876 0.024342
v -0.081466 0.012307 0.024342
v -0.083216 0.012572 0.024230
v -0.084008 -0.002713 0.024230
v -0.079446 0.027453 0.024230
v -0.079165 0.028565 0.024230
v -0.087389 0.031532 0.033200
v -0.072071 0.043460 0.025000
v -0.077499 0.027964 0.024342
v -0.070555 0.042546 0.025055
v -0.044434 0.026795 0.026007
v -0.061835 0.054237 0.027583
v -0.038943 0.034158 0.025232
v -0.060899 0.055493 0.032078
v -0.063164 0.055403 0.031290
v -0.069725 0.061158 0.033200
v -0.062207 0.056685 0.031966
v -0.068669 0.062574 0.033200
v -0.049953 0.067732 0.031966
v -0.035779 0.076176 0.031966
v -0.048902 0.066307 0.032078
v -0.030798 0.041759 0.025149
v -0.035027 0.074573 0.032078
v -0.022059 0.046965 0.025149
v -0.033346 0.075170 0.027488
v -0.021001 0.047340 0.025244
v -0.019805 0.079974 0.025055
v -0.034063 0.076785 0.031197
v -0.020231 0.081692 0.025000
v -0.022332 0.090179 0.033200
v -0.003904 0.084069 0.024230
v -0.002606 0.084002 0.024230
v -0.003822 0.082301 0.024342
v -0.002407 0.051832 0.026274
v -0.001607 0.051790 0.026274
v -0.002334 0.050263 0.026373
v -0.012473 0.050366 0.026007
v -0.012096 0.048842 0.026057
v -0.009942 0.040147 0.026940
v -0.020366 0.045908 0.025337
v -0.016740 0.037735 0.026940
v -0.021392 0.045544 0.025248
v -0.017584 0.037436 0.026940
v -0.029866 0.040495 0.025248
v -0.024549 0.033286 0.026940
v -0.037193 0.033891 0.025248
v -0.030572 0.027857 0.026940
v -0.037764 0.033124 0.025326
v -0.038353 0.034948 0.025149
v -0.031042 0.027227 0.026940
v -0.043090 0.025984 0.026057
v -0.035419 0.021358 0.026940
v -0.038905 0.014038 0.026940
v -0.029443 0.017754 0.045859
v -0.032341 0.011669 0.045859
v -0.023987 0.014464 0.055988
v -0.025804 0.022633 0.045859
v -0.025413 0.023157 0.045859
v -0.021022 0.018439 0.055988
v -0.020704 0.018866 0.055988
v -0.016626 0.022542 0.055988
v 0.000000 -0.000001 0.055988
v 0.027696 -0.004185 0.055988
v 0.026347 -0.009508 0.055988
v 0.023986 -0.014465 0.055988
v 0.020703 -0.018866 0.055988
v 0.016625 -0.022543 0.055988
v 0.011908 -0.025353 0.055988
v 0.006733 -0.027189 0.055988
v 0.001299 -0.027981 0.055988
v -0.004185 -0.027696 0.055988
v -0.009507 -0.026348 0.055988
v -0.014465 -0.023987 0.055988
v -0.018866 -0.020704 0.055988
v -0.022543 -0.016626 0.055988
v -0.025353 -0.011908 0.055988
v -0.027189 -0.006733 0.055988
v -0.027980 -0.001300 0.055988
v -0.027696 0.004184 0.055988
v -0.026348 0.009507 0.055988
v -0.011908 0.025352 0.055988
v -0.006733 0.027188 0.055988
v -0.001300 0.027980 0.055988
v 0.004184 0.027695 0.055988
v 0.009507 0.026347 0.055988
v 0.014464 0.023986 0.055988
v 0.018866 0.020703 0.055988
v 0.022542 0.016625 0.055988
v 0.025353 0.011907 0.055988
v 0.027189 0.006732 0.055988
v 0.027980 0.001299 0.055988
v 0.034344 0.001594 0.045859
v 0.027957 0.000864 0.055988
v 0.034317 0.001060 0.045859
v 0.041282 0.001275 0.026940
v 0.033996 -0.005137 0.045859
v 0.032529 -0.010926 0.045859
v 0.032340 -0.011670 0.045859
v 0.026501 -0.008901 0.055988
v 0.038905 -0.014039 0.026940
v 0.029442 -0.017755 0.045859
v 0.035418 -0.021359 0.026940
v 0.025976 -0.022403 0.045859
v 0.031248 -0.026951 0.026940
v 0.025413 -0.023158 0.045859
v 0.030571 -0.027858 0.026940
v 0.020407 -0.027671 0.045859
v 0.024549 -0.033287 0.026940
v 0.014616 -0.031120 0.045859
v 0.017583 -0.037437 0.026940
v 0.013872 -0.031384 0.045859
v 0.016688 -0.037755 0.026940
v 0.008264 -0.033374 0.045859
v 0.011301 -0.025568 0.055988
v 0.009942 -0.040148 0.026940
v 0.001595 -0.034345 0.045859
v 0.001918 -0.041316 0.026940
v 0.000979 -0.034313 0.045859
v 0.001178 -0.041278 0.026940
v -0.005136 -0.033996 0.045859
v -0.006179 -0.040897 0.026940
v -0.011073 -0.032493 0.045859
v -0.013320 -0.039087 0.026940
v -0.011670 -0.032341 0.045859
v -0.009021 -0.026471 0.055988
v -0.014039 -0.038905 0.026940
v -0.017755 -0.029443 0.045859
v -0.021359 -0.035419 0.026940
v -0.022634 -0.025804 0.045859
v -0.027228 -0.031042 0.026940
v -0.023158 -0.025414 0.045859
v -0.018440 -0.021022 0.055988
v -0.027858 -0.030572 0.026940
v -0.027671 -0.020408 0.045859
v -0.033287 -0.024549 0.026940
v -0.031120 -0.014617 0.045859
v -0.037437 -0.017584 0.026940
v -0.031316 -0.014065 0.045859
v -0.037672 -0.016920 0.026940
v -0.033374 -0.008265 0.045859
v -0.025513 -0.011459 0.055988
v -0.040148 -0.009942 0.026940
v -0.034345 -0.001595 0.045859
v -0.041316 -0.001919 0.026940
v -0.034320 -0.001108 0.045859
v -0.033996 0.005136 0.045859
v -0.027960 -0.000903 0.055988
v -0.032456 0.011215 0.045859
v -0.026441 0.009137 0.055988
v -0.048843 -0.012096 0.026057
v -0.045831 -0.020584 0.025318
v -0.045545 -0.021392 0.025248
v -0.040496 -0.029866 0.025248
v -0.046966 -0.022059 0.025149
v -0.033892 -0.037193 0.025248
v -0.033125 -0.037764 0.025326
v -0.025985 -0.043090 0.026057
v -0.017079 -0.047331 0.026373
v -0.026795 -0.044434 0.026007
v -0.016205 -0.047553 0.026373
v -0.007517 -0.049754 0.026373
v 0.001433 -0.050217 0.026373
v 0.001478 -0.051784 0.026274
v 0.002334 -0.050264 0.026373
v 0.012095 -0.048843 0.026057
v 0.020302 -0.045931 0.025343
v 0.021391 -0.045545 0.025248
v 0.029866 -0.040496 0.025248
v 0.022059 -0.046966 0.025149
v 0.037192 -0.033892 0.025248
v 0.038016 -0.032787 0.025055
v 0.043089 -0.025985 0.023868
v 0.044434 -0.026796 0.023921
v 0.033373 0.008264 0.045859
v 0.031368 0.013917 0.045859
v 0.040147 0.009942 0.026940
v 0.037735 0.016741 0.026940
v 0.045907 0.020367 0.025337
v 0.037436 0.017583 0.026940
v 0.033286 0.024548 0.026940
v 0.045544 0.021391 0.025248
v 0.031120 0.014616 0.045859
v 0.027670 0.020407 0.045859
v 0.023157 0.025413 0.045859
v 0.022484 0.025915 0.045859
v 0.027858 0.030571 0.026940
v 0.027047 0.031175 0.026940
v 0.033891 0.037192 0.025248
v 0.032905 0.037927 0.025349
v 0.040496 0.029865 0.025248
v 0.025984 0.043089 0.026057
v 0.021358 0.035418 0.026940
v 0.017078 0.047330 0.026373
v 0.026795 0.044434 0.026007
v 0.017611 0.048807 0.026274
v 0.016471 0.049096 0.026274
v 0.027964 0.077499 0.024342
v 0.026154 0.077957 0.024342
v 0.026716 0.079632 0.024230
v 0.012307 0.081465 0.024342
v 0.007751 0.051305 0.026274
v -0.002551 0.082235 0.024342
v 0.012572 0.083216 0.024230
v 0.007516 0.049753 0.026373
v 0.006178 0.040896 0.026940
v -0.001558 0.050223 0.026373
v 0.015973 0.047610 0.026373
v 0.013129 0.039135 0.026940
v 0.014038 0.038904 0.026940
v 0.010914 0.032532 0.045859
v 0.011669 0.032340 0.045859
v 0.005136 0.033995 0.045859
v -0.001065 0.034317 0.045859
v -0.001281 0.041282 0.026940
v -0.000867 0.027957 0.055988
v -0.001595 0.034344 0.045859
v -0.008265 0.033373 0.045859
v -0.001919 0.041315 0.026940
v -0.013916 0.031368 0.045859
v -0.011337 0.025555 0.055988
v -0.014617 0.031120 0.045859
v -0.020407 0.027670 0.045859
v 0.017754 0.029442 0.045859
v 0.018317 0.021112 0.055988
v 0.046965 0.022059 0.025149
v 0.025555 0.011338 0.055988
v 0.008891 0.026503 0.055988
v 0.000797 -0.027955 0.055988
v 0.021162 -0.018252 0.055988
v -0.079558 0.047975 0.033200
v -0.083054 0.050165 0.022667
v -0.090180 -0.022332 0.033200
v -0.062575 -0.068670 0.033200
v 0.022332 -0.090180 0.033201
v 0.083415 -0.050221 0.022667
v 0.091919 -0.055308 0.017401
v 0.101047 -0.036168 0.017294
v 0.100424 -0.060396 0.012134
v 0.081020 -0.069936 0.017309
v 0.110284 -0.039482 0.012081
v 0.115888 -0.041467 -0.000084
v 0.109906 -0.033598 0.008612
v 0.111103 -0.033534 0.005771
v 0.107735 -0.031371 0.009877
v 0.106209 -0.026455 0.010498
v 0.106347 -0.025291 0.010527
v 0.107422 -0.016230 0.010753
v 0.109136 -0.006906 0.010518
v 0.097339 0.002770 0.022507
v 0.109283 -0.006102 0.010498
v 0.097417 0.004264 0.022507
v 0.112194 -0.001857 0.009877
v 0.107221 0.004702 0.017294
v 0.114926 -0.000370 0.008612
v 0.117026 0.005139 0.012081
v 0.116050 -0.000785 0.005771
v 0.122966 0.005380 -0.000084
v 0.116145 -0.004824 0.003124
v 0.128906 0.005620 -0.012248
v 0.114752 -0.017337 0.002585
v 0.127615 -0.019281 -0.012248
v 0.112386 -0.029703 0.003124
v 0.132284 -0.019986 0.003739
v 0.154027 -0.023271 0.016654
v 0.133641 0.006206 0.003739
v 0.129862 0.032158 0.003739
v 0.155607 0.007226 0.016654
v 0.151207 0.037444 0.016654
v 0.142121 0.063055 0.016654
v 0.122059 0.054154 0.003739
v 0.140997 0.066224 0.016654
v 0.117723 0.052014 -0.012270
v 0.125456 0.030779 -0.012445
v 0.112276 0.049705 -0.000092
v 0.106829 0.047396 0.012087
v 0.119620 0.029406 -0.000155
v 0.113783 0.028032 0.012134
v 0.104156 0.025684 0.017401
v 0.094528 0.023336 0.022667
v 0.097855 0.043471 0.017306
v 0.088882 0.039545 0.022524
v 0.090179 0.022331 0.033201
v 0.092803 0.004309 0.033201
v 0.023270 0.154027 0.016654
v -0.007226 0.155607 0.016654
v 0.019985 0.132283 0.003739
v -0.006206 0.133641 0.003739
v 0.019892 0.126786 -0.012249
v 0.017867 0.114159 0.002594
v 0.030204 0.111793 0.003143
v -0.037445 0.151207 0.016654
v -0.063047 0.142124 0.016654
v -0.066225 0.140997 0.016654
v -0.092459 0.125368 0.016654
v -0.115141 0.104921 0.016654
v -0.079407 0.107670 0.003739
v -0.098887 0.090110 0.003739
v -0.100408 0.088071 0.003739
v -0.093972 0.086480 -0.012249
v -0.095460 0.084518 -0.012268
v -0.077896 0.085113 0.003108
v -0.089888 0.082622 -0.000084
v -0.080783 0.082203 0.005751
v -0.068030 0.092974 0.002576
v -0.109318 0.066248 -0.012445
v -0.120051 0.043233 -0.012249
v -0.114567 0.069086 0.003739
v -0.125843 0.045408 0.003739
v -0.133398 0.080442 0.016654
v -0.146528 0.052872 0.016654
v -0.116911 0.102547 0.016654
v -0.154027 0.023270 0.016654
v -0.155608 -0.007227 0.016654
v -0.132284 0.019985 0.003739
v -0.133641 -0.006207 0.003739
v -0.126175 0.019062 -0.012249
v -0.113762 0.017187 0.002583
v -0.111411 0.029558 0.003123
v -0.151208 -0.037445 0.016654
v -0.141885 -0.063725 0.016654
v -0.140997 -0.066225 0.016654
v -0.125369 -0.092460 0.016654
v -0.104922 -0.115141 0.016654
v -0.107671 -0.079408 0.003739
v -0.090110 -0.098887 0.003739
v -0.088073 -0.100407 0.003739
v -0.085869 -0.094802 -0.012249
v -0.083907 -0.096289 -0.012268
v -0.084603 -0.078568 0.003121
v -0.082163 -0.090512 -0.000084
v -0.081755 -0.081356 0.005772
v -0.092464 -0.068732 0.002568
v -0.065635 -0.110151 -0.012445
v -0.042622 -0.120881 -0.012249
v -0.069087 -0.114567 0.003739
v -0.045409 -0.125844 0.003739
v -0.080443 -0.133398 0.016654
v -0.052873 -0.146528 0.016654
v -0.102549 -0.116911 0.016654
v -0.023270 -0.154028 0.016654
v 0.007226 -0.155608 0.016654
v -0.019986 -0.132284 0.003739
v 0.006206 -0.133641 0.003739
v -0.018451 -0.127004 -0.012249
v -0.016657 -0.114362 0.002567
v -0.029065 -0.112009 0.003098
v -0.033004 -0.110747 0.005743
v 0.037445 -0.151208 0.016654
v 0.062853 -0.142194 0.016654
v 0.066224 -0.140998 0.016654
v 0.092459 -0.125369 0.016654
v 0.079407 -0.107671 0.003739
v 0.098887 -0.090111 0.003739
v -0.053389 0.097966 0.009892
v -0.029919 -0.087798 0.033200
v 0.069156 -0.093040 0.002561
v 0.054084 -0.098155 0.009877
vn 0.9456 -0.1429 -0.2921
vn 0.9406 -0.3394 -0.0000
vn 0.8996 -0.3246 -0.2921
vn 0.4816 -0.0728 -0.8733
vn 0.4865 0.0226 -0.8734
vn 0.9553 0.0444 -0.2922
vn 0.9888 -0.1494 -0.0000
vn 0.7283 -0.2628 0.6328
vn 0.9989 0.0464 -0.0000
vn 0.7656 -0.1157 0.6328
vn 0.9283 0.2299 -0.2922
vn 0.9707 0.2404 -0.0000
vn 0.7734 0.0359 0.6328
vn 0.7179 0.1778 0.6731
vn 0.7516 0.1861 0.6328
vn 0.7387 0.0343 0.6731
vn 0.6251 -0.0944 -0.7748
vn 0.7312 -0.1105 0.6731
vn 0.6315 0.0293 -0.7748
vn 0.6775 -0.1024 -0.7284
vn 0.6844 0.0318 -0.7284
vn 0.6136 0.1520 -0.7749
vn 0.6651 0.1647 -0.7284
vn 0.5722 0.2687 -0.7748
vn 0.6202 0.2913 -0.7284
vn 0.6694 0.3144 0.6731
vn 0.5087 0.3752 -0.7749
vn 0.5514 0.4067 -0.7284
vn 0.5952 0.4389 0.6731
vn 0.7008 0.3292 0.6328
vn 0.6231 0.4596 0.6328
vn 0.4981 0.5466 0.6731
vn 0.5215 0.5723 0.6328
vn 0.6735 0.7391 -0.0000
vn 0.8048 0.5935 -0.0000
vn 0.9051 0.4251 -0.0000
vn 0.6442 0.7069 -0.2921
vn 0.7697 0.5676 -0.2922
vn 0.8656 0.4066 -0.2921
vn 0.3920 0.2891 -0.8734
vn 0.3281 0.3600 -0.8734
vn 0.2515 0.4171 -0.8733
vn 0.4939 0.8190 -0.2921
vn 0.1653 0.4582 -0.8734
vn 0.3246 0.8996 -0.2921
vn 0.5164 0.8563 -0.0000
vn 0.3394 0.9406 -0.0000
vn 0.3998 0.6631 0.6328
vn 0.2510 0.6956 0.6731
vn 0.2628 0.7283 0.6328
vn 0.3819 0.6333 0.6731
vn 0.3264 0.5413 -0.7749
vn 0.4258 0.4673 -0.7748
vn 0.3538 0.5867 -0.7284
vn 0.4615 0.5064 -0.7284
vn 0.2146 0.5946 -0.7748
vn 0.2326 0.6445 -0.7284
vn 0.0944 0.6251 -0.7748
vn 0.1024 0.6775 -0.7284
vn 0.1105 0.7312 0.6731
vn -0.0318 0.6844 -0.7284
vn -0.0343 0.7387 0.6731
vn -0.0359 0.7734 0.6328
vn 0.1157 0.7656 0.6328
vn -0.0464 0.9989 -0.0000
vn 0.1494 0.9888 -0.0000
vn -0.0444 0.9553 -0.2922
vn 0.1429 0.9456 -0.2921
vn 0.0728 0.4816 -0.8733
vn -0.0226 0.4865 -0.8734
vn -0.2299 0.9283 -0.2922
vn -0.1171 0.4728 -0.8734
vn -0.2071 0.4409 -0.8734
vn -0.4066 0.8656 -0.2921
vn -0.2404 0.9707 -0.0000
vn -0.4251 0.9051 -0.0000
vn -0.1861 0.7516 0.6328
vn -0.3292 0.7008 0.6328
vn -0.1778 0.7178 0.6731
vn -0.3144 0.6694 0.6731
vn -0.1520 0.6136 -0.7748
vn -0.0293 0.6315 -0.7748
vn -0.1647 0.6651 -0.7284
vn -0.2913 0.6202 -0.7284
vn -0.2687 0.5722 -0.7748
vn -0.4067 0.5514 -0.7284
vn -0.4389 0.5952 0.6731
vn -0.3752 0.5088 -0.7748
vn -0.5064 0.4615 -0.7284
vn -0.5465 0.4980 0.6733
vn -0.5722 0.5214 0.6330
vn -0.4596 0.6231 0.6328
vn -0.7391 0.6735 -0.0000
vn -0.5935 0.8048 -0.0000
vn -0.7069 0.6442 -0.2922
vn -0.5676 0.7697 -0.2922
vn -0.2891 0.3920 -0.8734
vn -0.3600 0.3281 -0.8734
vn -0.8190 0.4939 -0.2922
vn -0.4171 0.2515 -0.8734
vn -0.8996 0.3246 -0.2921
vn -0.4582 0.1653 -0.8734
vn -0.8563 0.5164 -0.0000
vn -0.9406 0.3394 -0.0000
vn -0.6630 0.3998 0.6330
vn -0.6955 0.2510 0.6733
vn -0.7282 0.2628 0.6330
vn -0.5413 0.3264 -0.7748
vn -0.6332 0.3818 0.6733
vn -0.4672 0.4258 -0.7749
vn -0.5867 0.3538 -0.7284
vn -0.5946 0.2146 -0.7748
vn -0.6445 0.2326 -0.7284
vn -0.6775 0.1024 -0.7284
vn -0.7311 0.1105 0.6733
vn -0.6251 0.0944 -0.7748
vn -0.6844 -0.0318 -0.7284
vn -0.7386 -0.0343 0.6733
vn -0.9888 0.1494 -0.0000
vn -0.9989 -0.0464 -0.0000
vn -0.5408 0.4928 0.6817
vn -0.3802 0.9249 -0.0000
vn -0.6265 0.3778 0.6817
vn -0.5086 0.4635 0.7256
vn -0.6473 0.2336 0.7256
vn -0.6882 0.2483 0.6817
vn -0.4084 0.5538 0.7256
vn -0.4342 0.5888 0.6817
vn -0.2925 0.6229 0.7256
vn -0.3110 0.6622 0.6817
vn 0.2483 0.6882 0.6817
vn 0.1093 0.7234 0.6817
vn 0.1028 0.6804 0.7256
vn -0.0339 0.7308 0.6817
vn 0.2336 0.6473 0.7256
vn 0.3778 0.6265 0.6817
vn 0.4928 0.5408 0.6817
vn 0.6445 -0.2325 -0.7284
vn 0.5946 -0.2146 -0.7749
vn 0.5413 -0.3265 -0.7748
vn 0.5868 -0.3538 -0.7284
vn 0.8563 -0.5164 -0.0000
vn 0.5064 -0.4615 -0.7284
vn 0.7391 -0.6735 -0.0000
vn 0.5935 -0.8048 -0.0000
vn 0.4067 -0.5514 -0.7284
vn 0.4251 -0.9051 -0.0000
vn 0.2913 -0.6202 -0.7284
vn 0.3752 -0.5088 -0.7748
vn 0.4673 -0.4258 -0.7748
vn 0.1520 -0.6136 -0.7748
vn 0.1647 -0.6651 -0.7284
vn 0.2404 -0.9707 -0.0000
vn 0.0318 -0.6844 -0.7284
vn 0.0464 -0.9989 -0.0000
vn 0.3144 -0.6694 0.6731
vn 0.1778 -0.7178 0.6731
vn 0.0293 -0.6315 -0.7748
vn 0.0343 -0.7387 0.6731
vn -0.0944 -0.6251 -0.7748
vn -0.1105 -0.7312 0.6731
vn -0.1024 -0.6775 -0.7284
vn -0.2146 -0.5946 -0.7748
vn -0.2510 -0.6956 0.6731
vn -0.2326 -0.6445 -0.7284
vn -0.1494 -0.9888 -0.0000
vn -0.3394 -0.9406 -0.0000
vn -0.1093 -0.7234 0.6817
vn -0.5164 -0.8563 -0.0000
vn -0.3538 -0.5867 -0.7284
vn -0.6735 -0.7391 -0.0000
vn -0.4615 -0.5064 -0.7284
vn -0.4928 -0.5408 0.6817
vn -0.4258 -0.4672 -0.7749
vn -0.5088 -0.3752 -0.7748
vn -0.5514 -0.4067 -0.7284
vn -0.8048 -0.5935 -0.0000
vn -0.5722 -0.2687 -0.7748
vn -0.6202 -0.2913 -0.7284
vn -0.9051 -0.4251 -0.0000
vn -0.9707 -0.2404 -0.0000
vn -0.6651 -0.1647 -0.7284
vn -0.6136 -0.1520 -0.7748
vn -0.6693 -0.3143 0.6733
vn -0.7177 -0.1777 0.6733
vn -0.6315 -0.0293 -0.7748
vn -0.7515 -0.1861 0.6330
vn -0.7007 -0.3291 0.6330
vn -0.7733 -0.0359 0.6330
vn -0.7655 0.1156 0.6330
vn -0.9553 -0.0444 -0.2921
vn -0.9456 0.1429 -0.2922
vn -0.4816 0.0728 -0.8734
vn -0.4866 -0.0226 -0.8734
vn -0.4728 -0.1171 -0.8734
vn -0.9283 -0.2299 -0.2922
vn -0.4409 -0.2071 -0.8734
vn -0.8656 -0.4066 -0.2922
vn -0.3920 -0.2891 -0.8734
vn -0.7697 -0.5676 -0.2922
vn -0.3281 -0.3600 -0.8733
vn -0.6442 -0.7069 -0.2922
vn -0.6231 -0.4596 0.6328
vn -0.0632 -0.0466 -0.9969
vn -0.0711 -0.0334 -0.9969
vn -0.0406 -0.0673 -0.9969
vn -0.2515 -0.4171 -0.8734
vn -0.4939 -0.8190 -0.2922
vn -0.0267 -0.0739 -0.9969
vn -0.1653 -0.4582 -0.8734
vn -0.3246 -0.8996 -0.2922
vn -0.3998 -0.6630 0.6328
vn -0.5215 -0.5723 0.6328
vn -0.5952 -0.4389 0.6731
vn -0.3819 -0.6333 0.6731
vn -0.4981 -0.5466 0.6731
vn -0.2628 -0.7283 0.6328
vn -0.3264 -0.5413 -0.7748
vn -0.1157 -0.7656 0.6328
vn 0.0359 -0.7734 0.6328
vn 0.0444 -0.9553 -0.2921
vn -0.1429 -0.9456 -0.2922
vn -0.0728 -0.4816 -0.8734
vn 0.0226 -0.4866 -0.8734
vn 0.1171 -0.4728 -0.8734
vn 0.2299 -0.9283 -0.2922
vn 0.2071 -0.4409 -0.8734
vn 0.4066 -0.8656 -0.2921
vn 0.1861 -0.7516 0.6328
vn 0.3292 -0.7008 0.6328
vn 0.4389 -0.5952 0.6731
vn 0.4596 -0.6231 0.6328
vn 0.5466 -0.4981 0.6731
vn 0.5723 -0.5215 0.6329
vn 0.6333 -0.3819 0.6731
vn 0.6630 -0.3998 0.6329
vn 0.5676 -0.7697 -0.2922
vn 0.3600 -0.3281 -0.8734
vn 0.7069 -0.6442 -0.2921
vn 0.4171 -0.2515 -0.8734
vn 0.8190 -0.4939 -0.2922
vn 0.4582 -0.1653 -0.8734
vn 0.0581 -0.0529 -0.9969
vn 0.0673 -0.0406 -0.9969
vn 0.0777 -0.0117 -0.9969
vn -0.0136 0.0049 -0.9999
vn 0.0739 -0.0267 -0.9969
vn -0.0124 0.0075 -0.9999
vn -0.3224 0.1163 -0.9394
vn -0.0143 0.0022 -0.9999
vn -0.2935 0.1770 -0.9394
vn -0.3424 -0.0159 -0.9394
vn -0.0144 -0.0007 -0.9999
vn 0.0785 0.0036 -0.9969
vn -0.3327 -0.0824 -0.9394
vn -0.0140 -0.0035 -0.9999
vn 0.0763 0.0189 -0.9969
vn 0.4728 0.1171 -0.8734
vn 0.4409 0.2071 -0.8733
vn 0.0711 0.0334 -0.9969
vn 0.0632 0.0466 -0.9969
vn -0.0131 -0.0061 -0.9999
vn -0.3102 -0.1457 -0.9394
vn -0.0116 -0.0086 -0.9999
vn -0.2308 -0.2533 -0.9394
vn -0.0097 -0.0107 -0.9999
vn 0.0529 0.0581 -0.9969
vn -0.1770 -0.2935 -0.9394
vn -0.0075 -0.0124 -0.9999
vn 0.0406 0.0673 -0.9969
vn 0.0267 0.0739 -0.9969
vn -0.0049 -0.0136 -0.9999
vn 0.0117 0.0777 -0.9969
vn -0.1163 -0.3224 -0.9394
vn -0.0022 -0.0143 -0.9999
vn -0.0512 -0.3389 -0.9394
vn 0.0007 -0.0144 -0.9999
vn -0.0036 0.0785 -0.9969
vn 0.0159 -0.3424 -0.9394
vn 0.0035 -0.0140 -0.9999
vn -0.0189 0.0763 -0.9969
vn -0.0334 0.0711 -0.9969
vn 0.0062 -0.0131 -0.9999
vn 0.0086 -0.0116 -0.9999
vn -0.0466 0.0632 -0.9969
vn 0.0824 -0.3327 -0.9394
vn 0.1457 -0.3102 -0.9394
vn 0.2533 -0.2308 -0.9394
vn 0.0107 -0.0097 -0.9999
vn -0.0581 0.0529 -0.9969
vn 0.0124 -0.0075 -0.9999
vn -0.0673 0.0406 -0.9969
vn -0.0739 0.0267 -0.9969
vn -0.0777 0.0117 -0.9969
vn 0.0136 -0.0049 -0.9999
vn 0.3224 -0.1163 -0.9394
vn 0.0143 -0.0022 -0.9999
vn 0.3424 0.0159 -0.9394
vn 0.0144 0.0007 -0.9999
vn -0.0785 -0.0036 -0.9969
vn -0.0763 -0.0189 -0.9969
vn 0.3327 0.0824 -0.9394
vn 0.0140 0.0035 -0.9999
vn 0.3389 -0.0512 -0.9394
vn 0.7627 0.0354 -0.6458
vn 0.7412 0.1835 -0.6457
vn 0.9551 0.0444 -0.2930
vn 0.9454 -0.1428 -0.2929
vn 0.7550 -0.1141 -0.6457
vn 0.7182 -0.2592 -0.6457
vn 0.6538 -0.3943 -0.6458
vn 0.8994 -0.3245 -0.2929
vn 0.7067 -0.6440 -0.2929
vn 0.5644 -0.5143 -0.6457
vn 0.5675 -0.7695 -0.2929
vn 0.4532 -0.6145 -0.6457
vn 0.4065 -0.8654 -0.2929
vn 0.3246 -0.6911 -0.6457
vn 0.1835 -0.7412 -0.6457
vn 0.0354 -0.7627 -0.6458
vn 0.2298 -0.9281 -0.2929
vn -0.1428 -0.9454 -0.2929
vn -0.1141 -0.7550 -0.6458
vn -0.3245 -0.8994 -0.2929
vn -0.2592 -0.7182 -0.6457
vn -0.4938 -0.8188 -0.2929
vn -0.3943 -0.6539 -0.6458
vn -0.6440 -0.7067 -0.2929
vn -0.5143 -0.5644 -0.6458
vn -0.7695 -0.5675 -0.2929
vn -0.6145 -0.4532 -0.6457
vn -0.2758 -0.2034 -0.9394
vn -0.6911 -0.3246 -0.6457
vn -0.7412 -0.1835 -0.6458
vn -0.8654 -0.4065 -0.2929
vn -0.9551 -0.0444 -0.2930
vn -0.7627 -0.0354 -0.6458
vn -0.9454 0.1428 -0.2929
vn -0.7550 0.1141 -0.6457
vn -0.8994 0.3245 -0.2930
vn -0.7182 0.2592 -0.6458
vn -0.8188 0.4938 -0.2929
vn -0.6539 0.3943 -0.6457
vn -0.7067 0.6440 -0.2929
vn -0.5644 0.5143 -0.6457
vn -0.5675 0.7695 -0.2930
vn -0.4532 0.6145 -0.6458
vn -0.4065 0.8654 -0.2930
vn -0.3246 0.6911 -0.6458
vn -0.2298 0.9281 -0.2929
vn -0.1835 0.7412 -0.6457
vn -0.0444 0.9551 -0.2930
vn -0.0354 0.7627 -0.6458
vn 0.1428 0.9454 -0.2929
vn 0.1141 0.7550 -0.6458
vn 0.0512 0.3389 -0.9394
vn -0.0159 0.3424 -0.9394
vn -0.0824 0.3327 -0.9394
vn 0.2592 0.7182 -0.6457
vn 0.1163 0.3224 -0.9394
vn 0.3245 0.8994 -0.2929
vn 0.1770 0.2935 -0.9394
vn 0.4938 0.8188 -0.2929
vn 0.3943 0.6539 -0.6457
vn 0.6440 0.7067 -0.2929
vn 0.5143 0.5644 -0.6457
vn 0.7695 0.5675 -0.2930
vn 0.6145 0.4532 -0.6458
vn 0.8654 0.4065 -0.2930
vn 0.6911 0.3246 -0.6458
vn 0.9281 0.2298 -0.2929
vn 0.3102 0.1457 -0.9394
vn 0.2758 0.2034 -0.9394
vn 0.0131 0.0062 -0.9999
vn 0.0116 0.0086 -0.9999
vn 0.0097 0.0107 -0.9999
vn 0.2308 0.2533 -0.9394
vn 0.0075 0.0124 -0.9999
vn 0.0049 0.0136 -0.9999
vn -0.0529 -0.0581 -0.9969
vn 0.0022 0.0143 -0.9999
vn -0.0117 -0.0777 -0.9969
vn 0.0036 -0.0785 -0.9969
vn -0.0007 0.0144 -0.9999
vn 0.0189 -0.0763 -0.9969
vn -0.0035 0.0140 -0.9999
vn -0.0061 0.0131 -0.9999
vn 0.0334 -0.0711 -0.9969
vn -0.1457 0.3102 -0.9394
vn -0.0086 0.0116 -0.9999
vn 0.0466 -0.0632 -0.9969
vn 0.2891 -0.3920 -0.8734
vn -0.2034 0.2758 -0.9394
vn -0.0107 0.0097 -0.9999
vn -0.2533 0.2308 -0.9394
vn -0.3389 0.0512 -0.9394
vn 0.2034 -0.2758 -0.9394
vn 0.2935 -0.1770 -0.9394
vn 0.6956 -0.2510 0.6731
vn 0.2687 -0.5722 -0.7749
vn -0.7308 -0.0339 0.6817
vn -0.7102 -0.1759 0.6817
vn -0.6680 -0.1654 0.7256
vn -0.6229 -0.2925 0.7256
vn -0.6622 -0.3110 0.6817
vn -0.6804 0.1028 0.7256
vn -0.7234 0.1093 0.6817
vn -0.6874 -0.0319 0.7255
vn -0.6814 0.1029 -0.7247
vn -0.6482 0.2339 -0.7247
vn -0.7242 0.1094 -0.6809
vn -0.6889 0.2486 -0.6809
vn -0.7316 -0.0340 -0.6809
vn -0.6689 -0.1656 -0.7247
vn -0.7109 -0.1761 -0.6809
vn -0.6883 -0.0320 -0.7247
vn -0.6237 -0.2930 -0.7247
vn -0.6629 -0.3114 -0.6809
vn -0.5895 -0.4347 -0.6809
vn -0.5538 -0.4084 0.7256
vn -0.5888 -0.4343 0.6817
vn -0.4635 -0.5086 0.7256
vn -0.5546 -0.4090 -0.7247
vn -0.3778 -0.6265 0.6817
vn -0.2336 -0.6473 0.7256
vn -0.2483 -0.6882 0.6817
vn -0.3558 -0.5901 -0.7247
vn -0.3553 -0.5893 0.7256
vn -0.4641 -0.5093 -0.7247
vn -0.3782 -0.6272 -0.6809
vn -0.4933 -0.5414 -0.6809
vn -0.2486 -0.6889 -0.6809
vn -0.2339 -0.6482 -0.7247
vn -0.1094 -0.7242 -0.6809
vn -0.1028 -0.6804 0.7256
vn 0.0320 -0.6883 -0.7247
vn 0.0340 -0.7316 -0.6809
vn 0.0319 -0.6874 0.7256
vn -0.1029 -0.6814 -0.7247
vn 0.0339 -0.7308 0.6817
vn 0.1654 -0.6680 0.7256
vn 0.1759 -0.7102 0.6817
vn 0.2925 -0.6229 0.7256
vn 0.3110 -0.6622 0.6817
vn 0.1656 -0.6689 -0.7247
vn 0.1761 -0.7109 -0.6809
vn 0.2930 -0.6237 -0.7247
vn 0.3114 -0.6629 -0.6809
vn 0.4090 -0.5546 -0.7247
vn 0.4347 -0.5895 -0.6809
vn 0.4084 -0.5538 0.7256
vn 0.5093 -0.4641 -0.7247
vn 0.5414 -0.4933 -0.6809
vn 0.5086 -0.4635 0.7256
vn 0.4343 -0.5888 0.6817
vn 0.5408 -0.4928 0.6817
vn 0.5893 -0.3554 0.7256
vn 0.6265 -0.3778 0.6817
vn 0.6882 -0.2483 0.6817
vn 0.6473 -0.2336 0.7256
vn 0.5901 -0.3558 -0.7247
vn 0.6889 -0.2486 -0.6809
vn 0.6272 -0.3782 -0.6809
vn 0.4073 -0.5523 0.7274
vn 0.5072 -0.4622 0.7274
vn 0.4682 -0.4267 0.7738
vn 0.5877 -0.3544 0.7274
vn 0.5424 -0.3271 0.7738
vn 0.5467 -0.4982 -0.6730
vn 0.4390 -0.5953 -0.6730
vn 0.3760 -0.5098 0.7738
vn 0.4596 -0.6232 -0.6327
vn 0.5724 -0.5216 -0.6327
vn 0.6334 -0.3820 -0.6730
vn 0.6631 -0.3999 -0.6327
vn 0.7284 -0.2628 -0.6327
vn 0.5958 -0.2150 0.7738
vn 0.6958 -0.2510 -0.6730
vn 0.7657 -0.1157 -0.6327
vn 0.6263 -0.0946 0.7738
vn 0.6785 -0.1025 0.7274
vn 0.6455 -0.2329 0.7274
vn 0.6328 0.0294 0.7738
vn 0.6855 0.0318 0.7274
vn 0.7242 -0.1094 -0.6809
vn 0.7316 0.0340 -0.6809
vn 0.6482 -0.2339 -0.7247
vn 0.6883 0.0320 -0.7247
vn 0.6689 0.1656 -0.7247
vn 0.7109 0.1761 -0.6809
vn 0.6237 0.2930 -0.7247
vn 0.6629 0.3114 -0.6809
vn 0.6661 0.1650 0.7274
vn 0.5895 0.4347 -0.6809
vn 0.6211 0.2917 0.7274
vn 0.5098 0.3760 0.7738
vn 0.5523 0.4073 0.7274
vn 0.5733 0.2693 0.7738
vn 0.6148 0.1523 0.7738
vn 0.7180 0.1778 -0.6730
vn 0.7389 0.0343 -0.6730
vn 0.7314 -0.1105 -0.6730
vn 0.7735 0.0359 -0.6327
vn 0.7517 0.1862 -0.6327
vn 0.9414 -0.1422 0.3060
vn 0.9241 0.2289 0.3060
vn 0.9510 0.0442 0.3060
vn 0.7009 0.3292 -0.6327
vn 0.8617 0.4047 0.3060
vn 0.6232 0.4596 -0.6327
vn 0.5953 0.4390 -0.6730
vn 0.6695 0.3144 -0.6730
vn 0.5216 0.5724 -0.6327
vn 0.3820 0.6334 -0.6730
vn 0.3999 0.6631 -0.6327
vn 0.6412 0.7037 0.3060
vn 0.3271 0.5424 0.7738
vn 0.4982 0.5467 -0.6730
vn 0.4267 0.4682 0.7738
vn 0.4622 0.5072 0.7274
vn 0.3544 0.5877 0.7274
vn 0.2150 0.5958 0.7738
vn 0.2329 0.6455 0.7274
vn 0.0946 0.6263 0.7738
vn 0.1025 0.6785 0.7274
vn 0.2510 0.6957 -0.6730
vn 0.2628 0.7284 -0.6327
vn 0.1105 0.7314 -0.6730
vn 0.1157 0.7657 -0.6327
vn 0.4916 0.8153 0.3060
vn 0.3231 0.8955 0.3060
vn 0.1422 0.9414 0.3060
vn -0.0359 0.7735 -0.6327
vn -0.0442 0.9510 0.3060
vn -0.1861 0.7517 -0.6327
vn -0.0343 0.7389 -0.6730
vn -0.1778 0.7180 -0.6730
vn -0.3292 0.7009 -0.6327
vn -0.2289 0.9241 0.3060
vn -0.2693 0.5733 0.7738
vn -0.1523 0.6149 0.7738
vn -0.0294 0.6328 0.7738
vn -0.2917 0.6211 0.7274
vn -0.1650 0.6661 0.7274
vn -0.0318 0.6855 0.7274
vn -0.4073 0.5523 0.7274
vn -0.3114 0.6629 -0.6809
vn -0.1761 0.7109 -0.6809
vn -0.4347 0.5895 -0.6809
vn -0.2930 0.6237 -0.7247
vn -0.1656 0.6689 -0.7247
vn -0.4090 0.5546 -0.7247
vn -0.5414 0.4933 -0.6809
vn -0.5093 0.4641 -0.7247
vn -0.6272 0.3782 -0.6809
vn -0.5072 0.4622 0.7274
vn -0.5877 0.3544 0.7274
vn -0.4682 0.4266 0.7738
vn -0.5958 0.2150 0.7738
vn -0.6455 0.2329 0.7274
vn -0.6334 0.3820 -0.6730
vn -0.5424 0.3271 0.7738
vn -0.5467 0.4982 -0.6730
vn -0.4390 0.5953 -0.6730
vn -0.3760 0.5098 0.7738
vn -0.3144 0.6695 -0.6730
vn -0.5724 0.5216 -0.6327
vn -0.4596 0.6232 -0.6327
vn -0.4047 0.8617 0.3060
vn -0.5651 0.7662 0.3060
vn -0.7037 0.6412 0.3060
vn -0.6631 0.3999 -0.6327
vn -0.8153 0.4916 0.3060
vn -0.7284 0.2628 -0.6327
vn -0.6957 0.2510 -0.6730
vn -0.7657 0.1157 -0.6327
vn -0.7314 0.1105 -0.6730
vn -0.7736 -0.0359 -0.6327
vn -0.8955 0.3231 0.3060
vn -0.9414 0.1422 0.3060
vn -0.9510 -0.0442 0.3060
vn -0.7517 -0.1861 -0.6327
vn -0.9241 -0.2288 0.3060
vn -0.7009 -0.3292 -0.6327
vn -0.7180 -0.1778 -0.6730
vn -0.6695 -0.3144 -0.6730
vn -0.5953 -0.4390 -0.6730
vn -0.6232 -0.4596 -0.6327
vn -0.5216 -0.5724 -0.6327
vn -0.8617 -0.4047 0.3060
vn -0.7662 -0.5651 0.3060
vn -0.6412 -0.7037 0.3060
vn -0.3999 -0.6631 -0.6327
vn -0.4916 -0.8153 0.3060
vn -0.3820 -0.6334 -0.6730
vn -0.2628 -0.7284 -0.6327
vn -0.4982 -0.5467 -0.6730
vn -0.2150 -0.5958 0.7738
vn -0.3271 -0.5424 0.7738
vn -0.4266 -0.4682 0.7738
vn -0.5098 -0.3760 0.7738
vn -0.3544 -0.5877 0.7274
vn -0.4622 -0.5072 0.7274
vn -0.5523 -0.4073 0.7274
vn -0.5733 -0.2693 0.7738
vn -0.6211 -0.2917 0.7274
vn -0.6149 -0.1523 0.7738
vn -0.6661 -0.1650 0.7274
vn -0.6855 -0.0318 0.7274
vn -0.7389 -0.0343 -0.6730
vn -0.6327 -0.0294 0.7738
vn -0.6263 0.0946 0.7738
vn -0.6785 0.1025 0.7274
vn -0.2329 -0.6455 0.7274
vn -0.1025 -0.6785 0.7274
vn 0.0318 -0.6855 0.7274
vn 0.1650 -0.6661 0.7274
vn 0.2917 -0.6211 0.7274
vn 0.2693 -0.5733 0.7738
vn 0.3145 -0.6695 -0.6730
vn 0.1778 -0.7180 -0.6730
vn 0.1523 -0.6149 0.7738
vn 0.1861 -0.7517 -0.6327
vn 0.3292 -0.7009 -0.6327
vn 0.0343 -0.7389 -0.6730
vn 0.0294 -0.6328 0.7738
vn 0.0359 -0.7735 -0.6327
vn 0.2288 -0.9241 0.3060
vn 0.0442 -0.9510 0.3060
vn -0.1157 -0.7657 -0.6327
vn -0.1105 -0.7313 -0.6730
vn -0.3231 -0.8955 0.3060
vn -0.1422 -0.9414 0.3060
vn -0.0707 -0.4682 0.8808
vn 0.0220 -0.4730 0.8808
vn -0.0267 -0.0739 0.9969
vn -0.1607 -0.4454 0.8808
vn 0.0036 -0.0785 0.9969
vn -0.0117 -0.0777 0.9969
vn 0.0049 0.0136 0.9999
vn -0.0007 0.0144 0.9999
vn -0.0159 0.3424 0.9394
vn 0.0022 0.0143 0.9999
vn 0.0512 0.3389 0.9394
vn -0.0035 0.0140 0.9999
vn 0.0189 -0.0763 0.9969
vn -0.1457 0.3102 0.9394
vn -0.0062 0.0131 0.9999
vn 0.0334 -0.0711 0.9969
vn 0.2013 -0.4286 0.8808
vn 0.1138 -0.4596 0.8808
vn 0.0466 -0.0632 0.9969
vn 0.2810 -0.3810 0.8808
vn 0.0581 -0.0529 0.9969
vn -0.0086 0.0116 0.9999
vn 0.3500 -0.3189 0.8808
vn -0.2533 0.2308 0.9394
vn -0.0107 0.0097 0.9999
vn -0.2034 0.2758 0.9394
vn -0.0124 0.0075 0.9999
vn 0.0673 -0.0406 0.9969
vn -0.0136 0.0049 0.9999
vn -0.2935 0.1770 0.9394
vn 0.0739 -0.0267 0.9969
vn -0.5644 0.5143 0.6458
vn -0.3224 0.1163 0.9394
vn -0.6539 0.3943 0.6457
vn -0.8188 0.4937 0.2929
vn -0.8994 0.3245 0.2930
vn -0.7182 0.2592 0.6458
vn -0.9454 0.1428 0.2929
vn -0.7550 0.1141 0.6457
vn -0.7627 -0.0354 0.6457
vn -0.3389 0.0512 0.9394
vn -0.3424 -0.0159 0.9394
vn -0.0143 0.0022 0.9999
vn -0.0144 -0.0007 0.9999
vn -0.3327 -0.0824 0.9394
vn -0.0140 -0.0035 0.9999
vn -0.7412 -0.1835 0.6457
vn -0.3102 -0.1457 0.9394
vn -0.0131 -0.0061 0.9999
vn -0.9551 -0.0443 0.2929
vn -0.8654 -0.4065 0.2929
vn -0.6911 -0.3246 0.6458
vn -0.7695 -0.5675 0.2929
vn -0.6145 -0.4532 0.6457
vn -0.5143 -0.5644 0.6458
vn -0.3943 -0.6539 0.6458
vn -0.6440 -0.7067 0.2929
vn -0.3245 -0.8994 0.2929
vn -0.2592 -0.7182 0.6457
vn -0.1141 -0.7550 0.6458
vn 0.0443 -0.9551 0.2930
vn 0.0354 -0.7627 0.6458
vn 0.1835 -0.7412 0.6458
vn 0.4065 -0.8654 0.2929
vn 0.3246 -0.6911 0.6457
vn 0.1457 -0.3102 0.9394
vn 0.0824 -0.3327 0.9394
vn 0.0159 -0.3424 0.9394
vn 0.0062 -0.0131 0.9999
vn 0.0035 -0.0140 0.9999
vn 0.0007 -0.0144 0.9999
vn 0.2034 -0.2758 0.9394
vn 0.0086 -0.0116 0.9999
vn 0.4532 -0.6145 0.6457
vn 0.2533 -0.2308 0.9394
vn 0.0107 -0.0097 0.9999
vn 0.5644 -0.5143 0.6458
vn 0.5675 -0.7695 0.2929
vn 0.8188 -0.4937 0.2930
vn 0.6538 -0.3943 0.6458
vn 0.8994 -0.3245 0.2930
vn 0.7182 -0.2592 0.6458
vn 0.9454 -0.1428 0.2929
vn 0.7550 -0.1141 0.6458
vn 0.9551 0.0443 0.2930
vn 0.7627 0.0354 0.6458
vn 0.9281 0.2298 0.2929
vn 0.7412 0.1835 0.6457
vn 0.6911 0.3246 0.6458
vn 0.7695 0.5675 0.2930
vn 0.6145 0.4532 0.6458
vn 0.6440 0.7067 0.2929
vn 0.5143 0.5644 0.6457
vn 0.3943 0.6539 0.6458
vn 0.2592 0.7182 0.6457
vn 0.4937 0.8188 0.2930
vn 0.1141 0.7550 0.6458
vn 0.3245 0.8994 0.2929
vn 0.1163 0.3224 0.9394
vn 0.1770 0.2935 0.9394
vn -0.0354 0.7627 0.6458
vn 0.1428 0.9454 0.2929
vn -0.0824 0.3327 0.9394
vn -0.2298 0.9281 0.2929
vn -0.1835 0.7412 0.6457
vn -0.4065 0.8654 0.2929
vn -0.3246 0.6911 0.6457
vn -0.4532 0.6145 0.6458
vn -0.7067 0.6440 0.2929
vn 0.0075 0.0124 0.9999
vn 0.2308 0.2533 0.9394
vn 0.0097 0.0107 0.9999
vn 0.2758 0.2034 0.9394
vn 0.0116 0.0086 0.9999
vn -0.0529 -0.0581 0.9969
vn -0.0632 -0.0466 0.9969
vn -0.0406 -0.0673 0.9969
vn -0.3189 -0.3500 0.8808
vn -0.2445 -0.4054 0.8808
vn -0.3811 -0.2810 0.8808
vn -0.4286 -0.2013 0.8808
vn -0.0711 -0.0334 0.9969
vn -0.4596 -0.1138 0.8808
vn 0.0140 0.0035 0.9999
vn -0.0763 -0.0189 0.9969
vn 0.0131 0.0061 0.9999
vn 0.3327 0.0824 0.9394
vn 0.3424 0.0159 0.9394
vn 0.0145 0.0007 0.9999
vn -0.0785 -0.0036 0.9969
vn 0.0143 -0.0022 0.9999
vn -0.0777 0.0117 0.9969
vn -0.4730 -0.0220 0.8808
vn -0.4681 0.0707 0.8808
vn -0.4454 0.1607 0.8808
vn 0.0136 -0.0049 0.9999
vn -0.0739 0.0267 0.9969
vn -0.4055 0.2445 0.8808
vn 0.0124 -0.0075 0.9999
vn -0.0673 0.0406 0.9969
vn 0.3224 -0.1163 0.9394
vn 0.2935 -0.1770 0.9394
vn -0.0581 0.0529 0.9969
vn -0.0466 0.0632 0.9969
vn -0.3500 0.3189 0.8808
vn -0.2810 0.3811 0.8808
vn -0.0334 0.0711 0.9969
vn -0.2013 0.4286 0.8808
vn -0.0189 0.0763 0.9969
vn -0.1138 0.4596 0.8808
vn -0.0036 0.0785 0.9969
vn -0.0220 0.4730 0.8808
vn 0.0707 0.4682 0.8808
vn 0.0117 0.0777 0.9969
vn -0.0022 -0.0143 0.9999
vn -0.0512 -0.3389 0.9394
vn -0.0049 -0.0136 0.9999
vn 0.0267 0.0739 0.9969
vn -0.1770 -0.2935 0.9394
vn -0.0075 -0.0124 0.9999
vn 0.0406 0.0673 0.9969
vn 0.1607 0.4454 0.8808
vn 0.2445 0.4055 0.8808
vn 0.0529 0.0581 0.9969
vn 0.3189 0.3500 0.8808
vn 0.0632 0.0466 0.9969
vn 0.3811 0.2810 0.8808
vn -0.0097 -0.0107 0.9999
vn -0.2308 -0.2533 0.9394
vn -0.0116 -0.0086 0.9999
vn 0.0711 0.0334 0.9969
vn 0.0763 0.0189 0.9969
vn 0.4286 0.2013 0.8808
vn 0.4596 0.1138 0.8808
vn 0.0785 0.0036 0.9969
vn 0.4730 0.0220 0.8808
vn 0.0777 -0.0117 0.9969
vn 0.4682 -0.0707 0.8808
vn 0.4454 -0.1607 0.8808
vn 0.4055 -0.2445 0.8808
vn 0.8955 -0.3231 0.3060
vn 0.8153 -0.4916 0.3060
vn 0.7037 -0.6412 0.3060
vn 0.5651 -0.7662 0.3060
vn 0.4047 -0.8617 0.3060
vn 0.9561 -0.2929 -0.0000
vn 0.7662 0.5651 0.3060
vn -0.2758 -0.2034 0.9394
vn -0.1163 -0.3224 0.9394
vn 0.3389 -0.0512 0.9394
vn 0.3102 0.1457 0.9394
vn -0.0946 -0.6263 0.7738
vn -0.2510 -0.6957 -0.6730
vn -0.5893 0.3554 0.7256
vn -0.5901 0.3558 -0.7247
vn -0.0320 0.6883 -0.7247
vn -0.0340 0.7316 -0.6809
vn 0.1029 0.6814 -0.7247
vn 0.1094 0.7242 -0.6809
vn 0.2486 0.6889 -0.6809
vn 0.3782 0.6272 -0.6809
vn 0.2339 0.6482 -0.7247
vn 0.4933 0.5414 -0.6808
vn 0.3558 0.5901 -0.7247
vn 0.5546 0.4090 -0.7247
vn 0.5538 0.4084 0.7256
vn 0.6229 0.2925 0.7256
vn 0.4635 0.5086 0.7256
vn 0.5888 0.4342 0.6817
vn 0.6622 0.3110 0.6817
vn 0.7102 0.1759 0.6817
vn 0.6680 0.1654 0.7256
vn 0.7308 0.0339 0.6817
vn 0.6874 0.0319 0.7256
vn 0.7234 -0.1093 0.6817
vn 0.6814 -0.1029 -0.7247
vn 0.6804 -0.1028 0.7256
vn 0.3554 0.5893 0.7256
vn 0.4641 0.5093 -0.7247
vn -0.0319 0.6874 0.7256
vn -0.1654 0.6680 0.7256
vn -0.1759 0.7102 0.6817
vn -0.8567 -0.0398 0.5143
vn -0.4363 0.0659 0.8974
vn -0.8480 0.1281 0.5143
vn -0.7197 0.1087 -0.6857
vn 0.1978 0.9802 -0.0000
vn -0.4150 0.1497 0.8974
vn -0.8066 0.2911 0.5144
vn -0.7344 0.4429 0.5144
vn -0.6847 0.2471 -0.6857
vn 0.7197 -0.1087 -0.6857
vn -0.1087 -0.7197 -0.6857
vn -0.0026 -1.0000 -0.0000
vn -0.7271 -0.0338 -0.6857
vn -0.7066 -0.1750 -0.6857
vn -0.8324 -0.2061 0.5144
vn -0.7763 -0.3646 0.5142
vn -0.4286 -0.1062 0.8972
vn -0.1397 -0.7705 0.6220
vn -0.7253 -0.0337 0.6876
vn -0.4408 -0.0205 0.8974
vn -0.3995 -0.1876 0.8974
vn -0.7049 -0.1746 0.6875
vn -0.2935 -0.7041 0.6466
vn -0.7180 0.1084 0.6876
vn -0.6830 0.2465 0.6876
vn -0.4151 0.1498 0.8974
vn -0.3779 0.2279 0.8973
vn -0.3778 0.2278 0.8974
vn -0.5368 0.4891 0.6875
vn -0.3262 0.2972 0.8974
vn -0.6339 0.5777 0.5143
vn -0.2620 0.3552 0.8973
vn -0.6889 0.6277 0.3625
vn -0.4310 0.5844 0.6876
vn -0.6219 0.3750 0.6875
vn -0.5532 0.7501 0.3625
vn -0.7981 0.4813 0.3625
vn -0.5894 0.5371 0.6035
vn -0.5532 0.7501 0.3623
vn -0.7981 0.4813 0.3626
vn -0.4733 0.6417 0.6035
vn -0.3962 0.8435 0.3625
vn -0.3962 0.8436 0.3625
vn -0.1917 0.7740 0.6034
vn -0.2240 0.9047 0.3625
vn -0.2240 0.9046 0.3625
vn -0.3087 0.6572 0.6876
vn -0.1745 0.7048 0.6876
vn -0.0432 0.9310 0.3626
vn -0.0337 0.7254 0.6875
vn -0.0432 0.9310 0.3625
vn 0.1191 0.7885 0.6034
vn 0.1392 0.9215 0.3625
vn 0.1085 0.7180 0.6875
vn -0.0205 0.4408 0.8974
vn -0.1061 0.4283 0.8974
vn 0.0659 0.4364 0.8973
vn -0.6363 0.4184 0.6482
vn 0.2465 0.6831 0.6875
vn 0.1498 0.4151 0.8973
vn 0.2279 0.3779 0.8974
vn 0.4813 0.7981 0.3625
vn 0.3750 0.6218 0.6876
vn 0.3163 0.8766 0.3625
vn 0.4813 0.7981 0.3624
vn 0.3163 0.8766 0.3626
vn 0.2707 0.7501 0.6033
vn -0.5638 0.7816 0.2670
vn 0.4118 0.6829 0.6034
vn 0.6277 0.6889 0.3625
vn 0.5371 0.5894 0.6034
vn 0.7501 0.5532 0.3625
vn 0.5844 0.4310 0.6875
vn 0.4891 0.5368 0.6875
vn 0.2972 0.3262 0.8974
vn 0.3552 0.2620 0.8973
vn 0.6573 0.3087 0.6875
vn 0.7686 -0.3476 0.5371
vn 0.8530 -0.0507 0.5194
vn 0.8436 0.3962 0.3625
vn 0.4283 0.1061 0.8974
vn 0.8325 0.2061 0.5143
vn 0.7511 0.6024 0.2701
vn 0.7049 0.1746 0.6875
vn 0.4409 0.0205 0.8973
vn 0.9310 0.0432 0.3625
vn 0.7254 0.0337 0.6875
vn 0.9047 0.2240 0.3625
vn 0.9309 0.0432 0.3626
vn 0.7966 0.0370 0.6034
vn 0.7741 0.1917 0.6033
vn 0.7885 -0.1191 0.6034
vn 0.9215 -0.1392 0.3626
vn 0.9215 -0.1392 0.3625
vn 0.8767 -0.3163 0.3624
vn 0.5387 -0.8081 0.2382
vn 0.7182 -0.1086 0.6873
vn 0.6830 -0.2464 0.6876
vn 0.7981 -0.4813 0.3625
vn 0.4151 -0.1498 0.8974
vn 0.6219 -0.3750 0.6875
vn 0.3779 -0.2279 0.8973
vn 0.4363 -0.0659 0.8974
vn 0.4150 -0.1498 0.8974
vn 0.4362 -0.0659 0.8974
vn 0.3778 -0.2278 0.8974
vn 0.8067 -0.2911 0.5143
vn 0.7344 -0.4429 0.5144
vn 0.8479 -0.1281 0.5144
vn 0.6233 -0.3759 -0.6857
vn 0.6847 -0.2471 -0.6857
vn 0.6339 -0.5776 0.5144
vn 0.5380 -0.4903 -0.6857
vn 0.5936 -0.8048 -0.0000
vn 0.2877 -0.9577 -0.0000
vn 0.4320 -0.5858 -0.6857
vn 0.3094 -0.6588 -0.6857
vn 0.1750 -0.7065 -0.6857
vn 0.0338 -0.7271 -0.6857
vn -0.2471 -0.6847 -0.6857
vn -0.3759 -0.6233 -0.6857
vn -0.4429 -0.7345 0.5142
vn -0.2911 -0.8067 0.5142
vn -0.2279 -0.3780 0.8973
vn -0.5777 -0.6340 0.5142
vn -0.2973 -0.3263 0.8973
vn -0.6903 -0.5091 0.5142
vn -0.3552 -0.2620 0.8973
vn -0.4903 -0.5380 -0.6857
vn -0.5858 -0.4320 -0.6857
vn -0.2972 -0.3262 0.8974
vn -0.3995 -0.1876 0.8973
vn -0.5843 -0.4309 0.6876
vn -0.3551 -0.2619 0.8974
vn -0.4891 -0.5367 0.6875
vn -0.6573 -0.3087 0.6875
vn -0.9047 -0.2240 0.3625
vn -0.8435 -0.3962 0.3626
vn -0.5272 -0.8193 0.2256
vn -0.7501 -0.5532 0.3625
vn -0.7218 -0.3390 0.6034
vn -0.9046 -0.2240 0.3625
vn -0.9310 -0.0432 0.3625
vn -0.7741 -0.1917 0.6033
vn -0.9309 -0.0432 0.3626
vn -0.7885 0.1191 0.6034
vn -0.9215 0.1392 0.3626
vn -0.7501 0.2707 0.6034
vn -0.8766 0.3163 0.3625
vn -0.7813 -0.5636 0.2682
vn -0.8767 0.3163 0.3625
vn -0.6829 0.4118 0.6034
vn -0.5787 0.0874 0.8109
vn -0.5011 0.3022 0.8109
vn -0.5504 0.1986 0.8110
vn -0.2780 0.1676 0.9458
vn -0.3210 0.0485 0.9458
vn -0.4325 0.3941 0.8110
vn -0.2400 0.2187 0.9458
vn -0.3473 0.4710 0.8109
vn -0.1380 0.2938 0.9458
vn -0.2488 0.5297 0.8109
vn -0.3391 0.7218 0.6033
vn -0.0780 0.3151 0.9458
vn -0.1406 0.5679 0.8110
vn -0.0151 0.3243 0.9458
vn -0.0271 0.5845 0.8110
vn -0.0370 0.7966 0.6034
vn 0.0874 0.5786 0.8109
vn 0.1102 0.3054 0.9458
vn 0.1986 0.5505 0.8109
vn 0.3021 0.5010 0.8110
vn 0.1676 0.2780 0.9458
vn 0.3941 0.4325 0.8109
vn 0.2187 0.2400 0.9458
vn 0.4709 0.3473 0.8110
vn 0.6418 0.4733 0.6034
vn 0.2939 0.1380 0.9458
vn 0.5296 0.2487 0.8110
vn 0.7217 0.3390 0.6035
vn 0.3151 0.0780 0.9458
vn 0.5680 0.1407 0.8109
vn 0.3053 -0.1102 0.9458
vn -0.3053 0.1102 0.9458
vn 0.3243 0.0151 0.9458
vn 0.5846 0.0272 0.8109
vn 0.5787 -0.0874 0.8109
vn 0.7502 -0.2707 0.6033
vn 0.6161 0.4604 0.6392
vn 0.2780 -0.1676 0.9458
vn 0.6829 -0.4118 0.6034
vn 0.7981 -0.4813 0.3626
vn 0.5894 -0.5371 0.6035
vn 0.6889 -0.6277 0.3625
vn 0.7561 0.3350 0.5622
vn 0.2399 -0.2187 0.9458
vn 0.4325 -0.3941 0.8110
vn 0.3473 -0.4710 0.8109
vn 0.4734 -0.6418 0.6033
vn 0.1927 -0.2613 0.9458
vn 0.2488 -0.5297 0.8109
vn 0.3390 -0.7218 0.6033
vn 0.5532 -0.7501 0.3625
vn 0.3962 -0.8436 0.3625
vn 0.2239 -0.9048 0.3623
vn 0.1407 -0.5680 0.8109
vn 0.1917 -0.7740 0.6034
vn 0.0370 -0.7966 0.6034
vn 0.0432 -0.9310 0.3625
vn 0.0151 -0.3243 0.9458
vn 0.1380 -0.2938 0.9458
vn 0.6843 -0.4248 0.5926
vn -0.0485 -0.3210 0.9458
vn -0.0874 -0.5785 0.8110
vn -0.1191 -0.7885 0.6034
vn -0.1986 -0.5503 0.8110
vn -0.2707 -0.7500 0.6035
vn -0.1392 -0.9215 0.3625
vn -0.3163 -0.8767 0.3625
vn -0.4813 -0.7980 0.3626
vn -0.4118 -0.6829 0.6034
vn -0.6277 -0.6889 0.3625
vn -0.3941 -0.4325 0.8109
vn -0.5371 -0.5894 0.6034
vn -0.3022 -0.5011 0.8109
vn -0.2187 -0.2400 0.9458
vn -0.1676 -0.2780 0.9458
vn -0.4709 -0.3473 0.8109
vn -0.6418 -0.4733 0.6034
vn -0.2939 -0.1380 0.9458
vn -0.0859 -0.6914 0.7174
vn -0.3151 -0.0780 0.9458
vn -0.5680 -0.1407 0.8109
vn -0.5846 -0.0271 0.8109
vn -0.7966 -0.0370 0.6034
vn -0.7500 -0.5532 0.3626
vn 0.2257 -0.9465 0.2307
vn 0.1967 -0.9554 0.2203
vn -0.3750 -0.6218 0.6876
vn -0.2279 -0.3779 0.8974
vn -0.1498 -0.4151 0.8974
vn -0.2465 -0.6830 0.6876
vn -0.1085 -0.7180 0.6876
vn 0.6364 -0.4185 0.6480
vn 0.7067 -0.6456 0.2894
vn 0.0337 -0.7254 0.6875
vn 0.6151 -0.7793 0.1195
vn 0.1061 -0.4283 0.8974
vn 0.0205 -0.4408 0.8974
vn -0.0659 -0.4364 0.8973
vn 0.1061 -0.4284 0.8974
vn 0.0398 -0.8567 0.5142
vn 0.7004 -0.2894 0.6524
vn -0.1281 -0.8480 0.5142
vn 0.2062 -0.8325 0.5142
vn 0.1876 -0.3995 0.8973
vn 0.3646 -0.7763 0.5142
vn 0.5091 -0.6903 0.5142
vn 0.3261 -0.2972 0.8974
vn 0.3262 -0.2972 0.8974
vn 0.2620 -0.3552 0.8973
vn 0.5367 -0.4891 0.6875
vn 0.2619 -0.3551 0.8974
vn 0.4310 -0.5844 0.6875
vn 0.1876 -0.3994 0.8974
vn 0.1745 -0.7048 0.6876
vn 0.3087 -0.6572 0.6876
vn 0.3962 -0.8435 0.3626
vn 0.7271 0.0338 -0.6857
vn 0.7065 0.1750 -0.6857
vn 1.0000 -0.0026 -0.0000
vn 0.5858 0.4320 -0.6857
vn 0.4903 0.5380 -0.6857
vn 0.6735 0.7392 -0.0000
vn 0.9228 -0.3852 -0.0000
vn 0.3759 0.6233 -0.6857
vn 0.4429 0.7345 0.5142
vn 0.1087 0.7197 -0.6857
vn -0.0338 0.7271 -0.6857
vn -0.1750 0.7065 -0.6857
vn -0.3094 0.6588 -0.6857
vn -0.4320 0.5858 -0.6857
vn -0.5380 0.4903 -0.6857
vn -0.9577 -0.2876 -0.0000
vn -0.5091 0.6903 0.5142
vn -0.3646 0.7763 0.5142
vn -0.1061 0.4284 0.8973
vn -0.2062 0.8325 0.5142
vn -0.0398 0.8567 0.5142
vn -0.0205 0.4409 0.8973
vn 0.1281 0.8481 0.5142
vn 0.1498 0.4152 0.8973
vn 0.2911 0.8068 0.5142
vn 0.2279 0.3779 0.8973
vn 0.2973 0.3262 0.8973
vn 0.5777 0.6339 0.5142
vn 0.6902 0.5090 0.5142
vn 0.3993 0.1876 0.8974
vn 0.7762 0.3646 0.5144
vn -0.1518 0.7520 0.6414
vn 0.8567 0.0398 0.5143
vn 0.4408 0.0205 0.8974
vn 0.2720 0.4879 0.8294
vn -0.1876 0.3995 0.8973
vn -0.1876 0.3994 0.8974
vn -0.2619 0.3551 0.8974
vn -0.8726 0.4885 -0.0000
vn -0.9827 -0.1850 -0.0000
vn -0.8404 0.5420 -0.0000
vn -0.2773 0.9608 -0.0000
vn -0.2061 0.9785 -0.0000
vn 0.5005 0.8658 -0.0000
vn 0.5321 0.8467 -0.0000
vn 0.9668 0.2556 -0.0000
vn 0.9740 0.2266 -0.0000
vn 0.8726 -0.4885 -0.0000
vn 0.8404 -0.5420 -0.0000
vn 0.2790 -0.9603 -0.0000
vn 0.2787 -0.9604 -0.0000
vn 0.2004 -0.9797 -0.0000
vn -0.5005 -0.8658 -0.0000
vn -0.5321 -0.8467 -0.0000
vn -0.9544 -0.2986 -0.0000
vn -0.0000 -0.0000 -1.0000
vn -0.9827 -0.1852 -0.0000
vn -0.9545 -0.2983 -0.0000
vn -0.5004 -0.8658 -0.0000
vn 0.2005 -0.9797 -0.0000
vn 0.2791 -0.9603 -0.0000
vn 0.8402 -0.5422 -0.0000
vn 0.9739 0.2268 -0.0000
vn 0.9668 0.2554 -0.0000
vn 0.5004 0.8658 -0.0000
vn -0.8402 0.5422 -0.0000
vn -0.8403 0.5422 -0.0000
vn -0.8727 0.4883 -0.0000
vn 0.2786 -0.9604 -0.0000
vn -0.8726 0.4884 -0.0000
vn 0.5323 0.8466 -0.0000
vn 0.8404 -0.5419 -0.0000
vn 0.2788 -0.9604 -0.0000
vn 0.0001 -0.0000 -1.0000
vn -0.0001 -0.0000 1.0000
vn 0.8188 -0.4937 -0.2930
vn 0.0443 -0.9551 -0.2930
vn -0.9281 -0.2298 -0.2929
vn -0.9281 -0.2298 0.2929
vn -0.4938 -0.8188 0.2929
vn -0.1428 -0.9454 0.2929
vn 0.2298 -0.9281 0.2929
vn 0.7067 -0.6440 0.2929
vn 0.8654 0.4065 0.2930
vn -0.0444 0.9551 0.2930
vn -0.5675 0.7695 0.2929
vn -0.0001 -0.0000 -1.0000
vn 0.0001 -0.0000 1.0000
vn -0.0000 -0.0000 -0.0000
vn -0.6233 0.3759 -0.6857
vn 0.2471 0.6847 -0.6857
vn 0.6588 0.3094 -0.6857
vn -0.6588 -0.3094 -0.6857
vn -0.0000 -0.0000 1.0000
vn -0.7128 -0.7014 -0.0000
vn -0.1927 0.2613 0.9458
vn 0.0485 0.3210 0.9458
vn 0.2613 0.1927 0.9458
vn -0.3243 -0.0151 0.9458
vn -0.2613 -0.1927 0.9458
vn -0.1102 -0.3054 0.9458
vn 0.0780 -0.3151 0.9458
vn 0.3210 -0.0485 0.9458
vn 0.9669 0.2551 -0.0000
vn 0.9739 0.2269 -0.0000
vn 0.8783 -0.1327 -0.4593
vn 0.7092 0.5244 -0.4711
vn 0.5689 0.2187 0.7928
vn 0.4789 -0.3770 0.7928
vn 0.5227 -0.7105 -0.4711
vn -0.7105 -0.5227 -0.4711
vn -0.5244 0.7092 -0.4711
vn 0.2091 0.5716 0.7935
vn 0.1307 0.8723 -0.4711
vn -0.2563 0.5520 0.7935
vn -0.5412 0.2556 0.8011
vn -0.8698 0.1314 -0.4755
vn -0.5925 -0.0843 0.8011
vn -0.4079 -0.4517 0.7935
vn -0.1328 -0.8720 -0.4711
vn 0.0309 -0.6078 0.7935
vn 0.7093 0.5244 -0.4711
vn 0.4789 -0.3769 0.7928
vn -0.5244 0.7093 -0.4711
vn 0.2092 0.5715 0.7935
vn -0.2562 0.5521 0.7935
vn -0.5926 -0.0843 0.8011
vn -0.4080 -0.4517 0.7935
vn 0.0310 -0.6078 0.7935
vn 0.4790 -0.3770 0.7928
vn 0.2091 0.5716 0.7934
vn -0.5411 0.2557 0.8011
vn -0.1329 -0.8720 -0.4711
vn 0.4790 -0.3770 0.7927
vn 0.1307 0.8724 -0.4711
vn -0.7423 0.1121 0.6606
vn -0.7659 0.2764 0.5806
vn -0.7062 0.2548 0.6606
vn -0.6429 0.3877 0.6607
vn -0.3603 0.1300 0.9238
vn -0.3787 0.0572 0.9238
vn -0.7499 -0.0348 0.6606
vn -0.3718 -0.0921 0.9238
vn -0.7287 -0.1804 0.6606
vn -0.3624 -0.1286 0.9231
vn -0.7201 -0.2555 0.6452
vn -0.6795 -0.3191 0.6606
vn -0.3082 -0.2273 0.9237
vn -0.6042 -0.4456 0.6606
vn -0.2580 -0.2831 0.9238
vn -0.5056 -0.5549 0.6606
vn -0.2299 -0.3083 0.9231
vn -0.4568 -0.6125 0.6452
vn -0.3877 -0.6428 0.6607
vn -0.1978 -0.3280 0.9237
vn -0.2548 -0.7061 0.6607
vn -0.1300 -0.3603 0.9237
vn -0.1121 -0.7423 0.6606
vn -0.0572 -0.3787 0.9238
vn 0.0348 -0.7499 0.6606
vn 0.0920 -0.3717 0.9238
vn 0.1804 -0.7287 0.6606
vn 0.1286 -0.3624 0.9231
vn 0.2554 -0.7201 0.6452
vn 0.3191 -0.6795 0.6607
vn 0.2273 -0.3082 0.9238
vn 0.4456 -0.6042 0.6607
vn 0.5548 -0.5057 0.6606
vn 0.3082 -0.2299 0.9231
vn 0.6124 -0.4568 0.6452
vn 0.6429 -0.3877 0.6606
vn 0.3280 -0.1978 0.9238
vn 0.7061 -0.2548 0.6606
vn 0.3602 -0.1300 0.9238
vn 0.7423 -0.1121 0.6607
vn 0.3787 -0.0572 0.9238
vn 0.7499 0.0348 0.6606
vn 0.3825 0.0178 0.9238
vn 0.7287 0.1805 0.6607
vn 0.3624 0.1285 0.9231
vn 0.7201 0.2555 0.6452
vn 0.6795 0.3191 0.6607
vn 0.3082 0.2273 0.9238
vn 0.6042 0.4456 0.6606
vn 0.5056 0.5549 0.6607
vn 0.2299 0.3083 0.9231
vn 0.4568 0.6125 0.6452
vn 0.3877 0.6428 0.6607
vn 0.1300 0.3602 0.9238
vn 0.2548 0.7061 0.6606
vn 0.0572 0.3787 0.9238
vn 0.1122 0.7423 0.6606
vn -0.0348 0.7499 0.6606
vn -0.0921 0.3718 0.9238
vn -0.1805 0.7287 0.6606
vn -0.1286 0.3625 0.9231
vn -0.2554 0.7201 0.6451
vn -0.3191 0.6795 0.6607
vn -0.1628 0.3467 0.9237
vn -0.4456 0.6042 0.6606
vn -0.2273 0.3082 0.9237
vn -0.5549 0.5057 0.6606
vn -0.3083 0.2299 0.9231
vn -0.6124 0.4568 0.6452
vn -0.6972 0.4205 0.5806
vn -0.6019 0.5484 0.5806
vn -0.6468 0.4823 0.5908
vn -0.5736 0.5231 0.6304
vn -0.6677 0.4050 0.6246
vn -0.7332 0.2635 0.6269
vn -0.1249 0.0794 0.9890
vn -0.0630 0.0521 0.9967
vn -0.6307 0.4708 0.6169
vn -0.1457 0.1256 0.9813
vn 0.7696 -0.4641 0.4385
vn -0.1775 0.0659 0.9819
vn 0.5102 -0.7412 0.4362
vn 0.6237 -0.3762 0.6852
vn 0.7186 -0.5414 0.4364
vn 0.3480 -0.6624 0.6634
vn 0.2296 -0.8664 0.4435
vn 0.4117 -0.7010 0.5823
vn 0.0795 -0.7151 0.6944
vn 0.2052 -0.4760 0.8552
vn 0.3195 -0.6063 0.7282
vn 0.5276 -0.5456 0.6511
vn 0.4895 -0.6633 0.5660
vn 0.3836 -0.3490 0.8550
vn 0.5906 -0.4423 0.6750
vn 0.3750 -0.2850 0.8821
vn 0.3075 -0.4176 0.8550
vn 0.3663 -0.6661 0.6497
vn 0.4850 -0.4834 0.7287
vn 0.2201 -0.4716 0.8539
vn 0.2490 -0.6973 0.6722
vn 0.3939 -0.3351 0.8559
vn 0.1618 -0.4437 0.8814
vn 0.1408 -0.4533 0.8802
vn 0.1767 -0.7107 0.6810
vn 0.1132 -0.4572 0.8821
vn 0.2458 -0.6799 0.6909
vn 0.1756 -0.7100 0.6820
vn 0.5276 -0.5279 0.6655
vn 0.3057 -0.8485 0.4320
vn 0.5552 -0.7077 0.4370
vn 0.2167 -0.8751 0.4327
vn 0.6586 -0.2818 0.6978
vn 0.7544 -0.4755 0.4526
vn 0.5463 -0.6010 0.5834
vn -0.0116 0.1813 0.9834
vn -0.0300 0.0624 0.9976
vn -0.1465 0.1956 0.9697
vn -0.4593 0.6243 0.6319
vn -0.3275 0.7001 0.6345
vn -0.2633 0.7373 0.6222
vn -0.0305 0.1301 0.9910
vn -0.1833 0.7519 0.6333
vn -0.0817 0.1559 0.9844
vn -0.0348 0.7673 0.6403
vn -0.1645 -0.8886 0.4283
vn -0.2233 -0.7186 0.6586
vn -0.4522 -0.7789 0.4345
vn -0.2056 -0.7910 0.5762
vn -0.4504 -0.5662 0.6904
vn -0.1923 -0.4845 0.8534
vn -0.2179 -0.6340 0.7420
vn -0.0134 -0.7632 0.6460
vn -0.0436 -0.8279 0.5591
vn 0.0035 -0.2413 0.9705
vn -0.0001 -0.3146 0.9492
vn -0.0097 -0.1869 0.9823
vn -0.1236 -0.8201 0.5587
vn -0.0881 -0.6983 0.7103
vn -0.0364 -0.2345 0.9714
vn -0.0779 -0.2317 0.9697
vn -0.2032 -0.8048 0.5576
vn -0.1220 -0.6934 0.7101
vn 0.0221 -0.6690 0.7429
vn -0.2132 -0.7345 0.6443
vn 0.0419 -0.5179 0.8544
vn -0.3801 -0.6316 0.6758
vn -0.2445 -0.4056 0.8807
vn -0.3800 -0.6297 0.6775
vn -0.0012 -0.7498 0.6617
vn 0.2673 -0.6673 0.6952
vn 0.1962 -0.8725 0.4476
vn -0.1091 -0.8965 0.4294
vn -0.4677 -0.7755 0.4242
vn -0.4390 -0.5810 0.6854
vn -0.5456 -0.7243 0.4215
vn -0.6685 -0.3526 0.6548
vn -0.7471 -0.5147 0.4207
vn -0.4807 -0.2077 0.8520
vn -0.2877 -0.3787 0.8796
vn -0.5521 -0.5337 0.6406
vn -0.6125 -0.3238 0.7211
vn -0.7215 -0.0821 0.6875
vn -0.6706 -0.4949 0.5526
vn -0.4894 -0.4896 0.7216
vn -0.6738 -0.3705 0.6393
vn -0.3388 -0.3978 0.8526
vn -0.4796 -0.2239 0.8484
vn -0.7054 -0.2515 0.6627
vn -0.4250 -0.3129 0.8494
vn -0.4481 -0.1635 0.8789
vn -0.4655 -0.1500 0.8722
vn -0.7186 -0.1781 0.6722
vn -0.4615 -0.1143 0.8798
vn -0.6870 -0.2483 0.6830
vn -0.7169 -0.1774 0.6742
vn -0.5341 -0.5320 0.6570
vn -0.8551 -0.3080 0.4171
vn -0.7137 -0.5594 0.4215
vn -0.8817 -0.2184 0.4183
vn -0.2861 -0.6638 0.6910
vn -0.4805 -0.7593 0.4388
vn -0.6077 -0.5512 0.5718
vn 0.1479 -0.0027 0.9890
vn 0.0286 0.0179 0.9994
vn 0.1679 0.1259 0.9777
vn 0.6097 0.4486 0.6535
vn 0.6839 0.3202 0.6556
vn 0.7208 0.2573 0.6436
vn 0.0971 0.0207 0.9951
vn 0.7356 0.1800 0.6531
vn 0.1263 0.0769 0.9890
vn 0.7522 0.0351 0.6580
vn -0.8938 0.1632 0.4177
vn -0.7230 0.2221 0.6542
vn -0.7824 0.4496 0.4309
vn -0.7967 0.2052 0.5686
vn -0.5667 0.4528 0.6884
vn -0.4869 0.1937 0.8517
vn -0.6377 0.2193 0.7384
vn -0.7702 0.0132 0.6376
vn -0.8347 0.0435 0.5489
vn -0.2503 -0.0051 0.9681
vn -0.2420 0.0366 0.9696
vn -0.8263 0.1248 0.5492
vn -0.7037 0.0879 0.7051
vn -0.8103 0.2050 0.5490
vn -0.6981 0.1239 0.7052
vn -0.2376 0.0788 0.9682
vn -0.7398 0.2146 0.6377
vn -0.6739 -0.0213 0.7385
vn -0.5224 -0.0412 0.8517
vn -0.7563 0.0014 0.6542
vn -0.6751 -0.2652 0.6884
vn -0.8803 -0.1985 0.4309
vn -0.9021 0.1081 0.4177
vn -0.6325 0.3813 0.6742
vn -0.7779 0.4691 0.4182
vn -0.4071 0.2455 0.8798
vn -0.7259 0.5469 0.4170
vn -0.5829 0.4402 0.6830
vn -0.3534 0.6659 0.6570
vn -0.5167 0.7453 0.4215
vn -0.2062 0.4800 0.8527
vn -0.5994 0.4488 0.6628
vn -0.3799 0.2885 0.8789
vn -0.5342 0.5532 0.6392
vn -0.3229 0.6123 0.7217
vn -0.0774 0.7184 0.6913
vn -0.4945 0.6709 0.5526
vn -0.4895 0.4902 0.7212
vn -0.3699 0.6729 0.6406
vn -0.2240 0.4776 0.8496
vn -0.3136 0.4244 0.8494
vn -0.2512 0.7029 0.6655
vn -0.3979 0.3403 0.8520
vn -0.1632 0.4468 0.8796
vn -0.0007 0.3202 0.9473
vn -0.1765 0.7156 0.6758
vn -0.1138 0.4598 0.8807
vn -0.2476 0.6848 0.6854
vn -0.1770 0.7139 0.6775
vn -0.5342 0.5346 0.6549
vn -0.3072 0.8532 0.4215
vn -0.5615 0.7125 0.4206
vn -0.2177 0.8790 0.4242
vn -0.6647 0.2916 0.6879
vn -0.7646 0.4807 0.4293
vn -0.5531 0.6071 0.5705
vn -0.0034 -0.1555 0.9878
vn 0.0186 -0.0414 0.9990
vn 0.1232 -0.1699 0.9777
vn 0.3230 -0.6862 0.6517
vn 0.4500 -0.6087 0.6535
vn 0.2575 -0.7252 0.6386
vn 0.1863 -0.7411 0.6450
vn 0.0292 -0.1096 0.9935
vn 0.0354 -0.7632 0.6452
vn 0.1605 0.8888 0.4293
vn 0.0722 -0.1465 0.9866
vn 0.2192 0.7169 0.6619
vn 0.4442 0.7765 0.4468
vn 0.2032 0.7908 0.5774
vn 0.4514 0.5580 0.6964
vn 0.1929 0.4822 0.8546
vn 0.2184 0.6322 0.7434
vn 0.0132 0.7647 0.6442
vn 0.0434 0.8290 0.5575
vn -0.0060 0.2443 0.9697
vn 0.0345 0.2348 0.9714
vn 0.1244 0.8201 0.5586
vn 0.0874 0.6986 0.7102
vn 0.0459 0.1814 0.9823
vn 0.2027 0.8040 0.5590
vn 0.1219 0.6941 0.7095
vn 0.0746 0.2295 0.9705
vn 0.2129 0.7331 0.6459
vn -0.0207 0.6706 0.7415
vn -0.0405 0.5194 0.8536
vn 0.0001 0.7523 0.6588
vn -0.2621 0.6732 0.6915
vn -0.2006 0.8784 0.4339
vn 0.1055 0.8976 0.4281
vn 0.3774 0.6264 0.6820
vn 0.4655 0.7721 0.4326
vn 0.2432 0.4033 0.8821
vn 0.6606 0.3477 0.6654
vn 0.5427 0.7203 0.4320
vn 0.1601 0.2180 0.9627
vn 0.4756 0.2037 0.8557
vn 0.8611 0.2303 0.4532
vn 0.7394 0.5120 0.4372
vn 0.7133 0.0743 0.6969
vn 0.6991 0.4128 0.5838
vn -0.0646 -0.1698 0.9834
vn -0.0470 -0.0509 0.9976
vn -0.0676 -0.1152 0.9910
vn -0.4694 -0.6266 0.6221
vn -0.3972 -0.6642 0.6333
vn -0.5198 -0.5721 0.6344
vn -0.1242 -0.1248 0.9844
vn -0.2599 -0.7228 0.6404
vn -0.4205 -0.6972 0.5806
vn -0.2764 -0.7659 0.5806
vn -0.4824 -0.6468 0.5908
vn -0.5484 -0.6018 0.5806
vn -0.6553 -0.4833 0.5806
vn -0.6232 -0.4608 0.6319
vn -0.7025 -0.3304 0.6304
vn -0.7370 -0.3461 0.5806
vn -0.1978 -0.1435 0.9697
vn 0.6003 0.5478 0.5827
vn -0.1889 -0.0107 0.9819
vn 0.7062 0.5575 0.4364
vn 0.4742 0.7602 0.4440
vn 0.5276 0.5309 0.6631
vn 0.2871 0.6607 0.6935
vn 0.3367 0.3943 0.8551
vn 0.4846 0.4849 0.7280
vn 0.6653 0.3654 0.6511
vn 0.6636 0.4891 0.5660
vn 0.6063 0.3189 0.7285
vn 0.5467 0.5282 0.6497
vn 0.4171 0.3082 0.8550
vn 0.4438 0.5926 0.6722
vn 0.3495 0.3856 0.8539
vn 0.2858 0.3761 0.8814
vn 0.3787 0.6267 0.6810
vn 0.2665 0.3910 0.8810
vn 0.0931 0.3002 0.9493
vn -0.3180 -0.2672 0.9096
vn -0.6296 -0.1592 0.7605
vn -0.0001 0.0668 0.9978
vn -0.1486 -0.3497 0.9250
vn -0.6914 -0.0074 0.7224
vn -0.1815 0.0730 0.9807
vn -0.4229 0.1542 0.8930
vn 0.0350 -0.0105 0.9993
vn -0.0683 0.0824 0.9943
vn -0.0233 -0.0455 0.9987
vn -0.0573 -0.0422 0.9975
vn -0.0361 -0.0266 0.9990
vn -0.0513 -0.0088 0.9986
vn 0.0288 -0.4664 0.8841
vn 0.0192 -0.1959 0.9804
vn 0.4697 0.2200 0.8550
vn 0.4517 0.1413 0.8809
vn -0.3158 -0.5579 0.7675
vn 0.3110 -0.0004 0.9504
vn -0.2017 -0.6710 0.7135
vn -0.3485 -0.2257 0.9097
vn -0.0001 0.0357 0.9994
vn 0.0591 -0.0917 0.9940
vn 0.0549 0.0105 0.9984
vn 0.0637 -0.0198 0.9978
vn -0.3780 -0.0386 0.9250
vn -0.3598 0.0187 0.9328
vn 0.0633 -0.0033 0.9980
vn 0.0660 0.0160 0.9977
vn 0.0488 0.0700 0.9964
vn 0.5973 -0.0308 0.8014
vn 0.0803 0.0943 0.9923
vn 0.5729 0.1616 0.8035
vn 0.0924 0.0724 0.9931
vn 0.5505 -0.0447 0.8336
vn 0.0623 0.1817 0.9814
vn 0.1786 0.1654 0.9699
vn 0.4447 -0.1535 0.8824
vn 0.0056 -0.0751 0.9972
vn 0.0728 -0.1455 0.9867
vn 0.1131 -0.0111 0.9935
vn 0.0900 -0.0308 0.9955
vn 0.0638 -0.0079 0.9979
vn -0.3225 0.0846 0.9428
vn -0.3231 0.1393 0.9360
vn -0.3774 0.0570 0.9243
vn 0.0409 0.4704 0.8815
vn 0.1802 -0.0093 0.9836
vn 0.2275 -0.0344 0.9732
vn 0.2239 -0.0744 0.9718
vn 0.1749 -0.0443 0.9836
vn 0.8222 -0.0432 0.5676
vn 0.8138 -0.1232 0.5680
vn 0.7984 -0.2015 0.5674
vn 0.7276 -0.2116 0.6526
vn 0.6241 -0.3761 0.6849
vn -0.2911 0.3276 0.8988
vn 0.2960 -0.0924 0.9507
vn -0.1805 0.6323 0.7534
vn 0.3877 -0.2614 0.8839
vn -0.0251 0.6968 0.7168
vn 0.0698 0.1815 0.9809
vn 0.1448 0.4099 0.9006
vn -0.0481 -0.0915 0.9946
vn 0.0222 0.1012 0.9946
vn 0.0207 0.0998 0.9948
vn -0.0422 0.0572 0.9975
vn -0.0267 0.0361 0.9990
vn -0.0089 0.0508 0.9987
vn -0.4580 -0.0254 0.8886
vn -0.1954 -0.0176 0.9806
vn -0.5562 0.3270 0.7640
vn -0.6648 0.2065 0.7179
vn -0.2253 0.3488 0.9097
vn 0.0361 -0.0001 0.9993
vn -0.0907 -0.0588 0.9941
vn 0.0105 -0.0549 0.9984
vn -0.0199 -0.0638 0.9978
vn -0.0387 0.3779 0.9250
vn -0.0094 -0.0624 0.9980
vn -0.0033 -0.0634 0.9980
vn 0.0186 0.3598 0.9328
vn 0.0570 0.3774 0.9243
vn -0.0094 -0.0625 0.9980
vn 0.1486 0.3496 0.9250
vn 0.0907 0.3786 0.9211
vn -0.0077 -0.0308 0.9995
vn -0.0156 -0.0615 0.9980
vn -0.0263 -0.0493 0.9984
vn 0.0002 -0.0668 0.9978
vn 0.0718 -0.0845 0.9938
vn 0.3189 0.2653 0.9099
vn -0.0949 -0.3063 0.9472
vn 0.6223 0.1151 0.7743
vn -0.2770 -0.3973 0.8749
vn 0.7093 -0.0177 0.7046
vn 0.1813 -0.0791 0.9802
vn -0.3551 -0.3902 0.8495
vn 0.4510 -0.1780 0.8746
vn -0.0333 0.0109 0.9994
vn 0.0234 0.0475 0.9986
vn 0.0716 0.0528 0.9960
vn 0.0573 0.0422 0.9975
vn 0.0361 0.0266 0.9990
vn -0.0448 0.4977 0.8662
vn -0.0243 0.1974 0.9800
vn 0.2752 0.5623 0.7798
vn -0.3252 0.0001 0.9456
vn 0.1850 0.6923 0.6975
vn 0.3472 0.2268 0.9100
vn 0.0530 0.0083 0.9986
vn 0.0009 -0.0345 0.9994
vn -0.0599 0.0949 0.9937
vn -0.0549 -0.0105 0.9984
vn -0.0638 0.0198 0.9978
vn 0.3779 0.0386 0.9250
vn 0.3598 -0.0187 0.9329
vn -0.0633 0.0033 0.9980
vn -0.0660 -0.0160 0.9977
vn -0.0488 -0.0700 0.9964
vn -0.0623 0.0094 0.9980
vn -0.0624 0.0094 0.9980
vn -0.5741 -0.0268 0.8183
vn -0.5682 0.0858 0.8184
vn -0.0614 0.0155 0.9980
vn -0.0614 0.0156 0.9980
vn -0.5406 0.1954 0.8183
vn -0.0583 0.0347 0.9977
vn -0.0493 0.0263 0.9984
vn -0.0615 0.0156 0.9980
vn -0.0668 -0.0001 0.9978
vn 0.3492 -0.0884 0.9329
vn -0.0625 0.0094 0.9980
vn 0.3773 -0.0570 0.9243
vn -0.1946 0.0101 0.9808
vn -0.1889 0.0478 0.9808
vn 0.3498 -0.1485 0.9250
vn 0.2653 -0.3189 0.9099
vn -0.3104 0.0963 0.9457
vn -0.0845 -0.0718 0.9938
vn 0.0109 0.0333 0.9994
vn -0.0178 -0.7092 0.7047
vn 0.1149 -0.6224 0.7742
vn 0.0475 -0.0234 0.9986
vn -0.1780 -0.4509 0.8746
vn -0.0792 -0.1814 0.9802
vn -0.3999 0.2784 0.8733
vn -0.3921 0.3557 0.8484
vn 0.0266 -0.0361 0.9990
vn 0.1959 0.0191 0.9804
vn 0.0422 -0.0573 0.9975
vn 0.0528 -0.0716 0.9960
vn 0.4660 0.0287 0.8843
vn 0.0084 -0.0514 0.9986
vn 0.6707 -0.2020 0.7137
vn 0.5578 -0.3163 0.7673
vn -0.0357 -0.0001 0.9994
vn 0.0916 0.0591 0.9940
vn 0.2256 -0.3484 0.9098
vn -0.1446 0.4597 0.8762
vn 0.6993 0.0833 0.7099
vn 0.0387 -0.3779 0.9250
vn 0.0097 0.1883 0.9821
vn 0.0033 0.0634 0.9980
vn -0.0105 0.0549 0.9984
vn -0.0159 0.0660 0.9977
vn 0.0033 0.0633 0.9980
vn -0.0700 0.0488 0.9964
vn -0.0741 -0.0406 0.9964
vn -0.1617 0.5729 0.8035
vn -0.1030 0.0760 0.9918
vn -0.2675 0.5651 0.7805
vn -0.0882 0.0913 0.9919
vn -0.0716 0.0971 0.9927
vn -0.0613 0.1111 0.9919
vn -0.3722 0.5047 0.7789
vn -0.0425 0.1214 0.9917
vn -0.4611 0.4226 0.7802
vn 0.0620 0.0576 0.9964
vn -0.4996 0.3238 0.8035
vn -0.0259 0.0812 0.9964
vn -0.7694 0.4640 0.4391
vn -0.5158 0.3847 0.7655
vn -0.4763 0.1714 0.8624
vn -0.8451 0.3049 0.4391
vn -0.4333 0.2613 0.8625
vn -0.7198 0.5370 0.4400
vn -0.6640 0.6052 0.4391
vn -0.3742 0.3407 0.8625
vn -0.3884 0.2895 0.8749
vn -0.3003 0.4072 0.8625
vn -0.5333 0.7230 0.4391
vn 0.4836 -0.0253 0.8749
vn 0.5056 0.0232 0.8625
vn 0.4696 -0.1191 0.8748
vn 0.5003 -0.0756 0.8625
vn 0.4759 -0.1718 0.8626
vn 0.4333 -0.2613 0.8626
vn 0.3883 -0.2899 0.8748
vn 0.3737 -0.3409 0.8626
vn 0.3003 -0.4072 0.8625
vn 0.2150 -0.4581 0.8625
vn 0.1619 -0.4565 0.8749
vn 0.1217 -0.4911 0.8626
vn 0.0235 -0.5055 0.8625
vn 0.6992 -0.1056 0.7071
vn -0.1189 -0.4696 0.8748
vn -0.0756 -0.5003 0.8625
vn -0.1717 -0.4760 0.8625
vn -0.2613 -0.4333 0.8625
vn -0.2897 -0.3883 0.8748
vn -0.3408 -0.3739 0.8626
vn -0.4072 -0.3003 0.8625
vn -0.4581 -0.2151 0.8625
vn -0.4566 -0.1623 0.8747
vn -0.4911 -0.1216 0.8626
vn -0.5052 -0.0238 0.8626
vn -0.4838 0.0252 0.8748
vn -0.4696 0.1190 0.8748
vn -0.5003 0.0756 0.8626
vn -0.2152 0.4578 0.8626
vn -0.1621 0.4566 0.8748
vn -0.1216 0.4911 0.8626
vn -0.0232 0.5056 0.8625
vn 0.0254 0.4836 0.8749
vn 0.0007 -0.0000 1.0000
vn 0.0756 0.5003 0.8626
vn 0.1717 0.4760 0.8625
vn 0.2613 0.4333 0.8625
vn 0.2895 0.3883 0.8749
vn 0.3407 0.3741 0.8625
vn 0.4072 0.3003 0.8626
vn 0.4579 0.2152 0.8626
vn 0.4566 0.1620 0.8748
vn 0.4912 0.1216 0.8625
vn 0.8721 0.2159 0.4391
vn 0.8974 0.0422 0.4391
vn 0.8968 -0.0463 0.4400
vn 0.8884 -0.1342 0.4391
vn 0.5741 0.0268 0.8184
vn 0.4929 -0.1246 0.8611
vn 0.8704 -0.2208 0.4400
vn 0.8450 -0.3052 0.4391
vn 0.7694 -0.4639 0.4391
vn 0.5048 -0.3749 0.7776
vn 0.5247 -0.3914 0.7560
vn 0.6641 -0.6051 0.4391
vn 0.7199 -0.5368 0.4400
vn 0.4693 -0.4220 0.7757
vn 0.3722 -0.5047 0.7789
vn 0.5332 -0.7231 0.4391
vn 0.3819 -0.8132 0.4391
vn 0.2679 -0.5649 0.7805
vn 0.2150 -0.6057 0.7661
vn 0.3003 -0.8463 0.4400
vn 0.2160 -0.8721 0.4391
vn 0.1616 -0.5729 0.8035
vn 0.0268 -0.5741 0.8184
vn 0.0416 -0.8975 0.4391
vn -0.0308 -0.5973 0.8014
vn -0.0465 -0.8968 0.4400
vn -0.1342 -0.8884 0.4391
vn -0.0859 -0.5681 0.8184
vn -0.1469 -0.5799 0.8013
vn -0.2210 -0.8704 0.4399
vn -0.3047 -0.8452 0.4391
vn -0.1950 -0.5405 0.8184
vn -0.3238 -0.4996 0.8035
vn -0.4640 -0.7694 0.4391
vn -0.3847 -0.5158 0.7655
vn -0.5365 -0.7201 0.4400
vn -0.6048 -0.6644 0.4391
vn -0.4226 -0.4611 0.7802
vn -0.5047 -0.3722 0.7789
vn -0.7231 -0.5332 0.4391
vn -0.5656 -0.2672 0.7802
vn -0.8132 -0.3820 0.4391
vn -0.6069 -0.2151 0.7651
vn -0.8463 -0.3004 0.4400
vn -0.8721 -0.2160 0.4391
vn -0.5729 -0.1619 0.8035
vn -0.8975 -0.0419 0.4391
vn -0.5973 0.0308 0.8014
vn -0.8968 0.0463 0.4400
vn -0.8883 0.1342 0.4391
vn -0.5796 0.1472 0.8015
vn -0.8705 0.2205 0.4400
vn -0.0768 -0.1034 0.9917
vn 0.0433 -0.0729 0.9964
vn -0.0914 -0.0880 0.9919
vn -0.0971 -0.0716 0.9927
vn -0.1111 -0.0613 0.9919
vn -0.1211 -0.0425 0.9917
vn -0.0576 0.0620 0.9964
vn -0.0813 -0.0259 0.9964
vn -0.0347 -0.0583 0.9977
vn -0.0156 -0.0614 0.9980
vn -0.0094 -0.0623 0.9980
vn -0.0033 -0.0633 0.9980
vn 0.6948 -0.1500 0.7034
vn 0.0159 -0.0660 0.9977
vn 0.0700 -0.0488 0.9964
vn 0.1032 -0.0761 0.9917
vn 0.0743 0.0395 0.9965
vn 0.0883 -0.0913 0.9919
vn 0.0716 -0.0971 0.9927
vn -0.0528 0.0716 0.9960
vn 0.1326 -0.0303 0.9907
vn 0.1901 0.0092 0.9817
vn 0.0719 0.1037 0.9920
vn 0.0452 -0.1958 0.9796
vn 0.8463 0.3002 0.4400
vn 0.6060 0.2151 0.7659
vn 0.0762 0.1032 0.9917
vn 0.5651 0.2677 0.7804
vn 0.0913 0.0882 0.9919
vn 0.8132 0.3820 0.4391
vn 0.5047 0.3722 0.7789
vn 0.0971 0.0716 0.9927
vn 0.7231 0.5333 0.4391
vn 0.6051 0.6641 0.4391
vn 0.4225 0.4605 0.7807
vn 0.5369 0.7199 0.4400
vn 0.3840 0.5152 0.7662
vn 0.1208 0.0420 0.9918
vn 0.1113 0.0611 0.9919
vn 0.0599 -0.0591 0.9965
vn -0.0716 -0.0528 0.9960
vn 0.3235 0.4996 0.8036
vn 0.0812 0.0259 0.9964
vn 0.0347 0.0583 0.9977
vn 0.0262 0.0493 0.9984
vn 0.0156 0.0614 0.9980
vn 0.0156 0.0615 0.9980
vn -0.0884 -0.3492 0.9329
vn 0.0094 0.0624 0.9980
vn 0.0094 0.0625 0.9980
vn -0.0570 -0.3774 0.9243
vn -0.0186 -0.3598 0.9328
vn 0.0094 0.0623 0.9980
vn 0.0858 0.5682 0.8184
vn 0.1953 0.5406 0.8183
vn 0.1471 0.5797 0.8014
vn 0.3053 0.8450 0.4391
vn 0.1342 0.8884 0.4391
vn 0.2209 0.8704 0.4400
vn 0.0461 0.8968 0.4400
vn 0.0309 0.5974 0.8014
vn -0.0421 0.8975 0.4391
vn -0.0267 0.5740 0.8184
vn -0.2160 0.8721 0.4391
vn -0.2999 0.8464 0.4400
vn -0.2149 0.6061 0.7658
vn -0.3816 0.8134 0.4391
vn 0.4639 0.7694 0.4391
vn -0.0404 0.0739 0.9964
vn -0.6340 0.3824 0.6722
vn -0.4475 -0.5974 0.6655
vn 0.4018 -0.2422 0.8831
vn 0.5148 0.0410 0.8563
vn 0.7456 -0.0003 0.6664
vn 0.5751 -0.4345 0.6932
vn 0.8918 -0.1065 0.4397
vn 0.8707 0.1980 0.4502
vn 0.6652 0.2638 0.6985
vn 0.6650 0.0215 0.7466
vn 0.6887 -0.1208 0.7149
vn 0.6928 -0.0871 0.7159
vn 0.6274 -0.2176 0.7476
vn 0.7576 -0.0129 0.6526
vn 0.4797 -0.1913 0.8563
vn 0.5575 -0.4486 0.6986
vn 0.7124 -0.2200 0.6664
vn 0.7733 -0.4464 0.4503
vn 0.8835 -0.1618 0.4397
vn 0.7852 -0.2037 0.5848
vn -0.1763 -0.0770 0.9813
vn -0.2487 0.0376 0.9678
vn 0.8103 -0.0374 0.5848
vn -0.7701 0.1163 0.6272
vn -0.7783 -0.0352 0.6268
vn -0.8133 -0.0378 0.5806
vn -0.8051 0.1216 0.5806
vn -0.1427 -0.0390 0.9890
vn -0.7576 -0.1897 0.6246
vn -0.7903 -0.1957 0.5806
vn -0.7604 -0.2697 0.5908
vn -0.0753 -0.0309 0.9967
vn -0.7415 -0.2635 0.6170
vn 0.8724 0.2160 0.4385
vn 0.8465 0.3049 0.4364
vn 0.7070 0.1751 0.6852
vn 0.6777 0.2452 0.6932
vn 0.4555 0.1127 0.8831
vn 0.4424 0.1615 0.8821
vn 0.7073 0.1750 0.6849
vn 0.6948 0.2480 0.6751
vn 0.2358 0.0049 0.9718
vn -0.1216 -0.8051 0.5806
vn 0.0378 -0.8133 0.5806
vn -0.1132 -0.7576 0.6429
vn -0.0364 -0.2242 0.9739
vn 0.0371 0.8168 0.5758
vn 0.1957 -0.7903 0.5806
vn 0.2697 -0.7604 0.5908
vn 0.3461 -0.7370 0.5806
vn 0.4833 -0.6553 0.5806
vn 0.5587 -0.5081 0.6555
vn 0.6019 -0.5484 0.5806
vn 0.1423 -0.0412 0.9890
vn 0.0221 -0.0255 0.9994
vn 0.6125 -0.4589 0.6436
vn 0.6468 -0.4823 0.5908
vn -0.4178 0.7062 0.5717
vn -0.2352 0.8674 0.4386
vn 0.0867 -0.0485 0.9951
vn 0.6496 -0.3893 0.6531
vn 0.0979 -0.1107 0.9890
vn 0.7083 -0.2557 0.6580
vn 0.7659 -0.2764 0.5806
vn 0.6973 -0.4205 0.5806
vn 0.8051 -0.1216 0.5806
vn 0.8133 0.0378 0.5806
vn 0.7448 -0.1125 0.6578
vn 0.2005 -0.0303 0.9792
vn -0.8217 0.0393 0.5686
vn 0.7903 0.1957 0.5806
vn 0.7604 0.2699 0.5907
vn 0.7369 0.3463 0.5806
vn 0.6553 0.4833 0.5805
vn 0.5484 0.6018 0.5806
vn 0.5114 0.5601 0.6517
vn 0.4603 0.6166 0.6387
vn 0.0429 0.1494 0.9878
vn 0.4824 0.6468 0.5908
vn 0.0300 0.0340 0.9990
vn -0.7076 -0.4166 0.5707
vn -0.8725 -0.2329 0.4295
vn 0.3969 0.6530 0.6450
vn 0.0603 0.0961 0.9935
vn 0.2593 0.7187 0.6452
vn 0.2764 0.7659 0.5806
vn 0.4205 0.6972 0.5806
vn 0.1216 0.8051 0.5806
vn -0.0378 0.8133 0.5806
vn 0.0314 0.2249 0.9739
vn 0.1157 0.7572 0.6429
vn 0.1122 0.1186 0.9866
vn -0.0396 -0.8152 0.5778
vn -0.1957 0.7903 0.5806
vn -0.3461 0.7370 0.5805
vn 0.6639 0.2673 0.6984
vn -0.4833 0.6553 0.5806
vn -0.3280 0.1978 0.9238
vn -0.3826 -0.0178 0.9238
vn -0.3467 -0.1628 0.9238
vn 0.0178 -0.3826 0.9238
vn 0.1628 -0.3466 0.9238
vn 0.2830 -0.2580 0.9238
vn 0.3717 0.0921 0.9238
vn 0.3466 0.1628 0.9238
vn 0.2579 0.2831 0.9238
vn 0.1978 0.3280 0.9238
vn -0.0178 0.3826 0.9238
vn -0.2831 0.2580 0.9237
vn 0.0851 -0.8802 0.4669
vn 0.4325 -0.5863 0.6850
vn 0.8110 -0.3331 0.4809
vn 0.4472 -0.6063 0.6575
vn -0.5635 -0.6875 0.4581
vn -0.1095 -0.7245 0.6806
vn 0.3385 -0.8105 0.4780
vn -0.8864 -0.0875 0.4546
vn -0.5929 -0.4373 0.6762
vn -0.3374 -0.8163 0.4688
vn -0.6129 -0.4521 0.6481
vn -0.6859 0.5640 0.4598
vn -0.7301 0.1103 0.6744
vn -0.8219 -0.3362 0.4598
vn -0.0819 0.8793 0.4692
vn -0.4373 0.5929 0.6762
vn -0.8205 0.3461 0.4550
vn -0.4520 0.6129 0.6481
vn 0.5603 0.6757 0.4790
vn 0.1095 0.7244 0.6807
vn -0.3325 0.8237 0.4593
vn 0.8740 0.0767 0.4798
vn 0.6063 0.4471 0.6577
vn 0.3396 0.8172 0.4657
vn 0.5864 0.4324 0.6849
vn -0.0275 -0.6907 0.7226
vn 0.8127 0.3338 0.4777
vn 0.7187 -0.1086 0.6868
vn 0.6778 -0.5591 0.4775
vn 0.7434 -0.1123 0.6594
vn 0.1132 0.7491 0.6527
vn -0.7547 0.1140 0.6461
vn -0.1131 -0.7490 0.6528
vt 0.890758 0.444653
vt 0.887158 0.367144
vt 0.874551 0.369412
vt 0.865000 0.446948
vt 0.866501 0.518513
vt 0.892193 0.521108
vt 0.903770 0.444709
vt 0.888899 0.366831
vt 0.905162 0.523494
vt 0.905566 0.444717
vt 0.879087 0.596001
vt 0.891582 0.600640
vt 0.906951 0.523823
vt 0.889639 0.600422
vt 0.893305 0.601280
vt 0.903131 0.523702
vt 0.905900 0.445382
vt 0.901734 0.445358
vt 0.907281 0.524471
vt 0.909810 0.444735
vt 0.911179 0.524600
vt 0.893638 0.601912
vt 0.897378 0.602792
vt 0.865710 0.674999
vt 0.869164 0.676582
vt 0.861991 0.672836
vt 0.824676 0.741258
vt 0.827722 0.743470
vt 0.821351 0.738487
vt 0.865376 0.674383
vt 0.824337 0.740652
vt 0.769249 0.795183
vt 0.771733 0.797885
vt 0.770513 0.796466
vt 0.822904 0.739459
vt 0.863773 0.673452
vt 0.761668 0.786176
vt 0.812512 0.730810
vt 0.852150 0.666704
vt 0.792168 0.715045
vt 0.744559 0.766964
vt 0.688115 0.808946
vt 0.701431 0.830956
vt 0.624799 0.839567
vt 0.633879 0.863648
vt 0.708466 0.842580
vt 0.638895 0.876260
vt 0.709436 0.844183
vt 0.638347 0.874543
vt 0.639587 0.877999
vt 0.707540 0.841049
vt 0.709792 0.844770
vt 0.772080 0.798478
vt 0.711728 0.847969
vt 0.774614 0.801237
vt 0.639954 0.878579
vt 0.641220 0.882108
vt 0.564929 0.898725
vt 0.565477 0.902454
vt 0.564015 0.894492
vt 0.487061 0.908224
vt 0.487068 0.900125
vt 0.486868 0.903846
vt 0.564550 0.898146
vt 0.486786 0.901993
vt 0.564157 0.896322
vt 0.486193 0.888556
vt 0.561310 0.883098
vt 0.556780 0.857745
vt 0.486394 0.862774
vt 0.411121 0.879686
vt 0.416087 0.854352
vt 0.348361 0.832601
vt 0.338752 0.856597
vt 0.409443 0.892919
vt 0.334859 0.869206
vt 0.409212 0.894744
vt 0.334322 0.870945
vt 0.410153 0.891092
vt 0.335987 0.867499
vt 0.409620 0.895328
vt 0.487262 0.904426
vt 0.408665 0.899057
vt 0.333053 0.875055
vt 0.334746 0.871537
vt 0.262990 0.836819
vt 0.267283 0.829942
vt 0.265375 0.833648
vt 0.201161 0.785453
vt 0.206677 0.779514
vt 0.203721 0.782147
vt 0.264938 0.833046
vt 0.204804 0.780749
vt 0.265763 0.831450
vt 0.212650 0.770618
vt 0.271738 0.819882
vt 0.285708 0.798093
vt 0.230532 0.751865
vt 0.163877 0.710386
vt 0.185060 0.695420
vt 0.127528 0.641255
vt 0.151244 0.630714
vt 0.154450 0.718720
vt 0.116886 0.647484
vt 0.153149 0.719871
vt 0.119291 0.646990
vt 0.115417 0.648345
vt 0.153611 0.720501
vt 0.156624 0.717828
vt 0.204170 0.782762
vt 0.150072 0.722591
vt 0.115889 0.648991
vt 0.111942 0.650378
vt 0.088580 0.571434
vt 0.096444 0.569577
vt 0.092791 0.570828
vt 0.081266 0.488781
vt 0.089331 0.488551
vt 0.087555 0.571783
vt 0.110989 0.650937
vt 0.080214 0.488906
vt 0.068006 0.578436
vt 0.092796 0.661586
vt 0.133127 0.737572
vt 0.149228 0.723338
vt 0.200459 0.786360
vt 0.186191 0.804783
vt 0.187070 0.803648
vt 0.132071 0.738507
vt 0.189523 0.801742
vt 0.095987 0.660694
vt 0.091602 0.662286
vt 0.254234 0.855298
vt 0.251599 0.858871
vt 0.252267 0.857577
vt 0.327499 0.895115
vt 0.325638 0.899072
vt 0.326072 0.897664
vt 0.262455 0.837854
vt 0.332705 0.876183
vt 0.405658 0.922771
vt 0.408515 0.900241
vt 0.488124 0.932290
vt 0.487114 0.909426
vt 0.570575 0.926131
vt 0.565732 0.903636
vt 0.641669 0.883235
vt 0.650757 0.906087
vt 0.650199 0.904683
vt 0.570892 0.927604
vt 0.570260 0.923420
vt 0.488190 0.933788
vt 0.649327 0.902129
vt 0.725102 0.870068
vt 0.724319 0.868773
vt 0.712356 0.849008
vt 0.790447 0.819655
vt 0.775405 0.802156
vt 0.791432 0.820801
vt 0.846327 0.758956
vt 0.828651 0.744243
vt 0.870203 0.677185
vt 0.889982 0.688668
vt 0.919769 0.611106
vt 0.898495 0.603207
vt 0.934433 0.528877
vt 0.912339 0.524814
vt 0.910974 0.444740
vt 0.933161 0.444836
vt 0.894141 0.365888
vt 0.893012 0.366091
vt 0.915656 0.362017
vt 0.889238 0.367513
vt 0.857580 0.293815
vt 0.861069 0.291645
vt 0.862121 0.291241
vt 0.814846 0.224356
vt 0.815783 0.223768
vt 0.882192 0.283551
vt 0.833652 0.212562
vt 0.771573 0.152032
vt 0.756611 0.166294
vt 0.755827 0.167041
vt 0.698126 0.104658
vt 0.686685 0.121363
vt 0.686085 0.122238
vt 0.753340 0.170495
vt 0.811790 0.227213
vt 0.607240 0.096313
vt 0.608258 0.092050
vt 0.608648 0.091087
vt 0.525445 0.078019
vt 0.528717 0.057769
vt 0.525608 0.077012
vt 0.682142 0.129284
vt 0.605846 0.099745
vt 0.525268 0.082448
vt 0.524684 0.086035
vt 0.441770 0.085404
vt 0.442017 0.088975
vt 0.441081 0.080989
vt 0.360301 0.105251
vt 0.361365 0.108632
vt 0.358765 0.101031
vt 0.441011 0.079986
vt 0.358465 0.100081
vt 0.439575 0.059560
vt 0.439664 0.060820
vt 0.352743 0.081931
vt 0.271745 0.120320
vt 0.281548 0.136553
vt 0.282061 0.137403
vt 0.213601 0.187866
vt 0.214302 0.188573
vt 0.199326 0.173476
vt 0.200207 0.174364
vt 0.217323 0.191890
vt 0.161977 0.254954
vt 0.158387 0.252297
vt 0.157533 0.251769
vt 0.120633 0.327655
vt 0.116630 0.325759
vt 0.115664 0.325436
vt 0.141210 0.241676
vt 0.097206 0.319260
vt 0.069888 0.403686
vt 0.089609 0.405632
vt 0.090642 0.405733
vt 0.060135 0.491302
vt 0.094888 0.406805
vt 0.124077 0.328802
vt 0.098570 0.407162
vt 0.085581 0.489006
vt 0.094402 0.406105
vt 0.120149 0.326936
vt 0.085096 0.488324
vt 0.121637 0.327434
vt 0.095993 0.406261
vt 0.086717 0.488130
vt 0.092311 0.570165
vt 0.093890 0.569627
vt 0.098442 0.486731
vt 0.105315 0.565739
vt 0.130661 0.560108
vt 0.124405 0.486312
vt 0.133005 0.412274
vt 0.107501 0.407397
vt 0.156355 0.341059
vt 0.132402 0.331036
vt 0.193675 0.275696
vt 0.172327 0.260916
vt 0.162813 0.255033
vt 0.243527 0.219015
vt 0.225739 0.200102
vt 0.217933 0.192233
vt 0.161498 0.254220
vt 0.213030 0.289905
vt 0.177976 0.351145
vt 0.316357 0.194148
vt 0.303865 0.173487
vt 0.290432 0.151263
vt 0.380337 0.163759
vt 0.372133 0.141080
vt 0.363651 0.116529
vt 0.284719 0.141804
vt 0.360316 0.105952
vt 0.283930 0.140496
vt 0.216854 0.191146
vt 0.165020 0.256831
vt 0.286214 0.144274
vt 0.219819 0.194404
vt 0.359855 0.104490
vt 0.284388 0.141251
vt 0.441338 0.084641
vt 0.441447 0.086186
vt 0.524853 0.081688
vt 0.524602 0.083239
vt 0.522789 0.094461
vt 0.442232 0.097358
vt 0.445407 0.123147
vt 0.520548 0.120354
vt 0.594387 0.132665
vt 0.601902 0.107781
vt 0.606241 0.097043
vt 0.663886 0.159363
vt 0.676297 0.136529
vt 0.682979 0.126773
vt 0.606840 0.095559
vt 0.751763 0.170915
vt 0.683902 0.125425
vt 0.750537 0.173157
vt 0.752971 0.169764
vt 0.808441 0.229304
vt 0.811434 0.226496
vt 0.809991 0.227401
vt 0.853816 0.295249
vt 0.857234 0.293114
vt 0.855611 0.293735
vt 0.743018 0.179251
vt 0.779214 0.250107
vt 0.799538 0.233957
vt 0.820796 0.310091
vt 0.843860 0.298238
vt 0.849665 0.376583
vt 0.762358 0.265521
vt 0.801532 0.321767
vt 0.843340 0.450285
vt 0.791561 0.397218
vt 0.828791 0.384179
vt 0.767195 0.342008
vt 0.759488 0.409563
vt 0.804675 0.455792
vt 0.737701 0.360643
vt 0.772838 0.514580
vt 0.806238 0.515498
vt 0.844876 0.517575
vt 0.764192 0.566732
vt 0.796364 0.574137
vt 0.833566 0.583583
vt 0.854364 0.588667
vt 0.829237 0.654938
vt 0.810005 0.645967
vt 0.775173 0.702570
vt 0.775563 0.629609
vt 0.745788 0.616109
vt 0.744692 0.679969
vt 0.683028 0.699716
vt 0.704924 0.723481
vt 0.730388 0.751465
vt 0.641002 0.731031
vt 0.657699 0.758647
vt 0.677262 0.790997
vt 0.617653 0.819809
vt 0.604688 0.784246
vt 0.553618 0.836882
vt 0.593808 0.753802
vt 0.547743 0.799362
vt 0.543115 0.767209
vt 0.488858 0.803409
vt 0.487370 0.841552
vt 0.490717 0.770730
vt 0.430116 0.796152
vt 0.421229 0.833540
vt 0.357558 0.812977
vt 0.373634 0.777729
vt 0.321509 0.748665
vt 0.298708 0.780420
vt 0.438483 0.764171
vt 0.388312 0.747667
vt 0.301547 0.687136
vt 0.275744 0.709873
vt 0.246937 0.736863
vt 0.238171 0.662657
vt 0.204331 0.683740
vt 0.172708 0.622904
vt 0.153527 0.556585
vt 0.210380 0.608682
vt 0.243866 0.597180
vt 0.193630 0.549942
vt 0.225064 0.490816
vt 0.188776 0.488691
vt 0.147795 0.487326
vt 0.155984 0.417894
vt 0.231785 0.436548
vt 0.196201 0.427363
vt 0.229195 0.545076
vt 0.244449 0.492432
vt 0.250787 0.441875
vt 0.245767 0.493801
vt 0.249520 0.544279
vt 0.248216 0.543012
vt 0.261810 0.591615
vt 0.284561 0.636374
vt 0.263081 0.592784
vt 0.316626 0.676622
vt 0.315467 0.675622
vt 0.354321 0.708887
vt 0.353238 0.707952
vt 0.397368 0.733138
vt 0.396372 0.732252
vt 0.443205 0.747726
vt 0.491993 0.753906
vt 0.444112 0.748579
vt 0.541676 0.751495
vt 0.540956 0.750652
vt 0.588967 0.739011
vt 0.588334 0.738146
vt 0.632993 0.717775
vt 0.632443 0.716871
vt 0.672193 0.688558
vt 0.671715 0.687599
vt 0.705160 0.652392
vt 0.704741 0.651365
vt 0.718387 0.660959
vt 0.730312 0.609439
vt 0.747455 0.563297
vt 0.730685 0.610545
vt 0.755796 0.515871
vt 0.755469 0.514580
vt 0.754288 0.466448
vt 0.753956 0.465059
vt 0.743206 0.418056
vt 0.742853 0.416569
vt 0.722842 0.372544
vt 0.722446 0.370964
vt 0.693838 0.331701
vt 0.693386 0.330036
vt 0.657203 0.297189
vt 0.656679 0.295448
vt 0.614277 0.270458
vt 0.613668 0.268659
vt 0.566697 0.252681
vt 0.565993 0.250842
vt 0.516333 0.244681
vt 0.515530 0.242819
vt 0.465218 0.246874
vt 0.464314 0.245013
vt 0.460936 0.225149
vt 0.515925 0.222846
vt 0.570083 0.231522
vt 0.414444 0.257404
vt 0.407381 0.238423
vt 0.415446 0.259244
vt 0.357489 0.262168
vt 0.369079 0.281324
vt 0.367987 0.279526
vt 0.328040 0.312215
vt 0.326869 0.310478
vt 0.294014 0.350630
vt 0.292777 0.348970
vt 0.268369 0.394958
vt 0.267086 0.393387
vt 0.252096 0.443346
vt 0.249219 0.384479
vt 0.276758 0.336765
vt 0.215772 0.368469
vt 0.246817 0.314471
vt 0.288139 0.267662
vt 0.313341 0.295414
vt 0.338061 0.230042
vt 0.394500 0.203206
vt 0.259794 0.236808
vt 0.455082 0.188259
vt 0.449008 0.146902
vt 0.519451 0.144207
vt 0.517259 0.185760
vt 0.588710 0.155648
vt 0.578447 0.195707
vt 0.636156 0.217554
vt 0.653944 0.180575
vt 0.621219 0.250720
vt 0.688102 0.250255
vt 0.712568 0.217767
vt 0.726282 0.199122
vt 0.667318 0.279539
vt 0.732315 0.292340
vt 0.706623 0.316705
vt 0.771297 0.461536
vt 0.342075 0.721709
vt 0.268347 0.645127
vt 0.885201 0.368232
vt 0.684285 0.126168
vt 0.058816 0.491459
vt 0.068591 0.403558
vt 0.073322 0.404716
vt 0.100451 0.320935
vt 0.095992 0.318854
vt 0.071405 0.578153
vt 0.066722 0.578873
vt 0.063619 0.491669
vt 0.066407 0.579866
vt 0.091337 0.663428
vt 0.061608 0.580613
vt 0.086846 0.665070
vt 0.053561 0.492086
vt 0.068276 0.404227
vt 0.063428 0.403049
vt 0.058482 0.492292
vt 0.095727 0.319363
vt 0.091157 0.317237
vt 0.135861 0.238369
vt 0.144135 0.243948
vt 0.140137 0.241013
vt 0.202687 0.177153
vt 0.139958 0.241371
vt 0.271100 0.119253
vt 0.354063 0.085426
vt 0.352367 0.080737
vt 0.271175 0.119374
vt 0.273682 0.123525
vt 0.199260 0.173702
vt 0.268531 0.114999
vt 0.195816 0.169938
vt 0.350868 0.075981
vt 0.352602 0.080784
vt 0.439222 0.054539
vt 0.440320 0.064466
vt 0.529498 0.056502
vt 0.529735 0.051464
vt 0.528696 0.061423
vt 0.439981 0.059564
vt 0.528921 0.056504
vt 0.616084 0.072686
vt 0.615405 0.076208
vt 0.616572 0.071476
vt 0.696838 0.107916
vt 0.698878 0.103561
vt 0.617315 0.071504
vt 0.618519 0.066659
vt 0.699774 0.103647
vt 0.701872 0.099189
vt 0.773585 0.151274
vt 0.776469 0.147365
vt 0.769749 0.154916
vt 0.835963 0.212118
vt 0.839496 0.208897
vt 0.831385 0.214977
vt 0.772556 0.151095
vt 0.834825 0.211826
vt 0.879590 0.285428
vt 0.883509 0.283047
vt 0.917068 0.361763
vt 0.912834 0.363310
vt 0.884729 0.283470
vt 0.922686 0.360752
vt 0.888752 0.281038
vt 0.889766 0.280649
vt 0.840399 0.208330
vt 0.923772 0.360557
vt 0.912351 0.271996
vt 0.860530 0.195705
vt 0.777226 0.146643
vt 0.794749 0.129940
vt 0.794102 0.130557
vt 0.861302 0.195221
vt 0.857318 0.198783
vt 0.913217 0.271664
vt 0.908689 0.274341
vt 0.862472 0.195565
vt 0.795811 0.130171
vt 0.791489 0.134276
vt 0.799166 0.125730
vt 0.866567 0.191919
vt 0.914467 0.272140
vt 0.919121 0.269402
vt 0.955199 0.354903
vt 0.944000 0.357758
vt 0.950184 0.356656
vt 0.973893 0.445013
vt 0.962344 0.445712
vt 0.967389 0.444984
vt 0.948881 0.356040
vt 0.966435 0.444980
vt 0.947955 0.356207
vt 0.963470 0.534880
vt 0.968489 0.535141
vt 0.967541 0.534967
vt 0.942758 0.530409
vt 0.941525 0.444872
vt 0.940405 0.444867
vt 0.941644 0.530204
vt 0.918341 0.362329
vt 0.937168 0.530007
vt 0.922417 0.612631
vt 0.926710 0.613683
vt 0.892470 0.690563
vt 0.896433 0.692414
vt 0.927782 0.614081
vt 0.919580 0.705852
vt 0.952536 0.623272
vt 0.951624 0.622933
vt 0.852089 0.763754
vt 0.897429 0.692992
vt 0.852980 0.764494
vt 0.872765 0.780963
vt 0.920427 0.706344
vt 0.869603 0.778694
vt 0.873522 0.781593
vt 0.915987 0.704242
vt 0.947725 0.622058
vt 0.953815 0.624327
vt 0.969802 0.536053
vt 0.968711 0.445749
vt 0.974956 0.536331
vt 0.958755 0.625581
vt 0.975171 0.445018
vt 0.976227 0.536564
vt 0.999091 0.445122
vt 0.982828 0.634519
vt 1.000000 0.540937
vt 0.927338 0.710356
vt 0.959977 0.626035
vt 0.926203 0.709698
vt 0.879693 0.786730
vt 0.948553 0.722673
vt 0.878680 0.785886
vt 0.874656 0.782904
vt 0.921644 0.707532
vt 0.817972 0.851676
vt 0.743628 0.900677
vt 0.746207 0.904937
vt 0.746892 0.906070
vt 0.834941 0.871417
vt 0.818834 0.852679
vt 0.740209 0.895026
vt 0.814615 0.847986
vt 0.810316 0.842983
vt 0.813585 0.846572
vt 0.742718 0.899174
vt 0.742207 0.898328
vt 0.812941 0.845823
vt 0.662954 0.936757
vt 0.661658 0.933110
vt 0.663319 0.937674
vt 0.577820 0.959779
vt 0.577275 0.955919
vt 0.578027 0.960742
vt 0.664098 0.939241
vt 0.665807 0.943930
vt 0.578664 0.962352
vt 0.579440 0.967306
vt 0.666296 0.945159
vt 0.759699 0.927231
vt 0.579718 0.968595
vt 0.675430 0.968126
vt 0.490030 0.975475
vt 0.584906 0.992699
vt 0.489972 0.974163
vt 0.400259 0.965355
vt 0.491113 1.000000
vt 0.400423 0.964060
vt 0.490169 0.969113
vt 0.401603 0.959093
vt 0.313907 0.937063
vt 0.313526 0.938299
vt 0.397190 0.989555
vt 0.317945 0.926200
vt 0.402415 0.952640
vt 0.489875 0.962571
vt 0.315849 0.930775
vt 0.401258 0.957474
vt 0.489678 0.967486
vt 0.316134 0.929853
vt 0.401381 0.956508
vt 0.489634 0.966506
vt 0.236549 0.888006
vt 0.236987 0.887158
vt 0.248426 0.865012
vt 0.323573 0.905758
vt 0.323908 0.904675
vt 0.404582 0.931257
vt 0.404726 0.930122
vt 0.248940 0.864018
vt 0.325809 0.900612
vt 0.405786 0.925823
vt 0.251635 0.860348
vt 0.182695 0.809297
vt 0.186105 0.806171
vt 0.127864 0.742226
vt 0.182020 0.810169
vt 0.127052 0.742944
vt 0.166970 0.829603
vt 0.108933 0.758964
vt 0.166393 0.830347
vt 0.065430 0.677606
vt 0.108239 0.759577
vt 0.170177 0.826810
vt 0.069645 0.676184
vt 0.064644 0.678066
vt 0.108084 0.760905
vt 0.112708 0.756801
vt 0.166339 0.831784
vt 0.236616 0.889530
vt 0.239531 0.883865
vt 0.316051 0.932361
vt 0.162461 0.835424
vt 0.233562 0.893788
vt 0.232975 0.894925
vt 0.306389 0.961412
vt 0.161689 0.836422
vt 0.221990 0.916190
vt 0.102571 0.764588
vt 0.147220 0.855104
vt 0.103502 0.763765
vt 0.058229 0.681822
vt 0.085132 0.780006
vt 0.059283 0.681205
vt 0.064411 0.679261
vt 0.031952 0.590706
vt 0.037439 0.589788
vt 0.023066 0.495725
vt 0.030817 0.591092
vt 0.038477 0.693384
vt 0.021899 0.495864
vt 0.009542 0.598332
vt 0.032297 0.399977
vt 0.000000 0.498477
vt 0.033446 0.400091
vt 0.061993 0.307480
vt 0.010746 0.397851
vt 0.063070 0.307840
vt 0.039000 0.401390
vt 0.068308 0.310234
vt 0.115703 0.226408
vt 0.111007 0.223001
vt 0.175413 0.149371
vt 0.110054 0.222412
vt 0.041790 0.300721
vt 0.174631 0.148582
vt 0.092168 0.211353
vt 0.253022 0.089320
vt 0.159942 0.133775
vt 0.253595 0.090269
vt 0.341817 0.047274
vt 0.242268 0.071514
vt 0.256614 0.095263
vt 0.342152 0.048334
vt 0.179356 0.153659
vt 0.345772 0.059074
vt 0.259450 0.099960
vt 0.183233 0.157563
vt 0.120427 0.229322
vt 0.256506 0.095089
vt 0.179390 0.153380
vt 0.115851 0.225996
vt 0.073647 0.312011
vt 0.068542 0.309671
vt 0.044699 0.401942
vt 0.039285 0.400667
vt 0.029003 0.495016
vt 0.028700 0.495903
vt 0.034495 0.495200
vt 0.043073 0.587858
vt 0.037723 0.588742
vt 0.029873 0.494913
vt 0.038569 0.588454
vt 0.060620 0.580950
vt 0.085927 0.665608
vt 0.052546 0.492207
vt 0.062430 0.402950
vt 0.090223 0.316924
vt 0.040141 0.400751
vt 0.069344 0.309939
vt 0.116560 0.226435
vt 0.135034 0.237857
vt 0.179972 0.153967
vt 0.268034 0.114176
vt 0.256933 0.095795
vt 0.343851 0.053723
vt 0.344099 0.054512
vt 0.350578 0.075061
vt 0.439154 0.053568
vt 0.529893 0.050489
vt 0.437629 0.031877
vt 0.533409 0.028724
vt 0.437571 0.031044
vt 0.627299 0.044931
vt 0.533544 0.027888
vt 0.618896 0.065727
vt 0.715370 0.079482
vt 0.627622 0.044133
vt 0.702452 0.098343
vt 0.715866 0.078758
vt 0.713483 0.083713
vt 0.716795 0.078897
vt 0.628399 0.044212
vt 0.626242 0.049525
vt 0.629824 0.038684
vt 0.719249 0.073819
vt 0.534155 0.027939
vt 0.533249 0.033501
vt 0.534465 0.022183
vt 0.719914 0.072847
vt 0.638382 0.017506
vt 0.630257 0.037612
vt 0.538049 0.000000
vt 0.534647 0.021061
vt 0.437092 0.024239
vt 0.437171 0.025357
vt 0.438010 0.031101
vt 0.335542 0.027370
vt 0.435616 0.003237
vt 0.438034 0.011482
vt 0.539335 0.008240
vt 0.350237 0.066290
vt 0.339068 0.035372
vt 0.537810 0.040649
vt 0.442910 0.043826
vt 0.367807 0.114390
vt 0.535948 0.091083
vt 0.532554 0.148813
vt 0.450854 0.094132
vt 0.459052 0.151644
vt 0.619456 0.105173
vt 0.630839 0.056643
vt 0.672764 0.186720
vt 0.697913 0.135550
vt 0.718107 0.090804
vt 0.731565 0.062166
vt 0.638568 0.025504
vt 0.796126 0.141342
vt 0.814597 0.116271
vt 0.861961 0.205831
vt 0.768193 0.180658
vt 0.884551 0.185190
vt 0.785589 0.275231
vt 0.827640 0.238375
vt 0.733804 0.225479
vt 0.874167 0.306144
vt 0.913323 0.281376
vt 0.906286 0.381125
vt 0.826269 0.333808
vt 0.948616 0.364785
vt 0.759013 0.297413
vt 0.854514 0.398778
vt 0.796015 0.350310
vt 0.780816 0.356652
vt 0.805415 0.412491
vt 0.821792 0.409072
vt 0.818622 0.471732
vt 0.835579 0.471375
vt 0.837072 0.534847
vt 0.869504 0.467568
vt 0.870948 0.537566
vt 0.923128 0.460337
vt 0.924417 0.540782
vt 0.859031 0.606212
vt 0.910419 0.619544
vt 0.826420 0.597161
vt 0.834386 0.671084
vt 0.881900 0.693881
vt 0.820132 0.532119
vt 0.788953 0.647542
vt 0.804170 0.656090
vt 0.757655 0.698493
vt 0.771248 0.709587
vt 0.728901 0.755817
vt 0.678658 0.793201
vt 0.717361 0.742524
vt 0.615857 0.804058
vt 0.622284 0.820452
vt 0.561739 0.836598
vt 0.498608 0.823553
vt 0.499127 0.841012
vt 0.436653 0.833437
vt 0.381988 0.797714
vt 0.376558 0.814004
vt 0.363262 0.845319
vt 0.429551 0.866569
vt 0.498396 0.874768
vt 0.341319 0.894255
vt 0.417528 0.918345
vt 0.496547 0.927496
vt 0.301972 0.811589
vt 0.270706 0.855820
vt 0.321067 0.783252
vt 0.248031 0.766395
vt 0.208396 0.804151
vt 0.272311 0.742137
vt 0.329235 0.768378
vt 0.244902 0.681479
vt 0.232249 0.692022
vt 0.216787 0.626912
vt 0.202583 0.634665
vt 0.199854 0.567502
vt 0.184674 0.572177
vt 0.194970 0.505534
vt 0.179444 0.506954
vt 0.202522 0.443469
vt 0.187323 0.441596
vt 0.208177 0.378785
vt 0.253861 0.329171
vt 0.241301 0.321163
vt 0.295749 0.281761
vt 0.285416 0.271193
vt 0.338722 0.231023
vt 0.398988 0.202368
vt 0.346347 0.243644
vt 0.463662 0.186410
vt 0.403538 0.216439
vt 0.387370 0.169255
vt 0.320567 0.200991
vt 0.530007 0.183748
vt 0.464916 0.201268
vt 0.604781 0.160735
vt 0.589857 0.208727
vt 0.595256 0.194373
vt 0.648276 0.230802
vt 0.656739 0.217687
vt 0.712026 0.252561
vt 0.745561 0.306422
vt 0.290408 0.151107
vt 0.261505 0.245530
vt 0.222020 0.202735
vt 0.212676 0.300950
vt 0.165576 0.267007
vt 0.187590 0.164848
vt 0.124728 0.236637
vt 0.263861 0.107212
vt 0.165403 0.140606
vt 0.246826 0.079037
vt 0.098358 0.217311
vt 0.048502 0.305675
vt 0.077897 0.319349
vt 0.017754 0.401718
vt 0.097150 0.421701
vt 0.048904 0.409298
vt 0.123410 0.341082
vt 0.153137 0.434448
vt 0.144606 0.506811
vt 0.087649 0.505395
vt 0.038666 0.502567
vt 0.094983 0.588668
vt 0.047215 0.595229
vt 0.007070 0.501230
vt 0.016452 0.599994
vt 0.045016 0.694025
vt 0.118503 0.668179
vt 0.073769 0.683548
vt 0.091120 0.779731
vt 0.156916 0.740885
vt 0.116824 0.764153
vt 0.170630 0.647956
vt 0.203615 0.711213
vt 0.174294 0.834142
vt 0.243659 0.891172
vt 0.152506 0.854051
vt 0.226458 0.914517
vt 0.322089 0.933478
vt 0.309959 0.959291
vt 0.406585 0.959885
vt 0.399814 0.987161
vt 0.494078 0.969784
vt 0.492772 0.997517
vt 0.585617 0.990300
vt 0.581515 0.963100
vt 0.575594 0.921608
vt 0.567341 0.869801
vt 0.651955 0.901044
vt 0.665941 0.940257
vt 0.696038 0.821940
vt 0.723050 0.866604
vt 0.744537 0.902144
vt 0.675232 0.965979
vt 0.758658 0.925496
vt 0.814691 0.850073
vt 0.833145 0.870238
vt 0.874026 0.785761
vt 0.896194 0.802005
vt 0.786477 0.819488
vt 0.751365 0.780800
vt 0.840061 0.761273
vt 0.920457 0.711292
vt 0.952239 0.629094
vt 0.945599 0.722987
vt 0.979508 0.635728
vt 0.968025 0.541908
vt 0.996480 0.543112
vt 0.966932 0.452736
vt 0.995554 0.448302
vt 0.976323 0.354691
vt 0.939014 0.265804
vt 0.979689 0.350498
vt 0.942019 0.260629
vt 0.887001 0.179103
vt 0.816316 0.109382
vt 0.867602 0.191269
vt 0.800034 0.124902
vt 0.732393 0.054629
vt 0.920281 0.268958
vt 0.956441 0.354680
vt 0.898633 0.802494
vt 0.798039 0.729944
vt 0.633986 0.851961
vt 0.150606 0.578940
vt 0.176081 0.364842
vt 0.438394 0.036644
vt 0.344119 0.053822
vt 0.135997 0.736133
vt 0.131884 0.739783
vt 0.488652 0.935373
vt 0.488453 0.939748
vt 0.488504 0.940899
vt 0.571502 0.929172
vt 0.572154 0.933466
vt 0.572398 0.934599
vt 0.653409 0.912756
vt 0.652980 0.911676
vt 0.728822 0.876213
vt 0.728219 0.875218
vt 0.651510 0.907613
vt 0.795351 0.825361
vt 0.725987 0.871529
vt 0.796109 0.826242
vt 0.848593 0.761187
vt 0.844075 0.757422
vt 0.887413 0.687623
vt 0.788592 0.817697
vt 0.847485 0.759920
vt 0.891277 0.689421
vt 0.921163 0.611623
vt 0.916978 0.610605
vt 0.935881 0.529144
vt 0.931518 0.528961
vt 0.934615 0.444842
vt 0.935910 0.445558
vt 0.930234 0.445525
vt 0.722928 0.866475
vt 0.792437 0.822173
vt 0.488390 0.929525
vt 0.406511 0.920060
vt 0.405471 0.924247
vt 0.286776 0.497912
vt 0.292943 0.540551
vt 0.289821 0.540900
vt 0.295655 0.537661
vt 0.287983 0.497542
vt 0.302322 0.581336
vt 0.291003 0.540243
vt 0.304172 0.581339
vt 0.301221 0.582265
vt 0.320432 0.620418
vt 0.321402 0.619239
vt 0.306657 0.577679
vt 0.712162 0.473433
vt 0.473440 0.293173
vt 0.293469 0.454911
vt 0.292732 0.496087
vt 0.298086 0.454588
vt 0.292295 0.454993
vt 0.307327 0.414065
vt 0.306244 0.413870
vt 0.295405 0.455856
vt 0.313584 0.460902
vt 0.311294 0.499884
vt 0.289952 0.498168
vt 0.326230 0.423782
vt 0.316284 0.461652
vt 0.311213 0.538512
vt 0.308532 0.499662
vt 0.313930 0.538208
vt 0.324012 0.575116
vt 0.321443 0.575922
vt 0.338746 0.610455
vt 0.323103 0.618964
vt 0.364377 0.639151
vt 0.348917 0.652017
vt 0.346620 0.653930
vt 0.380550 0.679299
vt 0.365344 0.638898
vt 0.392972 0.663905
vt 0.341071 0.609190
vt 0.370528 0.637546
vt 0.393794 0.663530
vt 0.342160 0.609088
vt 0.371440 0.637308
vt 0.398195 0.661521
vt 0.347989 0.608536
vt 0.398971 0.661166
vt 0.429900 0.679607
vt 0.426385 0.682109
vt 0.464871 0.690694
vt 0.464421 0.691188
vt 0.461861 0.693999
vt 0.425728 0.682575
vt 0.461385 0.694525
vt 0.498892 0.698820
vt 0.498600 0.699368
vt 0.500458 0.695886
vt 0.536781 0.693071
vt 0.536106 0.696441
vt 0.535998 0.696976
vt 0.498417 0.701819
vt 0.460702 0.696917
vt 0.538440 0.715602
vt 0.536315 0.699392
vt 0.572216 0.687476
vt 0.573016 0.689761
vt 0.607188 0.673300
vt 0.605701 0.670824
vt 0.605939 0.671231
vt 0.572144 0.686988
vt 0.604425 0.668643
vt 0.571760 0.684376
vt 0.571691 0.683916
vt 0.536680 0.693576
vt 0.604202 0.668260
vt 0.633492 0.646955
vt 0.635561 0.648546
vt 0.633126 0.646677
vt 0.657894 0.620098
vt 0.661144 0.621117
vt 0.635947 0.648843
vt 0.637595 0.650614
vt 0.663130 0.622519
vt 0.680597 0.589046
vt 0.682847 0.590023
vt 0.660632 0.620957
vt 0.676730 0.589036
vt 0.695993 0.554292
vt 0.715090 0.558266
vt 0.679988 0.589044
vt 0.693562 0.553787
vt 0.702036 0.516623
vt 0.698814 0.516975
vt 0.699519 0.516616
vt 0.692889 0.553959
vt 0.695036 0.518896
vt 0.689278 0.554887
vt 0.694370 0.519232
vt 0.688644 0.555051
vt 0.693068 0.482901
vt 0.693730 0.482385
vt 0.697483 0.479451
vt 0.685343 0.446727
vt 0.688880 0.442794
vt 0.698185 0.478902
vt 0.689540 0.442060
vt 0.673252 0.408407
vt 0.691940 0.441058
vt 0.673835 0.407497
vt 0.676029 0.406022
vt 0.700693 0.478402
vt 0.708064 0.434327
vt 0.717537 0.475035
vt 0.690788 0.396104
vt 0.710816 0.433178
vt 0.693308 0.394411
vt 0.720412 0.474461
vt 0.718741 0.474253
vt 0.709202 0.433241
vt 0.685880 0.395996
vt 0.702847 0.433492
vt 0.668458 0.359683
vt 0.661817 0.362417
vt 0.691803 0.394732
vt 0.636004 0.331144
vt 0.667112 0.360237
vt 0.599623 0.308663
vt 0.631512 0.334104
vt 0.559361 0.293764
vt 0.596083 0.312231
vt 0.516795 0.287114
vt 0.556884 0.297740
vt 0.473631 0.289052
vt 0.515450 0.291279
vt 0.431621 0.299548
vt 0.392487 0.318205
vt 0.432558 0.303392
vt 0.357829 0.344271
vt 0.394474 0.321550
vt 0.391981 0.317354
vt 0.431383 0.298570
vt 0.393691 0.320180
vt 0.357087 0.343598
vt 0.359293 0.346048
vt 0.328122 0.376220
vt 0.330737 0.378205
vt 0.329059 0.376671
vt 0.360745 0.346915
vt 0.332743 0.378443
vt 0.372186 0.360374
vt 0.309163 0.415317
vt 0.348287 0.391532
vt 0.346018 0.389808
vt 0.374099 0.362501
vt 0.328764 0.425038
vt 0.317512 0.462298
vt 0.329933 0.425873
vt 0.336189 0.430347
vt 0.355091 0.397937
vt 0.337289 0.431133
vt 0.324095 0.465762
vt 0.312545 0.500336
vt 0.325252 0.466372
vt 0.319244 0.502751
vt 0.322932 0.540072
vt 0.321769 0.539831
vt 0.332612 0.575616
vt 0.331501 0.575551
vt 0.315162 0.538463
vt 0.325190 0.575184
vt 0.349015 0.608439
vt 0.325041 0.539889
vt 0.350829 0.607519
vt 0.334610 0.575049
vt 0.362264 0.601713
vt 0.338339 0.538738
vt 0.373007 0.636079
vt 0.382881 0.628333
vt 0.400236 0.659686
vt 0.437269 0.666970
vt 0.431441 0.677500
vt 0.430519 0.679167
vt 0.468922 0.677628
vt 0.465425 0.688906
vt 0.501984 0.681967
vt 0.500905 0.693537
vt 0.500733 0.695370
vt 0.536568 0.691266
vt 0.567428 0.671437
vt 0.571109 0.682211
vt 0.603273 0.666720
vt 0.597412 0.656999
vt 0.631892 0.645365
vt 0.624090 0.637090
vt 0.655917 0.618920
vt 0.657413 0.619947
vt 0.663747 0.583912
vt 0.674459 0.588333
vt 0.676157 0.589034
vt 0.675233 0.552570
vt 0.686810 0.554711
vt 0.671505 0.453388
vt 0.347205 0.571468
vt 0.680479 0.519549
vt 0.692471 0.519276
vt 0.691177 0.483335
vt 0.684722 0.447418
vt 0.682913 0.448234
vt 0.657512 0.422758
vt 0.669576 0.414141
vt 0.670126 0.413283
vt 0.648140 0.384372
vt 0.648587 0.383365
vt 0.667924 0.415320
vt 0.637734 0.395376
vt 0.646715 0.385879
vt 0.620044 0.361089
vt 0.621180 0.359306
vt 0.612884 0.372336
vt 0.588901 0.341972
vt 0.589698 0.339972
vt 0.621494 0.358171
vt 0.589857 0.338737
vt 0.554882 0.325888
vt 0.554479 0.329337
vt 0.554896 0.327191
vt 0.518137 0.321527
vt 0.517939 0.320194
vt 0.518029 0.337684
vt 0.583886 0.354581
vt 0.518122 0.323741
vt 0.483763 0.339303
vt 0.481277 0.325458
vt 0.480882 0.323259
vt 0.445431 0.334455
vt 0.444636 0.332353
vt 0.480498 0.321932
vt 0.444070 0.331070
vt 0.410134 0.347262
vt 0.410869 0.348465
vt 0.380070 0.369859
vt 0.382449 0.372624
vt 0.380954 0.370949
vt 0.412036 0.350389
vt 0.391861 0.383177
vt 0.419376 0.362504
vt 0.357864 0.400254
vt 0.356098 0.398885
vt 0.351664 0.438511
vt 0.339259 0.432144
vt 0.340560 0.470919
vt 0.327349 0.466994
vt 0.322566 0.503395
vt 0.320423 0.503175
vt 0.349359 0.392540
vt 0.375039 0.363660
vt 0.405954 0.340421
vt 0.405173 0.339143
vt 0.403689 0.336691
vt 0.440852 0.323774
vt 0.439253 0.319728
vt 0.478314 0.314384
vt 0.440251 0.322410
vt 0.477907 0.312974
vt 0.477431 0.310165
vt 0.516817 0.312610
vt 0.516606 0.311195
vt 0.554803 0.318483
vt 0.555375 0.314359
vt 0.516666 0.308365
vt 0.474228 0.291241
vt 0.559316 0.295908
vt 0.517137 0.286056
vt 0.517068 0.289314
vt 0.473680 0.288004
vt 0.432533 0.301662
vt 0.559991 0.292753
vt 0.599279 0.310690
vt 0.600523 0.307756
vt 0.637145 0.330392
vt 0.666275 0.361869
vt 0.653496 0.374663
vt 0.635394 0.332996
vt 0.651596 0.376566
vt 0.625139 0.348243
vt 0.623615 0.350509
vt 0.592010 0.327853
vt 0.554788 0.317100
vt 0.623282 0.351714
vt 0.590930 0.330402
vt 0.590760 0.331714
vt 0.651122 0.377636
vt 0.713556 0.514291
vt 0.720149 0.516199
vt 0.707065 0.554539
vt 0.713465 0.557512
vt 0.699005 0.596682
vt 0.671919 0.627406
vt 0.677359 0.632295
vt 0.644639 0.657404
vt 0.649351 0.663081
vt 0.616015 0.687943
vt 0.612163 0.681628
vt 0.616993 0.689546
vt 0.578560 0.705994
vt 0.536479 0.709507
vt 0.538332 0.716571
vt 0.495997 0.712120
vt 0.496780 0.719266
vt 0.455412 0.713934
vt 0.455700 0.706908
vt 0.415752 0.700712
vt 0.417071 0.694007
vt 0.381559 0.673825
vt 0.379284 0.680013
vt 0.350532 0.647042
vt 0.347413 0.652534
vt 0.378706 0.681585
vt 0.415416 0.702414
vt 0.456121 0.712981
vt 0.455339 0.715719
vt 0.496978 0.721081
vt 0.497188 0.718275
vt 0.538802 0.718364
vt 0.578379 0.705102
vt 0.579293 0.707716
vt 0.615565 0.687181
vt 0.648662 0.662497
vt 0.650548 0.664522
vt 0.678741 0.633537
vt 0.697955 0.596574
vt 0.700531 0.597692
vt 0.676467 0.631931
vt 0.721824 0.516683
vt 0.718941 0.516674
vt 0.712307 0.557688
vt 0.416748 0.699850
vt 0.424565 0.684815
vt 0.391362 0.665900
vt 0.504697 0.392724
vt 0.510314 0.396063
vt 0.507948 0.398589
vt 0.506633 0.405630
vt 0.500838 0.386679
vt 0.506879 0.389861
vt 0.496088 0.381493
vt 0.494487 0.384812
vt 0.488651 0.379889
vt 0.487453 0.383296
vt 0.481499 0.386754
vt 0.476175 0.387451
vt 0.475652 0.390448
vt 0.474422 0.394195
vt 0.473995 0.396826
vt 0.472373 0.403932
vt 0.476169 0.407907
vt 0.475647 0.409793
vt 0.480264 0.414276
vt 0.479521 0.415818
vt 0.487338 0.416353
vt 0.486214 0.417782
vt 0.494387 0.417813
vt 0.492883 0.419162
vt 0.500660 0.414169
vt 0.498817 0.415715
vt 0.506821 0.410277
vt 0.504646 0.412033
vt 0.508923 0.403508
vt 0.472708 0.401708
vt 0.647218 0.493921
vt 0.636232 0.498094
vt 0.637596 0.491200
vt 0.643927 0.487879
vt 0.634474 0.485478
vt 0.645773 0.501202
vt 0.634220 0.504367
vt 0.643643 0.507825
vt 0.628472 0.507996
vt 0.637572 0.511658
vt 0.622623 0.511396
vt 0.631394 0.515249
vt 0.616108 0.510076
vt 0.624515 0.513856
vt 0.609574 0.508185
vt 0.617620 0.511862
vt 0.605843 0.502310
vt 0.613684 0.505658
vt 0.602698 0.496590
vt 0.610368 0.499619
vt 0.604364 0.489632
vt 0.612132 0.492271
vt 0.606053 0.483386
vt 0.613919 0.485673
vt 0.611818 0.479745
vt 0.620010 0.481827
vt 0.617687 0.476335
vt 0.626209 0.478225
vt 0.624560 0.477785
vt 0.633465 0.479756
vt 0.630757 0.479583
vt 0.640008 0.481654
vt 0.544362 0.621326
vt 0.543400 0.617479
vt 0.540238 0.611870
vt 0.547698 0.627242
vt 0.542094 0.624269
vt 0.540395 0.615236
vt 0.536479 0.606095
vt 0.533842 0.613415
vt 0.530271 0.604367
vt 0.526581 0.611960
vt 0.523394 0.602985
vt 0.520420 0.615542
vt 0.517560 0.606377
vt 0.514368 0.619363
vt 0.511829 0.609995
vt 0.510190 0.616151
vt 0.510936 0.633092
vt 0.508581 0.623006
vt 0.514299 0.639005
vt 0.511767 0.628611
vt 0.518280 0.645074
vt 0.515540 0.634367
vt 0.525186 0.646988
vt 0.522082 0.636184
vt 0.532070 0.648310
vt 0.528602 0.637441
vt 0.538210 0.644739
vt 0.534418 0.634059
vt 0.544242 0.640931
vt 0.540131 0.630453
vt 0.546316 0.634407
vt 0.408671 0.522756
vt 0.415072 0.524212
vt 0.411780 0.518460
vt 0.412152 0.528832
vt 0.413813 0.531149
vt 0.404546 0.516500
vt 0.407879 0.512537
vt 0.397825 0.514602
vt 0.401520 0.510740
vt 0.390384 0.513075
vt 0.394482 0.509293
vt 0.384126 0.516710
vt 0.388561 0.512733
vt 0.377982 0.520593
vt 0.382748 0.516406
vt 0.376286 0.527234
vt 0.381141 0.522692
vt 0.374634 0.534630
vt 0.379575 0.529692
vt 0.382891 0.535439
vt 0.382283 0.546936
vt 0.386807 0.541344
vt 0.389366 0.548929
vt 0.393508 0.543233
vt 0.400180 0.544549
vt 0.402655 0.546693
vt 0.406082 0.541120
vt 0.408778 0.542826
vt 0.411876 0.537460
vt 0.410823 0.536159
vt 0.396419 0.550317
vt 0.285784 0.637451
vt 0.492807 0.754744
vt 0.747797 0.564493
vt 0.195137 0.169254
vt 0.810071 0.591431
vt 0.669532 0.778124
vt 0.558211 0.819400
vt 0.439152 0.816280
vt 0.282922 0.729198
vt 0.222380 0.383849
vt 0.527894 0.198698
vt 0.700842 0.263863
vt 0.325217 0.614600
vt 0.575672 0.699211
vt 0.692995 0.592704
vt 0.311585 0.414835
vt 0.362375 0.640818
vt 0.408214 0.650347
vt 0.535226 0.679869
vt 0.646478 0.612430
vt 0.336075 0.504777
vt 0.368987 0.408863
vt 0.450429 0.347681
vt 0.551852 0.342859
vt 0.679239 0.486069
vt 0.502801 0.383469
vt 0.482357 0.383545
vt 0.512636 0.625859
vt 0.378141 0.540700
vt 0.547029 0.626288
vt 0.543660 0.639641
vt 0.540644 0.636942
vt 0.538747 0.624298
vt 0.539908 0.614577
vt 0.514523 0.618602
vt 0.518339 0.643679
vt 0.534053 0.642941
vt 0.531787 0.646836
vt 0.525162 0.642622
vt 0.519168 0.636165
vt 0.511177 0.631991
vt 0.518494 0.631723
vt 0.522294 0.623692
vt 0.526435 0.611381
vt 0.530688 0.620616
vt 0.509747 0.396468
vt 0.506342 0.410328
vt 0.502616 0.403625
vt 0.500633 0.390427
vt 0.502420 0.384188
vt 0.476457 0.388072
vt 0.480444 0.414229
vt 0.495890 0.409792
vt 0.494216 0.417678
vt 0.486787 0.409353
vt 0.480629 0.402552
vt 0.473076 0.401973
vt 0.479923 0.397915
vt 0.483787 0.389594
vt 0.488623 0.380697
vt 0.492372 0.386490
vt 0.412554 0.528315
vt 0.409263 0.541964
vt 0.403900 0.537554
vt 0.401813 0.524596
vt 0.405136 0.516290
vt 0.379234 0.520280
vt 0.383426 0.545970
vt 0.397231 0.543663
vt 0.397209 0.549270
vt 0.388135 0.543290
vt 0.381930 0.536647
vt 0.375968 0.533969
vt 0.381186 0.532095
vt 0.384979 0.523890
vt 0.391328 0.512950
vt 0.393527 0.520782
vt 0.646014 0.493703
vt 0.642529 0.507263
vt 0.641170 0.502304
vt 0.639381 0.489422
vt 0.638982 0.481739
vt 0.613541 0.485659
vt 0.617150 0.511199
vt 0.634522 0.508362
vt 0.630584 0.514503
vt 0.625624 0.507975
vt 0.619681 0.501364
vt 0.610078 0.499259
vt 0.619041 0.496839
vt 0.622915 0.488691
vt 0.625525 0.478395
vt 0.631345 0.485619
vt 0.783912 0.473953
vt 0.759115 0.423527
vt 0.771962 0.421143
vt 0.749862 0.371431
vt 0.821171 0.405094
vt 0.835026 0.467717
vt 0.785420 0.527851
vt 0.825829 0.594132
vt 0.776574 0.580842
vt 0.805932 0.646853
vt 0.759877 0.625504
vt 0.757818 0.631012
vt 0.770404 0.707105
vt 0.729921 0.676589
vt 0.727862 0.753555
vt 0.693943 0.715982
vt 0.721565 0.758241
vt 0.688612 0.719953
vt 0.651199 0.747819
vt 0.677383 0.791114
vt 0.603210 0.770987
vt 0.620746 0.818490
vt 0.551668 0.784647
vt 0.559915 0.834708
vt 0.498397 0.788272
vt 0.434230 0.831519
vt 0.445297 0.781658
vt 0.380535 0.814151
vt 0.399943 0.766796
vt 0.394291 0.764944
vt 0.318069 0.781077
vt 0.347284 0.738619
vt 0.306080 0.703531
vt 0.265178 0.734895
vt 0.302821 0.699414
vt 0.272326 0.660876
vt 0.228787 0.689379
vt 0.247436 0.612173
vt 0.198956 0.631728
vt 0.232525 0.559229
vt 0.180935 0.568918
vt 0.228337 0.504075
vt 0.175659 0.503358
vt 0.235191 0.448897
vt 0.202674 0.380028
vt 0.251402 0.400557
vt 0.252949 0.395942
vt 0.237776 0.316601
vt 0.280990 0.347405
vt 0.318233 0.305329
vt 0.287292 0.262464
vt 0.322588 0.302052
vt 0.363175 0.271493
vt 0.396240 0.197205
vt 0.413958 0.247319
vt 0.461240 0.181178
vt 0.468459 0.233792
vt 0.524410 0.231425
vt 0.593500 0.189218
vt 0.579503 0.240228
vt 0.648087 0.209938
vt 0.625436 0.257452
vt 0.631506 0.259727
vt 0.655293 0.212672
vt 0.678366 0.289011
vt 0.710856 0.247744
vt 0.718303 0.326780
vt 0.763303 0.300313
vt 0.722732 0.333045
vt 0.737947 0.376071
vt 0.707759 0.333467
vt 0.711992 0.339444
vt 0.674628 0.361096
vt 0.700080 0.396700
vt 0.718002 0.436434
vt 0.687159 0.402300
vt 0.666365 0.373699
vt 0.678196 0.366088
vt 0.703840 0.439792
vt 0.683550 0.406445
vt 0.662975 0.369037
vt 0.659944 0.373941
vt 0.679776 0.410780
vt 0.663252 0.378496
vt 0.656776 0.379069
vt 0.646634 0.374023
vt 0.641220 0.369435
vt 0.641955 0.376722
vt 0.646111 0.389789
vt 0.633570 0.374932
vt 0.635240 0.400715
vt 0.611267 0.378513
vt 0.632892 0.405486
vt 0.637959 0.404509
vt 0.649084 0.393911
vt 0.609259 0.383618
vt 0.583301 0.361410
vt 0.605693 0.353731
vt 0.581692 0.366777
vt 0.579606 0.360078
vt 0.589510 0.346829
vt 0.585490 0.345355
vt 0.578133 0.365477
vt 0.551668 0.350020
vt 0.555112 0.334206
vt 0.591271 0.330896
vt 0.558495 0.318671
vt 0.595607 0.332512
vt 0.592710 0.324431
vt 0.597157 0.326100
vt 0.559092 0.311818
vt 0.601548 0.345973
vt 0.602157 0.340145
vt 0.607626 0.343845
vt 0.598640 0.319964
vt 0.594087 0.318245
vt 0.633313 0.341345
vt 0.642540 0.331063
vt 0.605000 0.307850
vt 0.600145 0.306053
vt 0.559661 0.305263
vt 0.563439 0.292461
vt 0.518344 0.299139
vt 0.519490 0.285591
vt 0.518756 0.305804
vt 0.519185 0.312766
vt 0.508795 0.316050
vt 0.501867 0.316506
vt 0.506983 0.321724
vt 0.518756 0.328630
vt 0.499626 0.326599
vt 0.518322 0.344769
vt 0.515304 0.344913
vt 0.519109 0.350776
vt 0.551246 0.355668
vt 0.516137 0.350918
vt 0.485285 0.346340
vt 0.498031 0.326880
vt 0.486557 0.352335
vt 0.454895 0.360306
vt 0.456090 0.353687
vt 0.466172 0.331549
vt 0.464560 0.331737
vt 0.453149 0.354426
vt 0.447601 0.339129
vt 0.422598 0.369196
vt 0.414214 0.355056
vt 0.405972 0.341153
vt 0.442144 0.324089
vt 0.456144 0.329163
vt 0.452801 0.324233
vt 0.439631 0.317412
vt 0.402482 0.334864
vt 0.377187 0.362985
vt 0.372976 0.357317
vt 0.374100 0.365327
vt 0.369810 0.359726
vt 0.384645 0.377284
vt 0.387510 0.375131
vt 0.395369 0.389445
vt 0.370359 0.388980
vt 0.372087 0.380223
vt 0.373313 0.414204
vt 0.349512 0.417670
vt 0.356603 0.442781
vt 0.342357 0.435539
vt 0.361048 0.446574
vt 0.355662 0.445569
vt 0.377519 0.418418
vt 0.341318 0.438573
vt 0.360128 0.449253
vt 0.345780 0.474803
vt 0.330428 0.470381
vt 0.327221 0.431697
vt 0.315349 0.466034
vt 0.328353 0.428421
vt 0.321679 0.427897
vt 0.322845 0.424537
vt 0.309463 0.463109
vt 0.341872 0.421819
vt 0.336356 0.420446
vt 0.340157 0.414349
vt 0.317570 0.420821
vt 0.316373 0.424261
vt 0.338290 0.385214
vt 0.325593 0.378083
vt 0.303154 0.416702
vt 0.301910 0.420374
vt 0.303832 0.460313
vt 0.288856 0.458876
vt 0.298756 0.501717
vt 0.283207 0.502881
vt 0.304445 0.503506
vt 0.310390 0.505377
vt 0.314350 0.514597
vt 0.315179 0.521017
vt 0.319624 0.516985
vt 0.325654 0.506749
vt 0.324534 0.524291
vt 0.341199 0.508145
vt 0.341355 0.510520
vt 0.346190 0.509511
vt 0.348315 0.541776
vt 0.343367 0.540885
vt 0.324779 0.525539
vt 0.351311 0.570262
vt 0.330170 0.557596
vt 0.356711 0.572881
vt 0.351901 0.572448
vt 0.330338 0.558792
vt 0.337427 0.576883
vt 0.323226 0.581236
vt 0.328049 0.566968
vt 0.323654 0.569644
vt 0.317665 0.581397
vt 0.340624 0.616346
vt 0.335487 0.617413
vt 0.353620 0.609366
vt 0.357878 0.645824
vt 0.362403 0.644062
vt 0.364732 0.647026
vt 0.360274 0.648864
vt 0.375794 0.637889
vt 0.385129 0.626020
vt 0.373652 0.635132
vt 0.387084 0.628565
vt 0.387732 0.650214
vt 0.379306 0.648498
vt 0.411510 0.649801
vt 0.415903 0.670148
vt 0.439530 0.665841
vt 0.442267 0.663704
vt 0.414650 0.647885
vt 0.442991 0.666993
vt 0.433000 0.678437
vt 0.436759 0.679703
vt 0.472368 0.673851
vt 0.470816 0.676258
vt 0.466976 0.689876
vt 0.430660 0.692144
vt 0.463222 0.703200
vt 0.426608 0.690769
vt 0.427959 0.695153
vt 0.423803 0.693742
vt 0.461332 0.706502
vt 0.420127 0.677365
vt 0.419370 0.681988
vt 0.413705 0.677943
vt 0.421121 0.696584
vt 0.425374 0.698031
vt 0.386367 0.676832
vt 0.415152 0.712385
vt 0.377519 0.691068
vt 0.419683 0.713891
vt 0.456073 0.725989
vt 0.459527 0.709657
vt 0.498746 0.731457
vt 0.500606 0.711376
vt 0.499742 0.714616
vt 0.501509 0.707986
vt 0.511102 0.703069
vt 0.517629 0.701798
vt 0.512955 0.698859
vt 0.502450 0.694470
vt 0.519979 0.694326
vt 0.503411 0.680651
vt 0.505942 0.680491
vt 0.503816 0.677988
vt 0.535442 0.675996
vt 0.535483 0.678628
vt 0.521306 0.694080
vt 0.562544 0.668904
vt 0.562965 0.671434
vt 0.551792 0.689121
vt 0.566082 0.667978
vt 0.566553 0.670493
vt 0.553747 0.688851
vt 0.571197 0.683375
vt 0.575735 0.695970
vt 0.561836 0.690925
vt 0.564909 0.694329
vt 0.576766 0.699036
vt 0.610488 0.679419
vt 0.612405 0.682090
vt 0.603377 0.667917
vt 0.641244 0.656260
vt 0.639988 0.661293
vt 0.637409 0.659147
vt 0.631977 0.646530
vt 0.645054 0.645798
vt 0.643918 0.658329
vt 0.643089 0.641804
vt 0.649107 0.640133
vt 0.646472 0.660309
vt 0.642450 0.663345
vt 0.614233 0.684641
vt 0.651829 0.676659
vt 0.621730 0.699103
vt 0.656118 0.673460
vt 0.577749 0.701968
vt 0.583095 0.717727
vt 0.643922 0.735796
vt 0.598039 0.757937
vt 0.679687 0.709149
vt 0.684784 0.705352
vt 0.719163 0.667681
vt 0.685017 0.641717
vt 0.707363 0.604996
vt 0.745804 0.624095
vt 0.673188 0.630938
vt 0.673872 0.606949
vt 0.693828 0.596966
vt 0.690142 0.596484
vt 0.677870 0.601828
vt 0.686286 0.595979
vt 0.672909 0.601835
vt 0.673663 0.590686
vt 0.665508 0.606137
vt 0.660756 0.585274
vt 0.644099 0.612788
vt 0.644948 0.633702
vt 0.622498 0.636581
vt 0.641298 0.611831
vt 0.619207 0.639022
vt 0.619998 0.635295
vt 0.628410 0.649197
vt 0.596100 0.656150
vt 0.616833 0.637657
vt 0.594615 0.654241
vt 0.585028 0.638393
vt 0.606482 0.625683
vt 0.558413 0.647597
vt 0.559406 0.650356
vt 0.603534 0.622142
vt 0.609580 0.623848
vt 0.607569 0.621658
vt 0.556932 0.591926
vt 0.583498 0.635861
vt 0.570835 0.581181
vt 0.626438 0.600847
vt 0.628846 0.602604
vt 0.591636 0.553122
vt 0.640974 0.576788
vt 0.643689 0.578040
vt 0.657719 0.584697
vt 0.658918 0.581420
vt 0.644511 0.574881
vt 0.668634 0.554882
vt 0.640501 0.572738
vt 0.651070 0.549626
vt 0.597812 0.536762
vt 0.648164 0.548924
vt 0.600537 0.519410
vt 0.652216 0.521357
vt 0.655196 0.521469
vt 0.655107 0.519224
vt 0.600475 0.518015
vt 0.597857 0.519310
vt 0.595205 0.536133
vt 0.582491 0.517617
vt 0.597104 0.502241
vt 0.597798 0.517957
vt 0.580436 0.532638
vt 0.599763 0.501813
vt 0.581903 0.504678
vt 0.593973 0.487692
vt 0.596512 0.486799
vt 0.578534 0.491009
vt 0.593570 0.485812
vt 0.596091 0.484858
vt 0.645408 0.469594
vt 0.644672 0.466501
vt 0.651119 0.493581
vt 0.648222 0.468604
vt 0.647465 0.465445
vt 0.654083 0.493105
vt 0.652130 0.519158
vt 0.673512 0.520959
vt 0.672410 0.491646
vt 0.665035 0.460588
vt 0.665877 0.464135
vt 0.677165 0.519185
vt 0.676057 0.489448
vt 0.669439 0.461536
vt 0.668587 0.457938
vt 0.654659 0.427815
vt 0.635802 0.439546
vt 0.651710 0.431488
vt 0.623140 0.419363
vt 0.635528 0.409127
vt 0.619671 0.421560
vt 0.621051 0.416033
vt 0.618768 0.418143
vt 0.587565 0.468578
vt 0.633151 0.441141
vt 0.577404 0.454425
vt 0.597832 0.398840
vt 0.599674 0.396310
vt 0.549186 0.433380
vt 0.573434 0.383991
vt 0.574757 0.381135
vt 0.571374 0.380067
vt 0.569353 0.383386
vt 0.546169 0.372106
vt 0.532594 0.427367
vt 0.545422 0.375142
vt 0.515005 0.424758
vt 0.517336 0.371013
vt 0.517472 0.367892
vt 0.497182 0.425672
vt 0.514747 0.371140
vt 0.514828 0.368020
vt 0.488535 0.369298
vt 0.489009 0.372395
vt 0.460393 0.376399
vt 0.457792 0.359577
vt 0.462969 0.375750
vt 0.463984 0.378712
vt 0.479862 0.430072
vt 0.461463 0.379347
vt 0.435759 0.391536
vt 0.434130 0.388841
vt 0.425397 0.374392
vt 0.412454 0.404149
vt 0.401789 0.392125
vt 0.414935 0.406804
vt 0.410096 0.405814
vt 0.399256 0.394027
vt 0.412241 0.408166
vt 0.463731 0.437794
vt 0.449457 0.448512
vt 0.437558 0.461807
vt 0.393029 0.429702
vt 0.390471 0.427817
vt 0.378456 0.454562
vt 0.375587 0.453214
vt 0.374864 0.455616
vt 0.350476 0.477351
vt 0.378407 0.456807
vt 0.367373 0.480471
vt 0.428506 0.477161
vt 0.422576 0.494048
vt 0.370406 0.481218
vt 0.420106 0.511705
vt 0.366764 0.509162
vt 0.363671 0.509013
vt 0.363806 0.511095
vt 0.420182 0.512987
vt 0.422853 0.511834
vt 0.425257 0.494707
vt 0.423871 0.529027
vt 0.421159 0.529432
vt 0.438536 0.512582
vt 0.422927 0.513080
vt 0.439355 0.526720
vt 0.427930 0.544497
vt 0.425346 0.545381
vt 0.442921 0.540398
vt 0.428232 0.545650
vt 0.425659 0.546570
vt 0.375325 0.562508
vt 0.375830 0.564388
vt 0.372430 0.563499
vt 0.368564 0.537269
vt 0.365518 0.537724
vt 0.346346 0.511851
vt 0.356130 0.570725
vt 0.372944 0.565420
vt 0.385502 0.591257
vt 0.371000 0.601632
vt 0.388126 0.589677
vt 0.433432 0.562399
vt 0.403223 0.610483
vt 0.400445 0.613731
vt 0.444160 0.576207
vt 0.404343 0.614114
vt 0.402067 0.616169
vt 0.388685 0.624496
vt 0.390579 0.626944
vt 0.423803 0.635135
vt 0.448760 0.649476
vt 0.425624 0.632691
vt 0.457344 0.587839
vt 0.450060 0.646741
vt 0.472527 0.596663
vt 0.453127 0.645945
vt 0.451791 0.650187
vt 0.489160 0.602621
vt 0.476579 0.652931
vt 0.475852 0.655834
vt 0.445597 0.664828
vt 0.504021 0.656296
vt 0.503874 0.659243
vt 0.506313 0.677831
vt 0.506201 0.656161
vt 0.506587 0.605074
vt 0.506720 0.602414
vt 0.507969 0.604990
vt 0.489810 0.600017
vt 0.474363 0.597320
vt 0.493566 0.585293
vt 0.475457 0.594882
vt 0.480282 0.580714
vt 0.473677 0.594245
vt 0.458951 0.585681
vt 0.446164 0.574397
vt 0.468141 0.573631
vt 0.445160 0.573100
vt 0.457604 0.564306
vt 0.443122 0.574873
vt 0.449087 0.553088
vt 0.435768 0.560992
vt 0.459238 0.550697
vt 0.456780 0.563220
vt 0.464759 0.537713
vt 0.453932 0.539750
vt 0.469161 0.546817
vt 0.465866 0.559442
vt 0.466577 0.560380
vt 0.475254 0.554874
vt 0.513442 0.519977
vt 0.474664 0.554093
vt 0.482799 0.561576
vt 0.475658 0.568432
vt 0.564896 0.521366
vt 0.564935 0.522165
vt 0.562304 0.503396
vt 0.564461 0.512079
vt 0.562026 0.502278
vt 0.557721 0.493139
vt 0.552545 0.486149
vt 0.551703 0.485015
vt 0.544202 0.478219
vt 0.535501 0.473022
vt 0.534380 0.472625
vt 0.525935 0.469626
vt 0.515872 0.468168
vt 0.514942 0.468217
vt 0.496733 0.471002
vt 0.505705 0.468711
vt 0.495831 0.471232
vt 0.486630 0.475638
vt 0.479258 0.481164
vt 0.478467 0.481757
vt 0.471656 0.489347
vt 0.466464 0.498117
vt 0.466170 0.498950
vt 0.463089 0.507718
vt 0.461659 0.517778
vt 0.461699 0.518512
vt 0.464585 0.537032
vt 0.462225 0.527907
vt 0.491506 0.566671
vt 0.492559 0.567036
vt 0.501038 0.569971
vt 0.511030 0.571355
vt 0.511826 0.571307
vt 0.529749 0.568535
vt 0.521106 0.570768
vt 0.530880 0.568243
vt 0.539983 0.563872
vt 0.547063 0.558575
vt 0.548072 0.557822
vt 0.554838 0.550323
vt 0.560027 0.541655
vt 0.560402 0.540611
vt 0.563436 0.532149
vt 0.572580 0.533054
vt 0.574389 0.521052
vt 0.574346 0.520091
vt 0.573831 0.508926
vt 0.582541 0.518732
vt 0.578917 0.492569
vt 0.571247 0.498482
vt 0.570914 0.497139
vt 0.565746 0.486141
vt 0.572553 0.478252
vt 0.565353 0.468486
vt 0.558519 0.476359
vt 0.559530 0.477727
vt 0.564182 0.466900
vt 0.553732 0.457396
vt 0.549501 0.468174
vt 0.539034 0.461909
vt 0.541599 0.450115
vt 0.540037 0.449556
vt 0.537687 0.461429
vt 0.527524 0.457811
vt 0.528250 0.445350
vt 0.514200 0.443294
vt 0.515415 0.456049
vt 0.512903 0.443361
vt 0.514296 0.456108
vt 0.503176 0.456694
vt 0.499999 0.444033
vt 0.487463 0.447226
vt 0.492372 0.459447
vt 0.491285 0.459726
vt 0.486201 0.447547
vt 0.473349 0.453698
vt 0.480210 0.465029
vt 0.463052 0.461418
vt 0.471335 0.471681
vt 0.470382 0.472394
vt 0.461947 0.462247
vt 0.452441 0.472860
vt 0.462186 0.481536
vt 0.445201 0.485114
vt 0.455942 0.492096
vt 0.444794 0.486281
vt 0.455589 0.493101
vt 0.451887 0.503656
vt 0.440507 0.498531
vt 0.450176 0.515767
vt 0.438595 0.513607
vt 0.450226 0.516650
vt 0.450870 0.527956
vt 0.442672 0.539449
vt 0.453720 0.538931
vt 0.430505 0.479755
vt 0.427992 0.478626
vt 0.431003 0.478333
vt 0.439784 0.463446
vt 0.451321 0.450554
vt 0.452661 0.449549
vt 0.450837 0.447473
vt 0.465165 0.440165
vt 0.480808 0.432680
vt 0.482344 0.432288
vt 0.481448 0.429669
vt 0.497603 0.428411
vt 0.513305 0.427605
vt 0.513377 0.424843
vt 0.514885 0.427524
vt 0.531936 0.430050
vt 0.546149 0.435192
vt 0.547248 0.432678
vt 0.548030 0.435872
vt 0.562742 0.444728
vt 0.564352 0.442513
vt 0.575403 0.456275
vt 0.576780 0.458199
vt 0.578829 0.456409
vt 0.585222 0.469987
vt 0.568928 0.543220
vt 0.576200 0.544411
vt 0.589883 0.550264
vt 0.575676 0.545868
vt 0.589226 0.552009
vt 0.568477 0.544476
vt 0.568446 0.557924
vt 0.580462 0.566605
vt 0.562238 0.554889
vt 0.554105 0.563897
vt 0.559026 0.568358
vt 0.552895 0.564803
vt 0.557622 0.569407
vt 0.567367 0.580530
vt 0.569048 0.579234
vt 0.569103 0.582518
vt 0.582599 0.568166
vt 0.547769 0.576773
vt 0.555554 0.589648
vt 0.540239 0.597120
vt 0.541136 0.599613
vt 0.539171 0.600124
vt 0.555320 0.648403
vt 0.556249 0.651180
vt 0.524128 0.604027
vt 0.531644 0.654584
vt 0.532077 0.657493
vt 0.506099 0.659106
vt 0.523737 0.601402
vt 0.521503 0.586380
vt 0.538333 0.597615
vt 0.508062 0.602334
vt 0.535104 0.582857
vt 0.533531 0.583265
vt 0.533450 0.576416
vt 0.521708 0.579455
vt 0.532093 0.576769
vt 0.510556 0.580108
vt 0.508587 0.587138
vt 0.509602 0.580162
vt 0.507481 0.587203
vt 0.497590 0.578508
vt 0.487396 0.574987
vt 0.481751 0.581220
vt 0.486130 0.574551
vt 0.544387 0.571164
vt 0.592315 0.551324
vt 0.366875 0.602246
vt 0.398007 0.387483
vt 0.667341 0.419214
vt 0.682306 0.452103
vt 0.695748 0.446388
vt 0.659999 0.383513
vt 0.699884 0.443015
vt 0.694286 0.456308
vt 0.690358 0.460062
vt 0.687949 0.468376
vt 0.688161 0.470339
vt 0.692325 0.501224
vt 0.692540 0.502568
vt 0.677262 0.521739
vt 0.691667 0.521645
vt 0.696994 0.509583
vt 0.705771 0.521551
vt 0.701569 0.510837
vt 0.710141 0.520176
vt 0.700699 0.503842
vt 0.714320 0.518859
vt 0.712955 0.478872
vt 0.695192 0.462618
vt 0.727810 0.478740
vt 0.729229 0.522004
vt 0.772094 0.525472
vt 0.770594 0.473969
vt 0.708089 0.558987
vt 0.722302 0.564607
vt 0.763691 0.576123
vt 0.747767 0.618827
vt 0.695395 0.592792
vt 0.709005 0.600560
vt 0.704038 0.559383
vt 0.691669 0.592407
vt 0.699796 0.559795
vt 0.687771 0.592004
vt 0.686037 0.557090
vt 0.675021 0.586996
vt 0.671970 0.554325
vt 0.661988 0.581874
vt 0.673608 0.523478
vt 0.548761 0.770979
vt 0.497836 0.774411
vt 0.541604 0.728652
vt 0.539374 0.712054
vt 0.558318 0.695188
vt 0.447084 0.768045
vt 0.403753 0.753796
vt 0.398354 0.752021
vt 0.353465 0.726814
vt 0.344619 0.662755
vt 0.314139 0.693244
vt 0.356009 0.650623
vt 0.353551 0.647512
vt 0.342023 0.659439
vt 0.311032 0.689307
vt 0.379735 0.653939
vt 0.374417 0.650226
vt 0.330574 0.618432
vt 0.317758 0.628431
vt 0.312347 0.581554
vt 0.298049 0.589343
vt 0.258236 0.605923
vt 0.281947 0.652461
vt 0.244059 0.555360
vt 0.240113 0.502711
vt 0.286344 0.546950
vt 0.301597 0.542396
vt 0.322213 0.562629
vt 0.246700 0.450066
vt 0.262197 0.403955
vt 0.263677 0.399554
vt 0.290448 0.353269
vt 0.325983 0.313151
vt 0.355305 0.344620
vt 0.358772 0.342011
vt 0.365702 0.354364
vt 0.330136 0.310024
vt 0.368945 0.351892
vt 0.365294 0.379727
vt 0.369627 0.374622
vt 0.391102 0.317697
vt 0.399142 0.328843
vt 0.431524 0.298427
vt 0.417276 0.257824
vt 0.368848 0.280885
vt 0.469256 0.244906
vt 0.522625 0.242621
vt 0.477232 0.301009
vt 0.474913 0.287589
vt 0.437224 0.311019
vt 0.459564 0.322687
vt 0.575192 0.250982
vt 0.624831 0.269547
vt 0.619037 0.267380
vt 0.669588 0.297451
vt 0.795267 0.346025
vt 0.836530 0.531511
vt 0.803479 0.653351
vt 0.497005 0.839138
vt 0.373840 0.811986
vt 0.269063 0.739750
vt 0.183557 0.437659
vt 0.204500 0.374521
vt 0.282104 0.266373
vt 0.335673 0.226002
vt 0.527921 0.178520
vt 0.758081 0.292844
vt 0.646640 0.375435
vt 0.619375 0.364762
vt 0.601274 0.340888
vt 0.624808 0.356098
vt 0.509555 0.317287
vt 0.482177 0.329683
vt 0.452446 0.325636
vt 0.370826 0.375157
vt 0.360326 0.403665
vt 0.336892 0.421890
vt 0.352182 0.396588
vt 0.315313 0.514290
vt 0.327915 0.541533
vt 0.324796 0.570434
vt 0.374593 0.649533
vt 0.402116 0.659857
vt 0.420440 0.681933
vt 0.396374 0.666392
vt 0.510494 0.702696
vt 0.536808 0.691189
vt 0.565384 0.693780
vt 0.644140 0.646151
vt 0.661937 0.623820
vt 0.677610 0.601301
vt 0.654853 0.619696
vt 0.366895 0.511200
vt 0.693496 0.456273
vt 0.689814 0.485602
vt 0.700930 0.511891
vt 0.698521 0.483106
vt 0.538071 0.699007
vt 0.318055 0.541888
vt 0.480629 0.318887
s 1
usemtl Material.001
f 1/1/1 6/2/2 2/3/3
f 2/3/3 3/4/4 1/1/1
f 1/1/1 298/5/5 4/6/6
f 4/6/6 5/7/7 1/1/1
f 5/7/7 453/8/8 6/2/2
f 8/9/9 7/10/10 5/7/7
f 451/11/11 8/9/9 4/6/6
f 9/12/12 10/13/13 8/9/9
f 14/14/14 10/13/13 11/15/15
f 12/16/16 7/10/10 10/13/13
f 12/16/16 16/17/17 13/18/18
f 14/14/14 15/19/19 12/16/16
f 161/20/20 15/19/19 17/21/21
f 17/21/21 18/22/22 19/23/23
f 19/23/23 20/24/24 21/25/25
f 23/26/26 18/22/22 14/14/14
f 21/25/25 22/27/27 150/28/28
f 25/29/29 20/24/24 23/26/26
f 25/29/29 24/30/30 27/31/31
f 23/26/26 11/15/15 24/30/30
f 26/32/32 27/31/31 28/33/33
f 26/32/32 22/27/27 25/29/29
f 30/34/34 27/31/31 29/35/35
f 29/35/35 24/30/30 31/36/36
f 35/37/37 29/35/35 32/38/38
f 32/38/38 31/36/36 33/39/39
f 33/39/39 34/40/40 32/38/38
f 32/38/38 36/41/41 35/37/37
f 35/37/37 38/42/42 37/43/43
f 37/43/43 30/34/34 35/37/37
f 37/43/43 314/44/44 39/45/45
f 39/45/45 40/46/46 37/43/43
f 41/47/47 42/48/48 40/46/46
f 40/46/46 28/33/33 30/34/34
f 45/49/49 42/48/48 43/50/50
f 44/51/51 28/33/33 42/48/48
f 45/49/49 46/52/52 44/51/51
f 44/51/51 47/53/53 26/32/32
f 47/53/53 48/54/54 149/55/55
f 48/54/54 49/56/56 50/57/57
f 50/57/57 51/58/58 52/59/59
f 54/60/60 49/56/56 45/49/49
f 51/58/58 134/61/61 52/59/59
f 55/62/62 51/58/58 54/60/60
f 57/63/63 54/60/60 56/64/64
f 54/60/60 43/50/50 56/64/64
f 59/65/65 56/64/64 58/66/66
f 58/66/66 43/50/50 41/47/47
f 62/67/67 58/66/66 60/68/68
f 60/68/68 41/47/47 39/45/45
f 39/45/45 61/69/69 60/68/68
f 60/68/68 63/70/70 62/67/67
f 64/71/71 63/70/70 65/72/72
f 64/71/71 59/65/65 62/67/67
f 64/71/71 326/73/73 66/74/74
f 66/74/74 67/75/75 64/71/71
f 68/76/76 69/77/77 67/75/75
f 67/75/75 57/63/63 59/65/65
f 70/78/78 71/79/79 69/77/77
f 69/77/77 55/62/62 57/63/63
f 72/80/80 73/81/81 71/79/79
f 71/79/79 53/82/82 55/62/62
f 53/82/82 74/83/83 134/61/61
f 73/81/81 76/84/84 74/83/83
f 75/85/85 78/86/86 76/84/84
f 80/87/87 75/85/85 72/80/80
f 77/88/88 1024/89/89 78/86/86
f 81/90/90 77/88/88 80/87/87
f 83/91/91 80/87/87 82/92/92
f 82/92/92 72/80/80 70/78/78
f 85/93/93 82/92/92 84/94/94
f 84/94/94 70/78/78 68/76/76
f 88/95/95 84/94/94 86/96/96
f 86/96/96 68/76/76 66/74/74
f 66/74/74 87/97/97 86/96/96
f 86/96/96 89/98/98 88/95/95
f 90/99/99 89/98/98 91/100/100
f 90/99/99 85/93/93 88/95/95
f 92/101/101 91/100/100 338/102/102
f 92/101/101 93/103/103 90/99/99
f 94/104/104 95/105/105 93/103/103
f 93/103/103 83/91/91 85/93/93
f 98/106/106 95/105/105 96/107/107
f 95/105/105 81/90/90 83/91/91
f 98/106/106 99/108/108 97/109/109
f 97/109/109 79/110/110 81/90/90
f 79/110/110 100/111/111 1024/89/89
f 100/111/111 101/112/112 102/113/113
f 101/112/112 106/114/114 102/113/113
f 105/115/115 101/112/112 98/106/106
f 103/116/116 107/117/117 106/114/114
f 216/118/118 103/116/116 105/115/115
f 107/117/117 108/119/119 106/114/114
f 106/114/114 111/120/104 102/113/113
f 109/121/120 110/122/119 108/119/119
f 108/119/119 112/123/104 111/120/104
f 111/120/104 115/124/103 113/125/103
f 102/113/113 113/125/103 100/111/111
f 100/111/111 114/126/93 1024/89/89
f 115/124/103 119/127/121 122/128/122
f 112/123/104 116/129/123 115/124/103
f 116/129/123 120/130/124 119/127/121
f 464/131/125 116/129/123 118/132/126
f 119/127/121 123/133/127 121/134/128
f 114/126/93 119/127/121 125/135/94
f 121/134/128 1020/136/129 124/137/130
f 125/135/94 124/137/130 126/138/76
f 127/139/94 126/138/76 128/140/76
f 1024/89/89 127/139/94 78/86/86
f 78/86/86 128/140/76 76/84/84
f 128/140/76 130/141/75 129/142/75
f 76/84/84 129/142/75 74/83/83
f 129/142/75 132/143/65 131/144/65
f 74/83/83 131/144/65 134/61/61
f 131/144/65 136/145/66 133/146/66
f 134/61/61 133/146/66 52/59/59
f 52/59/59 135/147/47 50/57/57
f 136/145/66 140/148/131 143/149/47
f 132/143/65 137/150/132 136/145/66
f 138/151/133 140/148/131 137/150/132
f 139/152/134 138/151/133 137/150/132
f 141/153/135 142/154/136 140/148/131
f 143/149/47 142/154/136 144/155/46
f 135/147/47 144/155/46 146/156/46
f 146/156/46 145/157/34 147/158/34
f 144/155/46 1015/159/137 145/157/34
f 50/57/57 146/156/46 48/54/54
f 48/54/54 147/158/34 149/55/55
f 147/158/34 151/160/35 148/161/35
f 149/55/55 148/161/35 150/28/28
f 150/28/28 47/53/53 149/55/55
f 150/28/28 152/162/36 21/25/25
f 148/161/35 153/163/36 152/162/36
f 152/162/36 155/164/12 154/165/12
f 21/25/25 154/165/12 19/23/23
f 154/165/12 157/166/9 156/167/9
f 19/23/23 156/167/9 17/21/21
f 158/168/7 157/166/9 160/169/7
f 17/21/21 158/168/7 161/20/20
f 161/20/20 159/170/2 162/171/138
f 158/168/7 1022/172/2 159/170/2
f 163/173/139 161/20/20 162/171/138
f 165/174/140 162/171/138 164/175/141
f 162/171/138 167/176/142 164/175/141
f 166/177/143 165/174/140 164/175/141
f 164/175/141 169/178/144 166/177/143
f 159/170/2 168/179/142 167/176/142
f 169/178/144 168/179/142 170/180/144
f 169/178/144 172/181/145 171/182/145
f 166/177/143 171/182/145 174/183/146
f 171/182/145 1023/184/147 173/185/147
f 174/183/146 173/185/147 176/186/148
f 176/186/148 175/187/149 174/183/146
f 174/183/146 455/188/150 166/177/143
f 181/189/151 176/186/148 178/190/152
f 176/186/148 180/191/153 178/190/152
f 179/192/154 181/189/151 178/190/152
f 180/191/153 497/193/155 191/194/155
f 272/195/156 181/189/151 182/196/157
f 182/196/157 183/197/158 184/198/159
f 184/198/159 185/199/160 186/200/161
f 188/201/162 183/197/158 179/192/154
f 186/200/161 187/202/163 254/203/164
f 187/202/163 188/201/162 189/204/165
f 179/192/154 190/205/166 188/201/162
f 188/201/162 193/206/167 189/204/165
f 497/193/155 495/207/168 192/208/166
f 190/205/166 194/209/167 193/206/167
f 193/206/167 197/210/169 195/211/169
f 189/204/165 195/211/169 198/212/170
f 198/212/170 196/213/171 200/214/172
f 197/210/169 479/215/173 480/216/171
f 201/217/174 198/212/170 200/214/172
f 198/212/170 187/202/163 189/204/165
f 203/218/175 200/214/172 202/219/176
f 200/214/172 205/220/177 202/219/176
f 213/221/178 202/219/176 204/222/179
f 202/219/176 207/223/180 204/222/179
f 196/213/171 206/224/177 205/220/177
f 205/220/177 208/225/180 207/223/180
f 207/223/180 210/226/181 209/227/181
f 204/222/179 209/227/181 211/228/182
f 209/227/181 456/229/120 109/121/120
f 211/228/182 109/121/120 107/117/117
f 107/117/117 212/230/183 211/228/182
f 212/230/183 204/222/179 211/228/182
f 215/231/184 212/230/183 214/232/185
f 214/232/185 104/233/186 216/118/118
f 215/231/184 217/234/187 218/235/188
f 214/232/185 220/236/189 217/234/187
f 233/237/180 217/234/187 219/238/181
f 219/238/181 220/236/189 221/239/120
f 221/239/120 222/240/190 223/241/119
f 220/236/189 105/115/115 222/240/190
f 223/241/119 96/107/107 94/104/104
f 222/240/190 98/106/106 96/107/107
f 226/242/191 223/241/119 224/243/192
f 224/243/192 94/104/104 92/101/101
f 92/101/101 225/244/193 224/243/192
f 224/243/192 227/245/194 226/242/191
f 226/242/191 229/246/195 228/247/196
f 226/242/191 219/238/181 221/239/120
f 228/247/196 231/248/197 230/249/198
f 228/247/196 233/237/180 219/238/181
f 230/249/198 236/250/199 232/251/200
f 235/252/177 218/235/188 233/237/180
f 232/251/200 238/253/201 234/254/202
f 248/255/171 250/256/203 235/252/177
f 237/257/204 238/253/201 236/250/199
f 446/258/205 236/250/199 231/248/197
f 238/253/201 241/259/206 240/260/207
f 234/254/202 240/260/207 243/261/208
f 240/260/207 427/262/209 242/263/210
f 243/261/208 242/263/210 244/264/211
f 243/261/208 248/255/171 234/254/202
f 244/264/211 245/265/169 243/261/208
f 246/266/167 247/267/212 245/265/169
f 245/265/169 249/268/213 248/255/171
f 249/268/213 253/269/214 250/256/203
f 252/270/215 249/268/213 247/267/212
f 252/270/215 201/217/174 251/271/216
f 251/271/216 203/218/175 253/269/214
f 253/269/214 213/221/178 215/231/184
f 253/269/214 218/235/188 250/256/203
f 255/272/217 252/270/215 247/267/212
f 254/203/164 199/273/218 252/270/215
f 186/200/161 255/272/217 256/274/219
f 258/275/166 255/272/217 246/266/167
f 184/198/159 256/274/219 257/276/220
f 259/277/155 256/274/219 258/275/166
f 262/278/221 258/275/166 260/279/222
f 260/279/222 246/266/167 244/264/211
f 244/264/211 261/280/223 260/279/222
f 260/279/222 263/281/224 262/278/221
f 262/278/221 265/282/225 264/283/226
f 267/284/153 257/276/220 259/277/155
f 264/283/226 438/285/227 266/286/228
f 266/286/228 267/284/153 264/283/226
f 269/287/147 268/288/229 267/284/153
f 266/286/228 270/289/145 269/287/147
f 270/289/145 271/290/230 269/287/147
f 274/291/231 271/290/230 273/292/232
f 272/195/156 268/288/229 271/290/230
f 276/293/233 273/292/232 275/294/234
f 278/295/144 273/292/232 270/289/145
f 452/296/235 275/294/234 277/297/236
f 284/298/142 275/294/234 278/295/144
f 280/299/237 278/295/144 270/289/145
f 280/299/237 281/300/238 279/301/239
f 279/301/239 283/302/240 282/303/241
f 282/303/241 286/304/242 2/3/3
f 2/3/3 284/298/142 282/303/241
f 6/2/2 277/297/236 284/298/142
f 441/305/243 283/302/240 281/300/238
f 285/306/244 286/304/242 283/302/240
f 286/304/242 288/307/245 3/4/4
f 289/308/246 288/307/245 287/309/247
f 291/310/248 287/309/247 285/306/244
f 290/311/249 292/312/250 289/308/246
f 444/313/251 289/308/246 291/310/248
f 292/312/250 295/314/252 294/315/253
f 288/307/245 294/315/253 297/316/254
f 294/315/253 448/317/255 296/318/256
f 297/316/254 296/318/256 299/319/257
f 3/4/4 297/316/254 298/5/5
f 297/316/254 300/320/258 298/5/5
f 299/319/257 302/321/259 300/320/258
f 296/318/256 301/322/260 299/319/257
f 302/321/259 303/323/261 34/40/40
f 304/324/262 303/323/261 301/322/260
f 296/318/256 305/325/263 304/324/262
f 305/325/263 306/326/264 304/324/262
f 306/326/264 309/327/265 308/328/266
f 303/323/261 308/328/266 311/329/267
f 308/328/266 377/330/268 310/331/269
f 311/329/267 310/331/269 312/332/270
f 303/323/261 36/41/41 34/40/40
f 311/329/267 38/42/42 36/41/41
f 38/42/42 313/333/271 314/44/44
f 312/332/270 316/334/272 313/333/271
f 313/333/271 61/69/69 314/44/44
f 316/334/272 315/335/273 313/333/271
f 310/331/269 317/336/274 316/334/272
f 317/336/274 318/337/275 316/334/272
f 319/338/276 320/339/277 318/337/275
f 318/337/275 323/340/278 315/335/273
f 321/341/279 322/342/280 320/339/277
f 320/339/277 324/343/281 323/340/278
f 315/335/273 63/70/70 61/69/69
f 323/340/278 65/72/72 63/70/70
f 65/72/72 325/344/282 326/73/73
f 324/343/281 328/345/283 325/344/282
f 325/344/282 87/97/97 326/73/73
f 325/344/282 330/346/284 327/347/285
f 449/348/286 328/345/283 322/342/280
f 329/349/287 330/346/284 328/345/283
f 330/346/284 333/350/288 332/351/289
f 327/347/285 332/351/289 335/352/290
f 333/350/288 334/353/291 332/351/289
f 335/352/290 334/353/291 336/354/292
f 327/347/285 89/98/98 87/97/97
f 89/98/98 336/354/292 91/100/100
f 91/100/100 337/355/293 338/102/102
f 334/353/291 337/355/293 336/354/292
f 338/102/102 339/356/294 225/244/193
f 340/357/295 339/356/294 337/355/293
f 334/353/291 341/358/296 340/357/295
f 341/358/296 342/359/297 340/357/295
f 342/359/297 347/360/298 344/361/299
f 342/359/297 345/362/300 339/356/294
f 344/361/299 447/363/301 345/362/300
f 344/361/299 348/364/302 346/365/303
f 343/366/304 349/367/305 347/360/298
f 347/360/298 350/368/306 348/364/302
f 352/369/307 350/368/306 349/367/305
f 354/370/308 349/367/305 351/371/309
f 356/372/310 354/370/308 351/371/309
f 358/373/311 355/374/312 356/372/310
f 359/375/313 358/373/311 360/376/314
f 361/377/315 360/376/314 362/378/316
f 363/379/317 362/378/316 364/380/318
f 366/381/319 363/379/317 364/380/318
f 368/382/320 365/383/321 366/381/319
f 369/384/322 368/382/320 370/385/323
f 371/386/324 370/385/323 372/387/325
f 373/388/326 372/387/325 375/389/327
f 374/390/328 375/389/327 376/391/329
f 376/391/329 377/330/268 309/327/265
f 375/389/327 317/336/274 377/330/268
f 380/392/330 376/391/329 378/393/331
f 378/393/331 309/327/265 307/394/332
f 379/395/333 307/394/332 305/325/263
f 379/395/333 380/392/330 378/393/331
f 383/396/334 381/397/335 379/395/333
f 384/398/336 383/396/334 385/399/337
f 386/400/338 385/399/337 387/401/339
f 388/402/340 387/401/339 389/403/341
f 390/404/342 389/403/341 391/405/343
f 392/406/344 391/405/343 393/407/345
f 394/408/346 393/407/345 395/409/347
f 396/410/348 395/409/347 397/411/349
f 398/412/350 397/411/349 399/413/351
f 400/414/352 399/413/351 402/415/353
f 401/416/354 402/415/353 404/417/355
f 405/418/356 402/415/353 403/419/357
f 403/419/357 399/413/351 433/420/358
f 406/421/359 405/418/356 407/422/360
f 409/423/361 404/417/355 406/421/359
f 423/424/362 406/421/359 407/422/360
f 410/425/363 406/421/359 408/426/364
f 411/427/365 408/426/364 412/428/366
f 413/429/367 412/428/366 414/430/368
f 415/431/369 414/430/368 416/432/370
f 353/433/371 416/432/370 350/368/306
f 348/364/302 416/432/370 417/434/372
f 417/434/372 414/430/368 419/435/373
f 348/364/302 418/436/374 346/365/303
f 417/434/372 420/437/375 418/436/374
f 419/435/373 422/438/376 420/437/375
f 419/435/373 412/428/366 421/439/377
f 421/439/377 424/440/378 422/438/376
f 421/439/377 408/426/364 423/424/362
f 424/440/378 407/422/360 425/441/379
f 424/440/378 427/262/209 241/259/206
f 422/438/376 241/259/206 239/442/380
f 407/422/360 426/443/381 425/441/379
f 425/441/379 428/444/382 427/262/209
f 427/262/209 261/280/223 242/263/210
f 261/280/223 429/445/383 263/281/224
f 428/444/382 431/446/384 429/445/383
f 263/281/224 430/447/385 265/282/225
f 431/446/384 430/447/385 429/445/383
f 426/443/381 403/419/357 431/446/384
f 431/446/384 433/420/358 432/448/386
f 433/420/358 434/449/387 432/448/386
f 432/448/386 437/450/388 430/447/385
f 435/451/389 436/452/390 434/449/387
f 434/449/387 439/453/391 437/450/388
f 430/447/385 438/285/227 265/282/225
f 437/450/388 440/454/392 438/285/227
f 439/453/391 281/300/238 440/454/392
f 436/452/390 441/305/243 439/453/391
f 441/305/243 291/310/248 285/306/244
f 445/455/393 442/456/394 436/452/390
f 442/456/394 444/313/251 291/310/248
f 443/457/395 391/405/343 444/313/251
f 395/409/347 443/457/395 445/455/393
f 397/411/349 445/455/393 435/451/389
f 391/405/343 290/311/249 444/313/251
f 266/286/228 440/454/392 280/299/237
f 433/420/358 397/411/349 435/451/389
f 420/437/375 239/442/380 237/257/204
f 446/258/205 420/437/375 237/257/204
f 346/365/303 446/258/205 447/363/301
f 229/246/195 446/258/205 231/248/197
f 227/245/194 447/363/301 229/246/195
f 389/403/341 293/458/396 290/311/249
f 293/458/396 385/399/337 295/314/252
f 295/314/252 383/396/334 448/317/255
f 383/396/334 305/325/263 448/317/255
f 372/387/325 319/338/276 317/336/274
f 319/338/276 368/382/320 321/341/279
f 368/382/320 449/348/286 321/341/279
f 366/381/319 329/349/287 449/348/286
f 329/349/287 362/378/316 331/459/397
f 331/459/397 360/376/314 333/350/288
f 333/350/288 358/373/311 450/460/398
f 358/373/311 341/358/296 450/460/398
f 356/372/310 343/366/304 341/358/296
f 225/244/193 345/362/300 227/245/194
f 451/11/11 302/321/259 33/39/39
f 4/6/6 300/320/258 451/11/11
f 33/39/39 9/12/12 451/11/11
f 453/8/8 452/296/235 277/297/236
f 7/10/10 454/461/399 453/8/8
f 454/461/399 165/174/140 452/296/235
f 13/18/18 163/173/139 454/461/399
f 452/296/235 455/188/150 276/293/233
f 276/293/233 175/187/149 274/291/231
f 274/291/231 177/462/400 272/195/156
f 182/196/157 257/276/220 268/288/229
f 210/226/181 460/463/401 456/229/120
f 208/225/180 457/464/402 210/226/181
f 458/465/403 460/463/401 457/464/402
f 475/466/404 457/464/402 459/467/405
f 460/463/401 463/468/406 462/469/407
f 456/229/120 462/469/407 110/122/119
f 462/469/407 464/131/125 118/132/126
f 110/122/119 118/132/126 112/123/104
f 461/470/408 465/471/409 463/468/406
f 463/468/406 466/472/410 464/131/125
f 466/472/410 467/473/411 720/474/412
f 465/471/409 469/475/413 467/473/411
f 469/475/413 470/476/414 471/477/415
f 458/465/403 468/478/416 461/470/408
f 471/477/415 472/479/417 473/480/418
f 475/466/404 470/476/414 458/465/403
f 472/479/417 728/481/419 473/480/418
f 476/482/420 472/479/417 475/466/404
f 478/483/421 475/466/404 459/467/405
f 479/215/173 476/482/420 478/483/421
f 477/484/422 474/485/423 476/482/420
f 480/216/171 478/483/421 206/224/177
f 206/224/177 459/467/405 208/225/180
f 481/486/424 477/484/422 479/215/173
f 484/487/425 481/486/424 482/488/426
f 194/209/167 481/486/424 197/210/169
f 484/487/425 485/489/427 483/490/428
f 483/490/428 486/491/429 477/484/422
f 486/491/429 487/492/430 729/493/431
f 485/489/427 489/494/432 487/492/430
f 488/495/433 491/496/434 489/494/432
f 493/497/435 488/495/433 484/487/425
f 491/496/434 492/498/436 982/499/437
f 494/500/438 490/501/439 493/497/435
f 494/500/438 495/207/168 496/502/440
f 493/497/435 482/488/426 495/207/168
f 192/208/166 482/488/426 194/209/167
f 499/503/153 496/502/440 497/193/155
f 501/504/441 496/502/440 498/505/442
f 1023/184/147 498/505/442 499/503/153
f 502/506/443 498/505/442 500/507/444
f 502/506/443 503/508/445 501/504/441
f 501/504/441 492/498/436 494/500/438
f 982/499/437 503/508/445 504/509/446
f 504/509/446 505/510/447 506/511/448
f 506/511/448 507/512/449 508/513/450
f 510/514/451 505/510/447 502/506/443
f 508/513/450 509/515/452 522/516/453
f 511/517/454 507/512/449 510/514/451
f 511/517/454 512/518/455 513/519/456
f 510/514/451 500/507/444 512/518/455
f 170/180/144 512/518/455 172/181/145
f 172/181/145 500/507/444 1023/184/147
f 168/179/142 513/519/456 170/180/144
f 516/520/457 513/519/456 514/521/458
f 1022/172/2 514/521/458 168/179/142
f 515/522/459 516/520/457 514/521/458
f 517/523/460 518/524/461 516/520/457
f 516/520/457 509/515/452 511/517/454
f 518/524/461 521/525/462 520/526/463
f 522/516/453 518/524/461 520/526/463
f 521/525/462 523/527/142 520/526/463
f 520/526/463 526/528/144 522/516/453
f 524/529/2 525/530/142 523/527/142
f 523/527/142 528/531/144 526/528/144
f 522/516/453 527/532/145 508/513/450
f 528/531/144 530/533/464 748/534/145
f 525/530/142 529/535/465 528/531/144
f 532/536/466 530/533/464 529/535/465
f 531/537/467 532/536/466 529/535/465
f 533/538/468 535/539/469 532/536/466
f 532/536/466 536/540/470 534/541/471
f 962/542/472 535/539/469 537/543/473
f 537/543/473 538/544/474 539/545/475
f 538/544/474 541/546/476 539/545/475
f 543/547/477 538/544/474 533/538/468
f 540/548/478 575/549/479 541/546/476
f 544/550/480 540/548/478 543/547/477
f 547/551/481 543/547/477 545/552/482
f 545/552/482 533/538/468 531/537/467
f 549/553/7 545/552/482 546/554/2
f 546/554/2 531/537/467 525/530/142
f 572/555/483 547/551/481 548/556/484
f 550/557/9 547/551/481 549/553/7
f 552/558/9 549/553/7 551/559/7
f 551/559/7 546/554/2 524/529/2
f 553/560/485 524/529/2 521/525/462
f 555/561/486 551/559/7 553/560/485
f 519/562/487 553/560/485 521/525/462
f 553/560/485 556/563/488 555/561/486
f 555/561/486 558/564/489 557/565/490
f 557/565/490 552/558/9 555/561/486
f 557/565/490 1003/566/491 559/567/492
f 559/567/492 560/568/12 557/565/490
f 560/568/12 550/557/9 552/558/9
f 564/569/36 569/570/493 561/571/12
f 1000/572/494 562/573/36 559/567/492
f 563/574/35 564/569/36 562/573/36
f 565/575/35 566/576/495 564/569/36
f 596/577/496 566/576/495 567/578/497
f 568/579/498 569/570/493 566/576/495
f 561/571/12 548/556/484 550/557/9
f 570/580/499 548/556/484 569/570/493
f 568/579/498 571/581/500 570/580/499
f 570/580/499 573/582/501 572/555/483
f 572/555/483 542/583/502 544/550/480
f 575/549/479 573/582/501 574/584/503
f 574/584/503 571/581/500 576/585/504
f 574/584/503 578/586/7 575/549/479
f 576/585/504 577/587/9 574/584/503
f 577/587/9 965/588/505 578/586/7
f 577/587/9 581/589/506 579/590/507
f 582/591/36 581/589/506 580/592/12
f 585/593/508 580/592/12 576/585/504
f 584/594/35 583/595/509 582/591/36
f 587/596/510 582/591/36 585/593/508
f 585/593/508 588/597/511 587/596/510
f 576/585/504 586/598/512 585/593/508
f 588/597/511 589/599/513 587/596/510
f 589/599/513 584/594/35 587/596/510
f 589/599/513 593/600/514 590/601/515
f 611/602/46 968/603/516 591/604/34
f 595/605/517 592/606/518 594/607/519
f 594/607/519 588/597/511 596/577/496
f 595/605/517 597/608/520 599/609/521
f 594/607/519 567/578/497 597/608/520
f 600/610/46 597/608/520 598/611/34
f 598/611/34 567/578/497 565/575/35
f 602/612/47 599/609/521 600/610/46
f 604/613/522 599/609/521 601/614/523
f 991/615/66 601/614/523 602/612/47
f 605/616/524 601/614/523 603/617/525
f 605/616/524 606/618/526 604/613/522
f 604/613/522 593/600/514 595/605/517
f 608/619/527 607/620/528 609/621/529
f 590/601/515 606/618/526 608/619/527
f 609/621/529 610/622/47 608/619/527
f 608/619/527 611/602/46 590/601/515
f 610/622/47 969/623/530 611/602/46
f 613/624/66 612/625/531 610/622/47
f 615/626/65 614/627/532 613/624/66
f 618/628/533 613/624/66 609/621/529
f 617/629/75 616/630/534 615/626/65
f 620/631/535 615/626/65 618/628/533
f 607/620/528 618/628/533 609/621/529
f 619/632/536 620/631/535 618/628/533
f 622/633/537 621/634/538 620/631/535
f 662/635/76 972/636/539 617/629/75
f 625/637/540 622/633/537 624/638/541
f 624/638/541 619/632/536 626/639/542
f 630/640/543 624/638/541 627/641/544
f 627/641/544 626/639/542 629/642/545
f 632/643/76 627/641/544 628/644/75
f 628/644/75 629/642/545 989/645/65
f 631/646/546 625/637/540 630/640/543
f 633/647/94 630/640/543 632/643/76
f 636/648/94 632/643/76 634/649/76
f 637/650/547 635/651/75 639/652/548
f 640/653/549 634/649/76 637/650/547
f 638/654/550 640/653/549 637/650/547
f 984/655/551 637/650/547 639/652/548
f 641/656/552 642/657/553 640/653/549
f 642/657/553 636/648/94 640/653/549
f 643/658/554 644/659/555 642/657/553
f 644/659/555 645/660/93 642/657/553
f 646/661/103 647/662/93 645/660/93
f 645/660/93 633/647/94 636/648/94
f 647/662/93 631/646/546 633/647/94
f 649/663/103 648/664/556 647/662/93
f 715/665/104 650/666/557 649/663/103
f 650/666/557 655/667/558 648/664/556
f 653/668/559 650/666/557 651/669/560
f 653/668/559 654/670/561 652/671/562
f 652/671/562 656/672/563 655/667/558
f 655/667/558 658/673/564 657/674/565
f 648/664/556 657/674/565 631/646/546
f 657/674/565 623/675/566 625/637/540
f 658/673/564 660/676/567 659/677/568
f 623/675/566 659/677/568 621/634/538
f 660/676/567 661/678/94 659/677/568
f 659/677/568 662/635/76 621/634/538
f 661/678/94 973/679/569 662/635/76
f 664/680/93 663/681/570 661/678/94
f 666/682/103 665/683/571 664/680/93
f 669/684/572 664/680/93 660/676/567
f 668/685/104 667/686/573 666/682/103
f 670/687/574 666/682/103 669/684/572
f 656/672/563 669/684/572 660/676/567
f 669/684/572 671/688/575 670/687/574
f 671/688/575 672/689/576 670/687/574
f 672/689/576 668/685/104 670/687/574
f 673/690/577 674/691/578 672/689/576
f 674/691/578 675/692/119 672/689/576
f 675/692/119 976/693/579 668/685/104
f 677/694/120 676/695/580 675/692/119
f 679/696/181 678/697/581 677/694/120
f 682/698/582 677/694/120 674/691/578
f 681/699/180 680/700/583 679/696/181
f 684/701/584 679/696/181 682/698/582
f 674/691/578 683/702/585 682/698/582
f 682/698/582 685/703/586 684/701/584
f 684/701/584 687/704/587 686/705/588
f 686/705/588 681/699/180 684/701/584
f 687/704/587 688/706/589 686/705/588
f 688/706/589 689/707/177 686/705/588
f 689/707/177 978/708/590 681/699/180
f 691/709/171 690/710/591 689/707/177
f 693/711/169 692/712/592 691/709/171
f 695/713/593 691/709/171 688/706/589
f 763/714/167 694/715/594 693/711/169
f 697/716/595 696/717/596 695/713/593
f 700/718/597 695/713/593 688/706/589
f 981/719/598 697/716/595 699/720/599
f 699/720/599 700/718/597 701/721/600
f 701/721/600 687/704/587 703/722/601
f 731/723/602 701/721/600 702/724/603
f 702/724/603 703/722/601 704/725/604
f 704/725/604 705/726/605 706/727/606
f 703/722/601 685/703/586 705/726/605
f 706/727/606 707/728/607 708/729/608
f 705/726/605 683/702/585 707/728/607
f 707/728/607 710/730/609 708/729/608
f 707/728/607 712/731/610 709/732/611
f 710/730/609 711/733/612 713/734/613
f 709/732/611 673/690/577 711/733/612
f 713/734/613 653/668/559 651/669/560
f 711/733/612 671/688/575 653/668/559
f 716/735/120 713/734/613 714/736/119
f 714/736/119 651/669/560 715/665/104
f 717/737/119 715/665/104 719/738/104
f 718/739/120 714/736/119 717/737/119
f 469/475/413 717/737/119 467/473/411
f 467/473/411 719/738/104 720/474/412
f 720/474/412 646/661/103 644/659/555
f 644/659/555 466/472/410 720/474/412
f 471/477/415 718/739/120 469/475/413
f 721/740/181 716/735/120 718/739/120
f 473/480/418 721/740/181 471/477/415
f 722/741/180 723/742/181 721/740/181
f 723/742/181 710/730/609 716/735/120
f 724/743/180 708/729/608 723/742/181
f 725/744/177 706/727/606 724/743/180
f 726/745/177 724/743/180 722/741/180
f 730/746/171 704/725/604 725/744/177
f 729/493/431 726/745/177 728/481/419
f 728/481/419 722/741/180 473/480/418
f 474/485/423 729/493/431 728/481/419
f 735/747/169 733/748/169 730/746/171
f 732/749/614 699/720/599 731/723/602
f 734/750/167 731/723/602 733/748/169
f 736/751/167 733/748/169 735/747/169
f 489/494/432 735/747/169 487/492/430
f 491/496/434 736/751/167 489/494/432
f 737/752/166 734/750/167 736/751/167
f 982/499/437 737/752/166 491/496/434
f 738/753/155 739/754/166 737/752/166
f 739/754/166 732/749/614 734/750/167
f 741/755/155 740/756/615 739/754/166
f 743/757/153 742/758/616 741/755/155
f 746/759/153 741/755/155 738/753/155
f 745/760/147 744/761/617 743/757/153
f 749/762/147 743/757/153 746/759/153
f 504/509/446 738/753/155 982/499/437
f 748/534/145 747/763/618 745/760/147
f 527/532/145 745/760/147 749/762/147
f 508/513/450 749/762/147 506/511/448
f 750/764/619 744/761/617 747/763/618
f 534/541/471 747/763/618 530/533/464
f 534/541/471 752/765/620 750/764/619
f 750/764/619 754/766/621 751/767/622
f 756/768/623 752/765/620 753/769/624
f 753/769/624 536/540/470 962/542/472
f 751/767/622 755/770/625 980/771/626
f 758/772/627 754/766/621 756/768/623
f 960/773/147 961/774/628 757/775/153
f 757/775/153 766/776/629 759/777/155
f 758/772/627 762/778/166 760/779/630
f 760/779/630 755/770/625 758/772/627
f 696/717/596 761/780/631 760/779/630
f 760/779/630 763/714/167 696/717/596
f 762/778/166 765/781/632 763/714/167
f 759/777/155 764/782/633 762/778/166
f 767/783/634 765/781/632 764/782/633
f 769/784/635 764/782/633 766/776/629
f 767/783/634 771/785/636 768/786/637
f 772/787/638 767/783/634 769/784/635
f 770/788/639 775/789/640 771/785/636
f 776/790/641 770/788/639 772/787/638
f 777/791/642 773/792/643 776/790/641
f 774/793/644 775/789/640 773/792/643
f 778/794/645 777/791/642 776/790/641
f 781/795/646 776/790/641 772/787/638
f 877/796/647 778/794/645 780/797/648
f 783/798/649 778/794/645 781/795/646
f 784/799/650 781/795/646 782/800/651
f 782/800/651 772/787/638 769/784/635
f 785/801/652 784/799/650 787/802/653
f 785/801/652 780/797/648 783/798/649
f 786/803/654 788/804/655 785/801/652
f 954/805/656 785/801/652 787/802/653
f 791/806/657 788/804/655 790/807/658
f 789/808/659 780/797/648 788/804/655
f 792/809/660 791/806/657 790/807/658
f 794/810/661 790/807/658 786/803/654
f 793/811/662 795/812/663 792/809/660
f 793/811/662 794/810/661 949/813/664
f 795/812/663 798/814/665 791/806/657
f 796/815/666 797/816/667 795/812/663
f 800/817/668 798/814/665 797/816/667
f 802/818/669 797/816/667 799/819/670
f 803/820/671 799/819/670 805/821/672
f 806/822/673 803/820/671 805/821/672
f 806/822/673 807/823/674 809/824/675
f 807/823/674 799/819/670 796/815/666
f 809/824/675 808/825/676 810/826/677
f 808/825/676 796/815/666 793/811/662
f 811/827/678 810/826/677 812/828/679
f 814/829/680 809/824/675 811/827/678
f 813/830/681 812/828/679 940/831/682
f 813/830/681 814/829/680 811/827/678
f 814/829/680 804/832/683 806/822/673
f 817/833/684 814/829/680 815/834/685
f 818/835/686 815/834/685 819/836/687
f 821/837/688 818/835/686 819/836/687
f 823/838/689 820/839/690 821/837/688
f 824/840/691 823/838/689 825/841/692
f 827/842/693 824/840/691 825/841/692
f 828/843/694 827/842/693 829/844/695
f 832/845/696 828/843/694 829/844/695
f 831/846/697 832/845/696 833/847/698
f 837/848/699 832/845/696 834/849/700
f 834/849/700 829/844/695 836/850/701
f 838/851/702 834/849/700 835/852/703
f 835/852/703 836/850/701 923/853/704
f 839/854/705 838/851/702 840/855/706
f 842/856/707 837/848/699 839/854/705
f 841/857/708 840/855/706 911/858/709
f 843/859/710 839/854/705 841/857/708
f 844/860/711 833/847/698 842/856/707
f 843/859/710 844/860/711 842/856/707
f 846/861/712 843/859/710 847/862/713
f 848/863/714 847/862/713 849/864/715
f 850/865/716 849/864/715 851/866/717
f 852/867/718 851/866/717 853/868/719
f 854/869/720 853/868/719 855/870/721
f 857/871/722 854/869/720 855/870/721
f 858/872/723 857/871/722 859/873/724
f 860/874/725 859/873/724 861/875/726
f 863/876/727 860/874/725 861/875/726
f 866/877/728 862/878/729 863/876/727
f 868/879/730 864/880/731 866/877/728
f 774/793/644 866/877/728 867/881/732
f 866/877/728 878/882/733 867/881/732
f 869/883/734 774/793/644 777/791/642
f 869/883/734 865/884/735 868/879/730
f 779/885/736 869/883/734 777/791/642
f 872/886/737 869/883/734 870/887/738
f 873/888/739 870/887/738 874/889/740
f 876/890/741 873/888/739 874/889/740
f 801/891/742 876/890/741 798/814/665
f 791/806/657 876/890/741 789/808/659
f 789/808/659 874/889/740 877/796/647
f 877/796/647 870/887/738 779/885/736
f 775/789/640 878/882/733 879/892/743
f 879/892/743 880/893/744 882/894/745
f 863/876/727 880/893/744 878/882/733
f 880/893/744 859/873/724 881/895/746
f 882/894/745 881/895/746 883/896/747
f 884/897/748 883/896/747 886/898/749
f 887/899/750 882/894/745 884/897/748
f 887/899/750 885/900/751 888/901/752
f 884/897/748 889/902/753 885/900/751
f 768/786/637 887/899/750 888/901/752
f 771/785/636 879/892/743 887/899/750
f 768/786/637 694/715/594 765/781/632
f 888/901/752 692/712/592 694/715/594
f 886/898/749 891/903/754 889/902/753
f 883/896/747 890/904/755 886/898/749
f 890/904/755 977/905/756 891/903/754
f 890/904/755 895/906/757 892/907/758
f 881/895/746 893/908/759 883/896/747
f 893/908/759 896/909/760 895/906/757
f 895/906/757 898/910/761 897/911/762
f 895/906/757 900/912/763 892/907/758
f 898/910/761 899/913/764 897/911/762
f 897/911/762 902/914/765 900/912/763
f 892/907/758 901/915/766 977/905/756
f 901/915/766 902/914/765 903/916/767
f 902/914/765 905/917/768 903/916/767
f 902/914/765 907/918/769 904/919/770
f 904/919/770 974/920/771 905/917/768
f 904/919/770 909/921/772 906/922/773
f 899/913/764 908/923/774 907/918/769
f 907/918/769 910/924/775 909/921/772
f 910/924/775 911/858/709 909/921/772
f 909/921/772 912/925/776 906/922/773
f 911/858/709 914/926/777 912/925/776
f 906/922/773 913/927/778 974/920/771
f 913/927/778 914/926/777 915/928/779
f 915/928/779 916/929/780 917/930/781
f 840/855/706 916/929/780 914/926/777
f 917/930/781 918/931/782 919/932/783
f 838/851/702 918/931/782 916/929/780
f 919/932/783 920/933/784 921/934/785
f 918/931/782 923/853/704 920/933/784
f 920/933/784 971/935/786 921/934/785
f 923/853/704 922/936/787 920/933/784
f 836/850/701 924/937/788 923/853/704
f 925/938/789 926/939/790 924/937/788
f 924/937/788 929/940/791 922/936/787
f 926/939/790 970/941/792 928/942/793
f 926/939/790 931/943/794 929/940/791
f 922/936/787 930/944/795 971/935/786
f 929/940/791 932/945/796 930/944/795
f 932/945/796 933/946/797 934/947/798
f 928/942/793 933/946/797 931/943/794
f 934/947/798 935/948/799 966/949/800
f 936/950/801 935/948/799 933/946/797
f 970/941/792 936/950/801 928/942/793
f 937/951/802 938/952/803 936/950/801
f 938/952/803 813/830/681 940/831/682
f 935/948/799 940/831/682 941/953/804
f 941/953/804 812/828/679 943/954/805
f 935/948/799 942/955/806 966/949/800
f 942/955/806 943/954/805 944/956/807
f 944/956/807 945/957/808 946/958/809
f 812/828/679 945/957/808 943/954/805
f 946/958/809 947/959/810 948/960/811
f 810/826/677 947/959/810 945/957/808
f 948/960/811 949/813/664 950/961/812
f 808/825/676 949/813/664 947/959/810
f 950/961/812 794/810/661 952/962/813
f 948/960/811 951/963/814 965/588/505
f 950/961/812 953/964/815 951/963/814
f 952/962/813 955/965/816 953/964/815
f 952/962/813 786/803/654 954/805/656
f 954/805/656 957/966/817 955/965/816
f 539/545/475 953/964/815 956/967/144
f 956/967/144 957/966/817 958/968/145
f 958/968/145 959/969/818 960/773/147
f 787/802/653 959/969/818 957/966/817
f 784/799/650 961/774/628 959/969/818
f 782/800/651 766/776/629 961/774/628
f 962/542/472 960/773/147 753/769/624
f 537/543/473 958/968/145 962/542/472
f 963/970/819 951/963/814 953/964/815
f 541/546/476 963/970/819 539/545/475
f 578/586/7 951/963/814 964/971/2
f 946/958/809 965/588/505 579/590/507
f 944/956/807 579/590/507 581/589/506
f 942/955/806 581/589/506 583/595/509
f 966/949/800 583/595/509 967/972/820
f 968/603/516 966/949/800 967/972/820
f 591/604/34 967/972/820 584/594/35
f 969/623/530 934/947/798 968/603/516
f 930/944/795 969/623/530 612/625/531
f 937/951/802 819/836/687 939/973/821
f 939/973/821 815/834/685 813/830/681
f 823/838/689 937/951/802 970/941/792
f 927/974/822 823/838/689 970/941/792
f 971/935/786 612/625/531 614/627/532
f 921/934/785 614/627/532 616/630/534
f 925/938/789 825/841/692 927/974/822
f 829/844/695 925/938/789 836/850/701
f 972/636/539 921/934/785 616/630/534
f 917/930/781 972/636/539 973/679/569
f 915/928/779 973/679/569 663/681/570
f 913/927/778 663/681/570 665/683/571
f 667/686/573 913/927/778 665/683/571
f 976/693/579 974/920/771 667/686/573
f 847/862/713 841/857/708 910/924/775
f 908/923/774 847/862/713 910/924/775
f 975/975/823 849/864/715 908/923/774
f 853/868/719 975/975/823 898/910/761
f 903/916/767 976/693/579 676/695/580
f 901/915/766 676/695/580 678/697/581
f 977/905/756 678/697/581 680/700/583
f 978/708/590 977/905/756 680/700/583
f 855/870/721 898/910/761 896/909/760
f 894/976/824 855/870/721 896/909/760
f 881/895/746 857/871/722 894/976/824
f 690/710/591 891/903/754 978/708/590
f 692/712/592 889/902/753 690/710/591
f 980/771/626 761/780/631 979/977/825
f 979/977/825 698/978/826 981/719/598
f 980/771/626 740/756/615 742/758/616
f 979/977/825 732/749/614 740/756/615
f 751/767/622 742/758/616 744/761/617
f 117/979/827 643/658/554 120/130/124
f 464/131/125 983/980/828 117/979/827
f 120/130/124 641/656/552 123/133/127
f 123/133/127 638/654/550 1020/136/129
f 986/981/829 639/652/548 985/982/830
f 639/652/548 988/983/65 985/982/830
f 1017/984/831 985/982/830 987/985/832
f 985/982/830 990/986/66 987/985/832
f 635/651/75 989/645/65 988/983/65
f 988/983/65 991/615/66 990/986/66
f 990/986/66 602/612/47 992/987/47
f 987/985/832 992/987/47 994/988/833
f 992/987/47 600/610/46 993/989/46
f 994/988/833 993/989/46 996/990/834
f 995/991/835 987/985/832 994/988/833
f 996/990/834 995/991/835 994/988/833
f 998/992/836 997/993/837 996/990/834
f 996/990/834 1001/994/34 998/992/836
f 1002/995/838 998/992/836 1000/572/494
f 998/992/836 563/574/35 1000/572/494
f 993/989/46 598/611/34 1001/994/34
f 1001/994/34 565/575/35 563/574/35
f 559/567/492 1002/995/838 1000/572/494
f 1004/996/839 1003/566/491 1007/997/840
f 1005/998/841 1002/995/838 1004/996/839
f 1005/998/841 1006/999/842 1015/159/137
f 1004/996/839 1008/1000/843 1006/999/842
f 1007/997/840 1010/1001/844 1008/1000/843
f 1007/997/840 558/564/489 1009/1002/845
f 1009/1002/845 1012/1003/846 1010/1001/844
f 1009/1002/845 556/563/488 1011/1004/847
f 1011/1004/847 1014/1005/848 1012/1003/846
f 1011/1004/847 554/1006/849 1013/1007/850
f 1014/1005/848 517/523/460 515/522/459
f 1013/1007/850 519/562/487 517/523/460
f 157/166/9 1014/1005/848 160/169/7
f 160/169/7 515/522/459 1022/172/2
f 155/164/12 1012/1003/846 157/166/9
f 153/163/36 1010/1001/844 155/164/12
f 151/160/35 1008/1000/843 153/163/36
f 145/157/34 1006/999/842 151/160/35
f 1016/1008/851 1015/159/137 142/154/136
f 1016/1008/851 999/1009/852 1005/998/841
f 141/153/135 997/993/837 1016/1008/851
f 138/151/133 995/991/835 141/153/135
f 1018/1010/853 1017/984/831 138/151/133
f 989/645/65 603/617/525 991/615/66
f 1019/1011/854 986/981/829 1018/1010/853
f 1021/1012/855 1018/1010/853 139/152/134
f 1020/136/129 984/655/551 1019/1011/854
f 124/137/130 1019/1011/854 1021/1012/855
f 126/138/76 1021/1012/855 130/141/75
f 130/141/75 139/152/134 132/143/65
f 629/642/545 605/616/524 603/617/525
f 626/639/542 607/620/528 605/616/524
f 596/577/496 586/598/512 568/579/498
f 173/185/147 499/503/153 180/191/153
f 31/36/36 11/15/15 9/12/12
f 1026/1013/856 1028/1014/857 1025/1015/858
f 1025/1015/858 1036/1016/859 1038/1017/120
f 1032/1018/104 1036/1016/859 1027/1019/860
f 1025/1015/858 1030/1020/861 1029/1021/862
f 1030/1020/861 1031/1022/863 1029/1021/862
f 1031/1022/863 1032/1018/104 1029/1021/862
f 1033/1023/103 1034/1024/864 1032/1018/104
f 1321/1025/865 1148/1026/866 1036/1016/859
f 1041/1027/867 1037/1028/868 1039/1029/869
f 1042/1030/870 1039/1029/869 1165/1031/180
f 1026/1013/856 1041/1027/867 1042/1030/870
f 1043/1032/871 1044/1033/872 1042/1030/870
f 1044/1033/872 1026/1013/856 1042/1030/870
f 1045/1034/873 1049/1035/874 1047/1036/875
f 1169/1037/876 1171/1038/877 1044/1033/872
f 1047/1036/875 1050/1039/857 1028/1014/857
f 1048/1040/878 1051/1041/879 1050/1039/857
f 1050/1039/857 1053/1042/880 1052/1043/881
f 1028/1014/857 1052/1043/881 1030/1020/861
f 1053/1042/880 1054/1044/882 1052/1043/881
f 1030/1020/861 1054/1044/882 1056/1045/883
f 1054/1044/882 1060/1046/884 1057/1047/885
f 1031/1022/863 1057/1047/885 1058/1048/886
f 1057/1047/885 1060/1046/884 1349/1049/887
f 1062/1050/888 1061/1051/889 1060/1046/884
f 1055/1052/890 1062/1050/888 1060/1046/884
f 1065/1053/888 1063/1054/891 1062/1050/888
f 1064/1055/892 1065/1053/888 1062/1050/888
f 1066/1056/893 1068/1057/894 1065/1053/888
f 1067/1058/895 1066/1056/893 1065/1053/888
f 1069/1059/896 1070/1060/897 1068/1057/894
f 1063/1054/891 1070/1060/897 1073/1061/898
f 1070/1060/897 1202/1062/899 1072/1063/900
f 1073/1061/898 1072/1063/900 1075/1064/901
f 1063/1054/891 1074/1065/902 1061/1051/889
f 1074/1065/902 1075/1064/901 1076/1066/903
f 1076/1066/903 1077/1067/904 1080/1068/905
f 1075/1064/901 1078/1069/906 1077/1067/904
f 1078/1069/906 1204/1070/907 1079/1071/908
f 1077/1067/904 1082/1072/909 1080/1068/905
f 1076/1066/903 1081/1073/910 1374/1074/911
f 1081/1073/910 1082/1072/909 1357/1075/912
f 1083/1076/913 1084/1077/914 1085/1078/915
f 1079/1071/908 1084/1077/914 1082/1072/909
f 1084/1077/914 1362/1079/916 1085/1078/915
f 1084/1077/914 1088/1080/917 1086/1081/918
f 1087/1082/919 1092/1083/920 1088/1080/917
f 1079/1071/908 1089/1084/921 1087/1082/919
f 1090/1085/922 1092/1083/920 1089/1084/921
f 1091/1086/923 1090/1085/922 1089/1084/921
f 1093/1087/924 1094/1088/925 1092/1083/920
f 1092/1083/920 1097/1089/925 1088/1080/917
f 1095/1090/926 1096/1091/927 1094/1088/925
f 1100/1092/928 1097/1089/925 1096/1091/927
f 1088/1080/917 1098/1093/929 1086/1081/918
f 1086/1081/918 1099/1094/930 1362/1079/916
f 1099/1094/930 1100/1092/928 1101/1095/931
f 1101/1095/931 1102/1096/932 1104/1097/933
f 1102/1096/932 1103/1098/934 1113/1099/935
f 1102/1096/932 1107/1100/936 1368/1101/937
f 1105/1102/938 1106/1103/939 1102/1096/932
f 1106/1103/939 1373/1104/940 1107/1100/936
f 1106/1103/939 1110/1105/941 1108/1106/942
f 1109/1107/943 1114/1108/944 1110/1105/941
f 1113/1099/935 1109/1107/943 1105/1102/938
f 1111/1109/943 1115/1110/945 1114/1108/944
f 1113/1099/935 1112/1111/946 1111/1109/943
f 1114/1108/944 1117/1112/947 1116/1113/948
f 1110/1105/941 1116/1113/948 1119/1114/949
f 1117/1112/947 1118/1115/950 1116/1113/948
f 1116/1113/948 1121/1116/951 1119/1114/949
f 1110/1105/941 1120/1117/952 1108/1106/942
f 1120/1117/952 1121/1116/951 1122/1118/953
f 1316/1119/954 1122/1118/953 1118/1115/950
f 1124/1120/955 1123/1121/956 1126/1122/957
f 1120/1117/952 1124/1120/955 1125/1123/958
f 1125/1123/958 1127/1124/959 1129/1125/960
f 1127/1124/959 1126/1122/957 1128/1126/961
f 1130/1127/962 1128/1126/961 1132/1128/963
f 1129/1125/960 1130/1127/962 1131/1129/964
f 1130/1127/962 1134/1130/7 1131/1129/964
f 1132/1128/963 1133/1131/2 1130/1127/962
f 1133/1131/2 1321/1025/865 1134/1130/7
f 1133/1131/2 1137/1132/965 1135/1133/966
f 1305/1134/967 1138/1135/968 1136/1136/142
f 1141/1137/969 1138/1135/968 1139/1138/970
f 1143/1139/147 1140/1140/971 1141/1137/969
f 1145/1141/153 1142/1142/972 1143/1139/147
f 1147/1143/155 1144/1144/973 1145/1141/153
f 1149/1145/166 1146/1146/974 1147/1143/155
f 1151/1147/167 1148/1026/866 1149/1145/166
f 1154/1148/169 1150/1149/975 1151/1147/167
f 1155/1150/171 1152/1151/976 1154/1148/169
f 1156/1152/977 1155/1150/171 1154/1148/169
f 1157/1153/978 1158/1154/979 1156/1152/977
f 1158/1154/979 1159/1155/980 1156/1152/977
f 1160/1156/981 1161/1157/982 1159/1155/980
f 1161/1157/982 1155/1150/171 1159/1155/980
f 1162/1158/983 1043/1032/871 1161/1157/982
f 1043/1032/871 1163/1159/177 1161/1157/982
f 1163/1159/177 1153/1160/984 1155/1150/171
f 1165/1031/180 1164/1161/985 1163/1159/177
f 1168/1162/986 1162/1158/983 1160/1156/981
f 1162/1158/983 1169/1037/876 1046/1163/987
f 1167/1164/988 1169/1037/876 1166/1165/989
f 1278/1166/990 1166/1165/989 1168/1162/986
f 1170/1167/991 1175/1168/992 1171/1038/877
f 1167/1164/988 1172/1169/993 1170/1167/991
f 1173/1170/994 1175/1168/992 1172/1169/993
f 1267/1171/995 1268/1172/996 1172/1169/993
f 1175/1168/992 1049/1035/874 1171/1038/877
f 1177/1173/997 1176/1174/998 1175/1168/992
f 1178/1175/999 1179/1176/1000 1177/1173/997
f 1268/1172/996 1177/1173/997 1173/1170/994
f 1179/1176/1000 1182/1177/1001 1181/1178/1002
f 1051/1041/879 1176/1174/998 1181/1178/1002
f 1181/1178/1002 1186/1179/1003 1183/1180/1004
f 1184/1181/1005 1183/1180/1004 1185/1182/1006
f 1051/1041/879 1185/1182/1006 1053/1042/880
f 1185/1182/1006 1055/1052/890 1053/1042/880
f 1183/1180/1004 1064/1055/892 1185/1182/1006
f 1183/1180/1004 1187/1183/1007 1067/1058/895
f 1190/1184/1008 1186/1179/1003 1182/1177/1001
f 1186/1179/1003 1191/1185/1009 1187/1183/1007
f 1188/1186/1010 1192/1187/1011 1191/1185/1009
f 1275/1188/1012 1188/1186/1010 1190/1184/1008
f 1192/1187/1011 1193/1189/1013 1191/1185/1009
f 1187/1183/1007 1193/1189/1013 1066/1056/893
f 1194/1190/1014 1195/1191/1015 1193/1189/1013
f 1193/1189/1013 1069/1059/896 1066/1056/893
f 1195/1191/1015 1198/1192/1016 1197/1193/1017
f 1195/1191/1015 1071/1194/1018 1069/1059/896
f 1197/1193/1017 1200/1195/1019 1199/1196/1020
f 1071/1194/1018 1199/1196/1020 1202/1062/899
f 1199/1196/1020 1320/1197/1021 1201/1198/1022
f 1199/1196/1020 1203/1199/1023 1202/1062/899
f 1072/1063/900 1203/1199/1023 1078/1069/906
f 1201/1198/1022 1204/1070/907 1203/1199/1023
f 1205/1200/1024 1090/1085/922 1204/1070/907
f 1205/1200/1024 1208/1201/1025 1207/1202/1026
f 1320/1197/1021 1205/1200/1024 1201/1198/1022
f 1208/1201/1025 1209/1203/1027 1207/1202/1026
f 1207/1202/1026 1093/1087/924 1090/1085/922
f 1210/1204/1028 1211/1205/1029 1209/1203/1027
f 1209/1203/1027 1095/1090/926 1093/1087/924
f 1212/1206/1030 1213/1207/1031 1211/1205/1029
f 1095/1090/926 1213/1207/1031 1216/1208/1032
f 1213/1207/1031 1218/1209/1033 1215/1210/1034
f 1216/1208/1032 1215/1210/1034 1217/1211/1035
f 1216/1208/1032 1113/1099/935 1096/1091/927
f 1215/1210/1034 1219/1212/1036 1221/1213/1037
f 1225/1214/1038 1208/1201/1025 1189/1215/1039
f 1221/1213/1037 1220/1216/1040 1222/1217/1041
f 1112/1111/946 1222/1217/1041 1115/1110/945
f 1220/1216/1040 1223/1218/1042 1222/1217/1041
f 1222/1217/1041 1117/1112/947 1115/1110/945
f 1223/1218/1042 1225/1214/1038 1228/1219/1043
f 1227/1220/1044 1226/1221/1045 1229/1222/1046
f 1118/1115/950 1229/1222/1046 1230/1223/1047
f 1230/1223/1047 1231/1224/1048 1317/1225/1049
f 1232/1226/1050 1231/1224/1048 1229/1222/1046
f 1232/1226/1050 1234/1227/1051 1233/1228/1052
f 1234/1227/1051 1235/1229/1053 1233/1228/1052
f 1233/1228/1052 1238/1230/1054 1231/1224/1048
f 1236/1231/1055 1237/1232/1056 1235/1229/1053
f 1238/1230/1054 1237/1232/1056 1240/1233/1057
f 1231/1224/1048 1239/1234/1058 1317/1225/1049
f 1239/1234/1058 1240/1233/1057 1241/1235/1059
f 1240/1233/1057 1243/1236/1060 1241/1235/1059
f 1240/1233/1057 1245/1237/1061 1242/1238/1062
f 1243/1236/1060 1244/1239/1063 1289/1240/1064
f 1245/1237/1061 1247/1241/1065 1244/1239/1063
f 1248/1242/1066 1245/1237/1061 1237/1232/1056
f 1250/1243/1067 1249/1244/1068 1251/1245/1069
f 1250/1243/1067 1253/1246/1070 1244/1239/1063
f 1249/1244/1068 1252/1247/1071 1251/1245/1069
f 1251/1245/1069 1255/1248/1072 1253/1246/1070
f 1244/1239/1063 1254/1249/1073 1289/1240/1064
f 1253/1246/1070 1256/1250/1074 1254/1249/1073
f 1255/1248/1072 1258/1251/1075 1256/1250/1074
f 1252/1247/1071 1257/1252/1076 1255/1248/1072
f 1257/1252/1076 1276/1253/1077 1258/1251/1075
f 1257/1252/1076 1262/1254/1078 1259/1255/1079
f 1260/1256/1080 1263/1257/1081 1262/1254/1078
f 1252/1247/1071 1261/1258/1082 1260/1256/1080
f 1263/1257/1081 1264/1259/1083 1262/1254/1078
f 1262/1254/1078 1266/1260/1084 1259/1255/1079
f 1264/1259/1083 1270/1261/1085 1268/1172/996
f 1259/1255/1079 1267/1171/995 1276/1253/1077
f 1269/1262/1086 1271/1263/1087 1273/1264/1088
f 1271/1263/1087 1274/1265/1089 1273/1264/1088
f 1273/1264/1088 1180/1266/1090 1178/1175/999
f 1274/1265/1089 1275/1188/1012 1190/1184/1008
f 1180/1266/1090 1190/1184/1008 1182/1177/1001
f 1276/1253/1077 1174/1267/1091 1277/1268/1092
f 1278/1166/990 1282/1269/1093 1276/1253/1077
f 1277/1268/1092 1167/1164/988 1278/1166/990
f 1279/1270/1094 1168/1162/986 1281/1271/1095
f 1279/1270/1094 1285/1272/1074 1258/1251/1075
f 1284/1273/1096 1279/1270/1094 1281/1271/1095
f 1281/1271/1095 1160/1156/981 1158/1154/979
f 1286/1274/1073 1280/1275/1097 1283/1276/1098
f 1283/1276/1098 1284/1273/1096 1296/1277/1099
f 1254/1249/1073 1285/1272/1074 1286/1274/1073
f 1287/1278/1100 1254/1249/1073 1286/1274/1073
f 1288/1279/1101 1286/1274/1073 1283/1276/1098
f 1288/1279/1101 1318/1280/1102 1289/1240/1064
f 1292/1281/1103 1288/1279/1101 1291/1282/1104
f 1291/1282/1104 1283/1276/1098 1295/1283/1105
f 1300/1284/1106 1291/1282/1104 1294/1285/1107
f 1293/1286/1108 1298/1287/1109 1294/1285/1107
f 1296/1277/1099 1297/1288/1096 1295/1283/1105
f 1295/1283/1105 1157/1153/978 1298/1287/1109
f 1298/1287/1109 1147/1143/155 1294/1285/1107
f 1157/1153/978 1149/1145/166 1298/1287/1109
f 1299/1289/1110 1147/1143/155 1145/1141/153
f 1302/1290/1111 1299/1289/1110 1301/1291/1112
f 1301/1291/1112 1145/1141/153 1143/1139/147
f 1303/1292/1113 1302/1290/1111 1301/1291/1112
f 1301/1291/1112 1141/1137/969 1303/1292/1113
f 1306/1293/1114 1303/1292/1113 1305/1134/967
f 1303/1292/1113 1139/1138/970 1305/1134/967
f 1128/1126/961 1305/1134/967 1132/1128/963
f 1128/1126/961 1307/1294/1115 1306/1293/1114
f 1307/1294/1115 1304/1295/1116 1306/1293/1114
f 1308/1296/1117 1309/1297/1118 1307/1294/1115
f 1123/1121/956 1307/1294/1115 1126/1122/957
f 1310/1298/1119 1311/1299/1120 1309/1297/1118
f 1309/1297/1118 1302/1290/1111 1304/1295/1116
f 1311/1299/1120 1290/1300/1121 1292/1281/1103
f 1311/1299/1120 1300/1284/1106 1302/1290/1111
f 1314/1301/1058 1312/1302/1122 1310/1298/1119
f 1290/1300/1121 1313/1303/1123 1243/1236/1060
f 1239/1234/1058 1313/1303/1123 1314/1301/1058
f 1315/1304/1049 1310/1298/1119 1308/1296/1117
f 1317/1225/1049 1314/1301/1058 1315/1304/1049
f 1123/1121/956 1315/1304/1049 1308/1296/1117
f 1230/1223/1047 1315/1304/1049 1316/1119/954
f 1134/1130/7 1322/1305/1124 1323/1306/9
f 1323/1306/9 1324/1307/1125 1325/1308/1126
f 1368/1101/937 1324/1307/1125 1327/1309/36
f 1327/1309/36 1328/1310/1127 1329/1311/35
f 1329/1311/35 1330/1312/1128 1331/1313/1129
f 1333/1314/1130 1330/1312/1128 1332/1315/1131
f 1359/1316/1132 1332/1315/1131 1335/1317/47
f 1335/1317/47 1336/1318/1133 1337/1319/66
f 1337/1319/66 1338/1320/1134 1339/1321/65
f 1341/1322/75 1338/1320/1134 1340/1323/1135
f 1343/1324/76 1340/1323/1135 1342/1325/1136
f 1343/1324/76 1344/1326/1137 1345/1327/94
f 1345/1327/94 1346/1328/1138 1347/1329/1139
f 1058/1048/886 1346/1328/1138 1033/1023/103
f 1348/1330/1140 1347/1329/1139 1058/1048/886
f 1350/1331/1141 1345/1327/94 1348/1330/1140
f 1349/1049/887 1350/1331/1141 1348/1330/1140
f 1350/1331/1141 1353/1332/1142 1352/1333/1143
f 1352/1333/1143 1343/1324/76 1350/1331/1141
f 1353/1332/1142 1354/1334/1144 1352/1333/1143
f 1354/1334/1144 1341/1322/75 1352/1333/1143
f 1355/1335/1145 1356/1336/1146 1354/1334/1144
f 1356/1336/1146 1339/1321/65 1354/1334/1144
f 1356/1336/1146 1360/1337/1147 1358/1338/1148
f 1358/1338/1148 1337/1319/66 1356/1336/1146
f 1358/1338/1148 1361/1339/1149 1359/1316/1132
f 1085/1078/915 1361/1339/1149 1360/1337/1147
f 1357/1075/912 1085/1078/915 1360/1337/1147
f 1362/1079/916 1363/1340/1150 1361/1339/1149
f 1359/1316/1132 1363/1340/1150 1364/1341/1151
f 1363/1340/1150 1101/1095/931 1365/1342/1152
f 1365/1342/1152 1331/1313/1129 1364/1341/1151
f 1364/1341/1151 1333/1314/1130 1359/1316/1132
f 1365/1342/1152 1369/1343/1153 1367/1344/1154
f 1367/1344/1154 1329/1311/35 1365/1342/1152
f 1366/1345/1155 1104/1097/933 1369/1343/1153
f 1371/1346/1156 1325/1308/1126 1368/1101/937
f 1368/1101/937 1372/1347/1157 1371/1346/1156
f 1372/1347/1157 1131/1129/964 1371/1346/1156
f 1370/1348/1158 1373/1104/940 1372/1347/1157
f 1373/1104/940 1129/1125/960 1372/1347/1157
f 1108/1106/942 1125/1123/958 1373/1104/940
f 1353/1332/1142 1081/1073/910 1355/1335/1145
f 1351/1349/1159 1374/1074/911 1353/1332/1142
f 1074/1065/902 1374/1074/911 1375/1350/1160
f 1376/1351/1161 1074/1065/902 1375/1350/1160
f 1376/1351/1161 1351/1349/1159 1349/1049/887
f 1380/1352/1162 1378/1353/1162 1377/1354/1162
f 1378/1353/1163 1379/1355/1163 1377/1354/1163
f 1382/1356/1164 1381/1357/1164 1380/1352/1164
f 1385/1358/1165 1382/1356/1165 1384/1359/1165
f 1387/1360/1166 1384/1359/1166 1386/1361/1166
f 1388/1362/1167 1387/1360/1167 1386/1361/1167
f 1391/1363/1168 1388/1362/1168 1390/1364/1168
f 1393/1365/1169 1390/1364/1169 1392/1366/1169
f 1394/1367/1170 1393/1365/1170 1392/1366/1170
f 1397/1368/1171 1394/1367/1171 1396/1369/1171
f 1399/1370/1172 1396/1369/1172 1398/1371/1172
f 1401/1372/1173 1398/1371/1173 1400/1373/1174
f 1403/1374/1175 1400/1373/1175 1402/1375/1175
f 1405/1376/1176 1402/1375/1176 1404/1377/1176
f 1407/1378/1177 1404/1377/1177 1406/1379/1177
f 1408/1380/1178 1406/1379/1178 1379/1355/1178
f 1395/1381/1179 1403/1374/1179 1378/1353/1179
f 1410/1382/1180 1412/1383/1180 1409/1384/1180
f 1440/1385/1162 1409/1384/1162 1411/1386/1162
f 1413/1387/1181 1414/1388/1181 1412/1383/1181
f 1415/1389/1177 1416/1390/1177 1414/1388/1177
f 1417/1391/1182 1418/1392/1182 1416/1390/1182
f 1419/1393/1175 1420/1394/1183 1418/1392/1183
f 1421/1395/1184 1422/1396/1173 1420/1394/1173
f 1423/1397/1185 1424/1398/1185 1422/1396/1185
f 1425/1399/1171 1426/1400/1171 1424/1398/1171
f 1427/1401/1186 1428/1402/1186 1426/1400/1186
f 1429/1403/1187 1430/1404/1187 1428/1402/1187
f 1431/1405/1168 1432/1406/1168 1430/1404/1168
f 1433/1407/1188 1434/1408/1188 1432/1406/1188
f 1435/1409/1166 1436/1410/1166 1434/1408/1166
f 1437/1411/1165 1438/1412/1165 1436/1410/1165
f 1439/1413/1189 1411/1386/1190 1438/1412/1190
f 1427/1401/1179 1419/1393/1179 1410/1382/1179
f 1445/1414/1191 1441/1415/1191 1444/1416/1191
f 1442/1417/1163 1443/1418/1163 1441/1415/1163
f 1447/1419/1189 1444/1416/1189 1446/1420/1189
f 1449/1421/1165 1446/1420/1165 1448/1422/1165
f 1451/1423/1166 1448/1422/1166 1450/1424/1166
f 1453/1425/1167 1450/1424/1167 1452/1426/1167
f 1455/1427/1168 1452/1426/1168 1454/1428/1168
f 1456/1429/1187 1455/1427/1187 1454/1428/1187
f 1459/1430/1186 1456/1429/1186 1458/1431/1186
f 1461/1432/1171 1458/1431/1171 1460/1433/1171
f 1463/1434/1172 1460/1433/1172 1462/1435/1172
f 1465/1436/1173 1462/1435/1173 1464/1437/1192
f 1467/1438/1175 1464/1437/1175 1466/1439/1175
f 1469/1440/1176 1466/1439/1176 1468/1441/1176
f 1471/1442/1177 1468/1441/1177 1470/1443/1177
f 1472/1444/1178 1470/1443/1178 1443/1418/1178
f 1459/1430/1179 1467/1438/1179 1442/1417/1179
f 1477/1445/1193 1473/1446/1193 1476/1447/1193
f 1474/1448/1163 1475/1449/1163 1473/1446/1163
f 1479/1450/1164 1476/1447/1164 1478/1451/1164
f 1481/1452/1165 1478/1451/1165 1480/1453/1165
f 1483/1454/1166 1480/1453/1166 1482/1455/1166
f 1485/1456/1167 1482/1455/1167 1484/1457/1167
f 1487/1458/1194 1484/1457/1194 1486/1459/1194
f 1489/1460/1169 1486/1459/1169 1488/1461/1169
f 1491/1462/1170 1488/1461/1170 1490/1463/1170
f 1492/1464/1171 1491/1462/1171 1490/1463/1171
f 1495/1465/1195 1492/1464/1195 1494/1466/1195
f 1497/1467/1196 1494/1466/1196 1496/1468/1196
f 1498/1469/1175 1497/1467/1175 1496/1468/1175
f 1501/1470/1176 1498/1469/1176 1500/1471/1176
f 1503/1472/1177 1500/1471/1177 1502/1473/1177
f 1504/1474/1178 1502/1473/1178 1475/1449/1178
f 1491/1462/1179 1499/1475/1179 1474/1448/1179
f 1/1/1 5/7/7 6/2/2
f 2/3/3 286/304/242 3/4/4
f 1/1/1 3/4/4 298/5/5
f 4/6/6 8/9/9 5/7/7
f 5/7/7 7/10/10 453/8/8
f 8/9/9 10/13/13 7/10/10
f 451/11/11 9/12/12 8/9/9
f 9/12/12 11/15/15 10/13/13
f 14/14/14 12/16/16 10/13/13
f 12/16/16 13/18/18 7/10/10
f 12/16/16 15/19/19 16/17/17
f 14/14/14 18/22/22 15/19/19
f 161/20/20 16/17/17 15/19/19
f 17/21/21 15/19/19 18/22/22
f 19/23/23 18/22/22 20/24/24
f 23/26/26 20/24/24 18/22/22
f 21/25/25 20/24/24 22/27/27
f 25/29/29 22/27/27 20/24/24
f 25/29/29 23/26/26 24/30/30
f 23/26/26 14/14/14 11/15/15
f 26/32/32 25/29/29 27/31/31
f 26/32/32 47/53/53 22/27/27
f 30/34/34 28/33/33 27/31/31
f 29/35/35 27/31/31 24/30/30
f 35/37/37 30/34/34 29/35/35
f 32/38/38 29/35/35 31/36/36
f 33/39/39 302/321/259 34/40/40
f 32/38/38 34/40/40 36/41/41
f 35/37/37 36/41/41 38/42/42
f 37/43/43 40/46/46 30/34/34
f 37/43/43 38/42/42 314/44/44
f 39/45/45 41/47/47 40/46/46
f 41/47/47 43/50/50 42/48/48
f 40/46/46 42/48/48 28/33/33
f 45/49/49 44/51/51 42/48/48
f 44/51/51 26/32/32 28/33/33
f 45/49/49 49/56/56 46/52/52
f 44/51/51 46/52/52 47/53/53
f 47/53/53 46/52/52 48/54/54
f 48/54/54 46/52/52 49/56/56
f 50/57/57 49/56/56 51/58/58
f 54/60/60 51/58/58 49/56/56
f 51/58/58 53/82/82 134/61/61
f 55/62/62 53/82/82 51/58/58
f 57/63/63 55/62/62 54/60/60
f 54/60/60 45/49/49 43/50/50
f 59/65/65 57/63/63 56/64/64
f 58/66/66 56/64/64 43/50/50
f 62/67/67 59/65/65 58/66/66
f 60/68/68 58/66/66 41/47/47
f 39/45/45 314/44/44 61/69/69
f 60/68/68 61/69/69 63/70/70
f 64/71/71 62/67/67 63/70/70
f 64/71/71 67/75/75 59/65/65
f 64/71/71 65/72/72 326/73/73
f 66/74/74 68/76/76 67/75/75
f 68/76/76 70/78/78 69/77/77
f 67/75/75 69/77/77 57/63/63
f 70/78/78 72/80/80 71/79/79
f 69/77/77 71/79/79 55/62/62
f 72/80/80 75/85/85 73/81/81
f 71/79/79 73/81/81 53/82/82
f 53/82/82 73/81/81 74/83/83
f 73/81/81 75/85/85 76/84/84
f 75/85/85 77/88/88 78/86/86
f 80/87/87 77/88/88 75/85/85
f 77/88/88 79/110/110 1024/89/89
f 81/90/90 79/110/110 77/88/88
f 83/91/91 81/90/90 80/87/87
f 82/92/92 80/87/87 72/80/80
f 85/93/93 83/91/91 82/92/92
f 84/94/94 82/92/92 70/78/78
f 88/95/95 85/93/93 84/94/94
f 86/96/96 84/94/94 68/76/76
f 66/74/74 326/73/73 87/97/97
f 86/96/96 87/97/97 89/98/98
f 90/99/99 88/95/95 89/98/98
f 90/99/99 93/103/103 85/93/93
f 92/101/101 90/99/99 91/100/100
f 92/101/101 94/104/104 93/103/103
f 94/104/104 96/107/107 95/105/105
f 93/103/103 95/105/105 83/91/91
f 98/106/106 97/109/109 95/105/105
f 95/105/105 97/109/109 81/90/90
f 98/106/106 101/112/112 99/108/108
f 97/109/109 99/108/108 79/110/110
f 79/110/110 99/108/108 100/111/111
f 100/111/111 99/108/108 101/112/112
f 101/112/112 103/116/116 106/114/114
f 105/115/115 103/116/116 101/112/112
f 103/116/116 104/233/186 107/117/117
f 216/118/118 104/233/186 103/116/116
f 107/117/117 109/121/120 108/119/119
f 106/114/114 108/119/119 111/120/104
f 109/121/120 456/229/120 110/122/119
f 108/119/119 110/122/119 112/123/104
f 111/120/104 112/123/104 115/124/103
f 102/113/113 111/120/104 113/125/103
f 100/111/111 113/125/103 114/126/93
f 122/128/122 114/126/93 113/125/103
f 115/124/103 116/129/123 119/127/121
f 122/128/122 113/125/103 115/124/103
f 112/123/104 118/132/126 116/129/123
f 116/129/123 117/979/827 120/130/124
f 464/131/125 117/979/827 116/129/123
f 119/127/121 120/130/124 123/133/127
f 125/135/94 127/139/94 114/126/93
s 0
f 114/126/1197 122/128/1179 119/127/1198
s 1
f 119/127/121 121/134/128 125/135/94
f 121/134/128 123/133/127 1020/136/129
f 125/135/94 121/134/128 124/137/130
f 127/139/94 125/135/94 126/138/76
f 1024/89/89 114/126/93 127/139/94
f 78/86/86 127/139/94 128/140/76
f 128/140/76 126/138/76 130/141/75
f 76/84/84 128/140/76 129/142/75
f 129/142/75 130/141/75 132/143/65
f 74/83/83 129/142/75 131/144/65
f 131/144/65 132/143/65 136/145/66
f 134/61/61 131/144/65 133/146/66
f 52/59/59 133/146/66 135/147/47
f 143/149/47 135/147/47 133/146/66
f 136/145/66 137/150/132 140/148/131
f 143/149/47 133/146/66 136/145/66
f 132/143/65 139/152/134 137/150/132
f 138/151/133 141/153/135 140/148/131
f 139/152/134 1018/1010/853 138/151/133
f 141/153/135 1016/1008/851 142/154/136
f 143/149/47 140/148/131 142/154/136
f 135/147/47 143/149/47 144/155/46
f 146/156/46 144/155/46 145/157/34
f 144/155/46 142/154/136 1015/159/137
f 50/57/57 135/147/47 146/156/46
f 48/54/54 146/156/46 147/158/34
f 147/158/34 145/157/34 151/160/35
f 149/55/55 147/158/34 148/161/35
f 150/28/28 22/27/27 47/53/53
f 150/28/28 148/161/35 152/162/36
f 148/161/35 151/160/35 153/163/36
f 152/162/36 153/163/36 155/164/12
f 21/25/25 152/162/36 154/165/12
f 154/165/12 155/164/12 157/166/9
f 19/23/23 154/165/12 156/167/9
f 158/168/7 156/167/9 157/166/9
f 17/21/21 156/167/9 158/168/7
f 161/20/20 158/168/7 159/170/2
f 158/168/7 160/169/7 1022/172/2
f 163/173/139 16/17/17 161/20/20
f 165/174/140 163/173/139 162/171/138
f 162/171/138 159/170/2 167/176/142
f 166/177/143 455/188/150 165/174/140
f 164/175/141 167/176/142 169/178/144
f 159/170/2 1022/172/2 168/179/142
f 169/178/144 167/176/142 168/179/142
f 169/178/144 170/180/144 172/181/145
f 166/177/143 169/178/144 171/182/145
f 171/182/145 172/181/145 1023/184/147
f 174/183/146 171/182/145 173/185/147
f 176/186/148 177/462/400 175/187/149
f 174/183/146 175/187/149 455/188/150
f 181/189/151 177/462/400 176/186/148
f 176/186/148 173/185/147 180/191/153
f 179/192/154 183/197/158 181/189/151
f 191/194/155 179/192/154 178/190/152
f 180/191/153 499/503/153 497/193/155
f 191/194/155 178/190/152 180/191/153
f 272/195/156 177/462/400 181/189/151
f 182/196/157 181/189/151 183/197/158
f 184/198/159 183/197/158 185/199/160
f 188/201/162 185/199/160 183/197/158
f 186/200/161 185/199/160 187/202/163
f 187/202/163 185/199/160 188/201/162
f 179/192/154 191/194/155 190/205/166
f 188/201/162 190/205/166 193/206/167
f 192/208/166 190/205/166 191/194/155
f 497/193/155 496/502/440 495/207/168
f 192/208/166 191/194/155 497/193/155
f 190/205/166 192/208/166 194/209/167
f 193/206/167 194/209/167 197/210/169
f 189/204/165 193/206/167 195/211/169
f 198/212/170 195/211/169 196/213/171
f 480/216/171 196/213/171 195/211/169
f 197/210/169 481/486/424 479/215/173
f 480/216/171 195/211/169 197/210/169
f 201/217/174 199/273/218 198/212/170
f 198/212/170 199/273/218 187/202/163
f 203/218/175 201/217/174 200/214/172
f 200/214/172 196/213/171 205/220/177
f 213/221/178 203/218/175 202/219/176
f 202/219/176 205/220/177 207/223/180
f 196/213/171 480/216/171 206/224/177
f 205/220/177 206/224/177 208/225/180
f 207/223/180 208/225/180 210/226/181
f 204/222/179 207/223/180 209/227/181
f 209/227/181 210/226/181 456/229/120
f 211/228/182 209/227/181 109/121/120
f 107/117/117 104/233/186 212/230/183
f 212/230/183 213/221/178 204/222/179
f 215/231/184 213/221/178 212/230/183
f 214/232/185 212/230/183 104/233/186
f 215/231/184 214/232/185 217/234/187
f 214/232/185 216/118/118 220/236/189
f 233/237/180 218/235/188 217/234/187
f 219/238/181 217/234/187 220/236/189
f 221/239/120 220/236/189 222/240/190
f 220/236/189 216/118/118 105/115/115
f 223/241/119 222/240/190 96/107/107
f 222/240/190 105/115/115 98/106/106
f 226/242/191 221/239/120 223/241/119
f 224/243/192 223/241/119 94/104/104
f 92/101/101 338/102/102 225/244/193
f 224/243/192 225/244/193 227/245/194
f 226/242/191 227/245/194 229/246/195
f 226/242/191 228/247/196 219/238/181
f 228/247/196 229/246/195 231/248/197
f 228/247/196 230/249/198 233/237/180
f 230/249/198 231/248/197 236/250/199
f 233/237/180 230/249/198 232/251/200
f 235/252/177 250/256/203 218/235/188
f 233/237/180 232/251/200 235/252/177
f 232/251/200 236/250/199 238/253/201
f 235/252/177 232/251/200 234/254/202
f 248/255/171 249/268/213 250/256/203
f 235/252/177 234/254/202 248/255/171
f 237/257/204 239/442/380 238/253/201
f 446/258/205 237/257/204 236/250/199
f 238/253/201 239/442/380 241/259/206
f 234/254/202 238/253/201 240/260/207
f 240/260/207 241/259/206 427/262/209
f 243/261/208 240/260/207 242/263/210
f 243/261/208 245/265/169 248/255/171
f 244/264/211 246/266/167 245/265/169
f 246/266/167 255/272/217 247/267/212
f 245/265/169 247/267/212 249/268/213
f 249/268/213 251/271/216 253/269/214
f 252/270/215 251/271/216 249/268/213
f 252/270/215 199/273/218 201/217/174
f 251/271/216 201/217/174 203/218/175
f 253/269/214 203/218/175 213/221/178
f 253/269/214 215/231/184 218/235/188
f 255/272/217 254/203/164 252/270/215
f 254/203/164 187/202/163 199/273/218
f 186/200/161 254/203/164 255/272/217
f 258/275/166 256/274/219 255/272/217
f 184/198/159 186/200/161 256/274/219
f 259/277/155 257/276/220 256/274/219
f 262/278/221 259/277/155 258/275/166
f 260/279/222 258/275/166 246/266/167
f 244/264/211 242/263/210 261/280/223
f 260/279/222 261/280/223 263/281/224
f 262/278/221 263/281/224 265/282/225
f 259/277/155 262/278/221 264/283/226
f 267/284/153 268/288/229 257/276/220
f 259/277/155 264/283/226 267/284/153
f 264/283/226 265/282/225 438/285/227
f 266/286/228 269/287/147 267/284/153
f 269/287/147 271/290/230 268/288/229
f 266/286/228 280/299/237 270/289/145
f 270/289/145 273/292/232 271/290/230
f 274/291/231 272/195/156 271/290/230
f 272/195/156 182/196/157 268/288/229
f 276/293/233 274/291/231 273/292/232
f 278/295/144 275/294/234 273/292/232
f 452/296/235 276/293/233 275/294/234
f 278/295/144 279/301/239 282/303/241
f 284/298/142 277/297/236 275/294/234
f 278/295/144 282/303/241 284/298/142
f 280/299/237 279/301/239 278/295/144
f 280/299/237 440/454/392 281/300/238
f 279/301/239 281/300/238 283/302/240
f 282/303/241 283/302/240 286/304/242
f 2/3/3 6/2/2 284/298/142
f 6/2/2 453/8/8 277/297/236
f 441/305/243 285/306/244 283/302/240
f 285/306/244 287/309/247 286/304/242
f 286/304/242 287/309/247 288/307/245
f 289/308/246 292/312/250 288/307/245
f 291/310/248 289/308/246 287/309/247
f 290/311/249 293/458/396 292/312/250
f 444/313/251 290/311/249 289/308/246
f 292/312/250 293/458/396 295/314/252
f 288/307/245 292/312/250 294/315/253
f 294/315/253 295/314/252 448/317/255
f 297/316/254 294/315/253 296/318/256
f 3/4/4 288/307/245 297/316/254
f 297/316/254 299/319/257 300/320/258
f 299/319/257 301/322/260 302/321/259
f 296/318/256 304/324/262 301/322/260
f 302/321/259 301/322/260 303/323/261
f 304/324/262 306/326/264 303/323/261
f 296/318/256 448/317/255 305/325/263
f 305/325/263 307/394/332 306/326/264
f 306/326/264 307/394/332 309/327/265
f 303/323/261 306/326/264 308/328/266
f 308/328/266 309/327/265 377/330/268
f 311/329/267 308/328/266 310/331/269
f 303/323/261 311/329/267 36/41/41
f 311/329/267 312/332/270 38/42/42
f 38/42/42 312/332/270 313/333/271
f 312/332/270 310/331/269 316/334/272
f 313/333/271 315/335/273 61/69/69
f 316/334/272 318/337/275 315/335/273
f 310/331/269 377/330/268 317/336/274
f 317/336/274 319/338/276 318/337/275
f 319/338/276 321/341/279 320/339/277
f 318/337/275 320/339/277 323/340/278
f 321/341/279 449/348/286 322/342/280
f 320/339/277 322/342/280 324/343/281
f 315/335/273 323/340/278 63/70/70
f 323/340/278 324/343/281 65/72/72
f 65/72/72 324/343/281 325/344/282
f 324/343/281 322/342/280 328/345/283
f 325/344/282 327/347/285 87/97/97
f 325/344/282 328/345/283 330/346/284
f 449/348/286 329/349/287 328/345/283
f 329/349/287 331/459/397 330/346/284
f 330/346/284 331/459/397 333/350/288
f 327/347/285 330/346/284 332/351/289
f 333/350/288 450/460/398 334/353/291
f 335/352/290 332/351/289 334/353/291
f 327/347/285 335/352/290 89/98/98
f 89/98/98 335/352/290 336/354/292
f 91/100/100 336/354/292 337/355/293
f 334/353/291 340/357/295 337/355/293
f 338/102/102 337/355/293 339/356/294
f 340/357/295 342/359/297 339/356/294
f 334/353/291 450/460/398 341/358/296
f 341/358/296 343/366/304 342/359/297
f 342/359/297 343/366/304 347/360/298
f 342/359/297 344/361/299 345/362/300
f 344/361/299 346/365/303 447/363/301
f 344/361/299 347/360/298 348/364/302
f 343/366/304 351/371/309 349/367/305
f 347/360/298 349/367/305 350/368/306
f 352/369/307 353/433/371 350/368/306
f 354/370/308 352/369/307 349/367/305
f 356/372/310 355/374/312 354/370/308
f 358/373/311 357/1476/1199 355/374/312
f 359/375/313 357/1476/1199 358/373/311
f 361/377/315 359/375/313 360/376/314
f 363/379/317 361/377/315 362/378/316
f 366/381/319 365/383/321 363/379/317
f 368/382/320 367/1477/1200 365/383/321
f 369/384/322 367/1477/1200 368/382/320
f 371/386/324 369/384/322 370/385/323
f 373/388/326 371/386/324 372/387/325
f 374/390/328 373/388/326 375/389/327
f 376/391/329 375/389/327 377/330/268
f 375/389/327 372/387/325 317/336/274
f 380/392/330 374/390/328 376/391/329
f 378/393/331 376/391/329 309/327/265
f 379/395/333 378/393/331 307/394/332
f 379/395/333 381/397/335 380/392/330
f 383/396/334 382/1478/1201 381/397/335
f 384/398/336 382/1478/1201 383/396/334
f 386/400/338 384/398/336 385/399/337
f 388/402/340 386/400/338 387/401/339
f 390/404/342 388/402/340 389/403/341
f 392/406/344 390/404/342 391/405/343
f 394/408/346 392/406/344 393/407/345
f 396/410/348 394/408/346 395/409/347
f 398/412/350 396/410/348 397/411/349
f 400/414/352 398/412/350 399/413/351
f 401/416/354 400/414/352 402/415/353
f 405/418/356 404/417/355 402/415/353
f 403/419/357 402/415/353 399/413/351
f 406/421/359 404/417/355 405/418/356
f 409/423/361 401/416/354 404/417/355
f 423/424/362 408/426/364 406/421/359
f 410/425/363 409/423/361 406/421/359
f 411/427/365 410/425/363 408/426/364
f 413/429/367 411/427/365 412/428/366
f 415/431/369 413/429/367 414/430/368
f 353/433/371 415/431/369 416/432/370
f 348/364/302 350/368/306 416/432/370
f 417/434/372 416/432/370 414/430/368
f 348/364/302 417/434/372 418/436/374
f 417/434/372 419/435/373 420/437/375
f 419/435/373 421/439/377 422/438/376
f 419/435/373 414/430/368 412/428/366
f 421/439/377 423/424/362 424/440/378
f 421/439/377 412/428/366 408/426/364
f 424/440/378 423/424/362 407/422/360
f 424/440/378 425/441/379 427/262/209
f 422/438/376 424/440/378 241/259/206
f 407/422/360 405/418/356 426/443/381
f 425/441/379 426/443/381 428/444/382
f 427/262/209 428/444/382 261/280/223
f 261/280/223 428/444/382 429/445/383
f 428/444/382 426/443/381 431/446/384
f 263/281/224 429/445/383 430/447/385
f 431/446/384 432/448/386 430/447/385
f 426/443/381 405/418/356 403/419/357
f 431/446/384 403/419/357 433/420/358
f 433/420/358 435/451/389 434/449/387
f 432/448/386 434/449/387 437/450/388
f 435/451/389 445/455/393 436/452/390
f 434/449/387 436/452/390 439/453/391
f 430/447/385 437/450/388 438/285/227
f 437/450/388 439/453/391 440/454/392
f 439/453/391 441/305/243 281/300/238
f 436/452/390 442/456/394 441/305/243
f 441/305/243 442/456/394 291/310/248
f 445/455/393 443/457/395 442/456/394
f 442/456/394 443/457/395 444/313/251
f 443/457/395 393/407/345 391/405/343
f 395/409/347 393/407/345 443/457/395
f 397/411/349 395/409/347 445/455/393
f 391/405/343 389/403/341 290/311/249
f 266/286/228 438/285/227 440/454/392
f 433/420/358 399/413/351 397/411/349
f 420/437/375 422/438/376 239/442/380
f 446/258/205 418/436/374 420/437/375
f 346/365/303 418/436/374 446/258/205
f 229/246/195 447/363/301 446/258/205
f 227/245/194 345/362/300 447/363/301
f 389/403/341 387/401/339 293/458/396
f 293/458/396 387/401/339 385/399/337
f 295/314/252 385/399/337 383/396/334
f 383/396/334 379/395/333 305/325/263
f 372/387/325 370/385/323 319/338/276
f 319/338/276 370/385/323 368/382/320
f 368/382/320 366/381/319 449/348/286
f 366/381/319 364/380/318 329/349/287
f 329/349/287 364/380/318 362/378/316
f 331/459/397 362/378/316 360/376/314
f 333/350/288 360/376/314 358/373/311
f 358/373/311 356/372/310 341/358/296
f 356/372/310 351/371/309 343/366/304
f 225/244/193 339/356/294 345/362/300
f 451/11/11 300/320/258 302/321/259
f 4/6/6 298/5/5 300/320/258
f 33/39/39 31/36/36 9/12/12
f 453/8/8 454/461/399 452/296/235
f 7/10/10 13/18/18 454/461/399
f 454/461/399 163/173/139 165/174/140
f 13/18/18 16/17/17 163/173/139
f 452/296/235 165/174/140 455/188/150
f 276/293/233 455/188/150 175/187/149
f 274/291/231 175/187/149 177/462/400
f 182/196/157 184/198/159 257/276/220
f 210/226/181 457/464/402 460/463/401
f 208/225/180 459/467/405 457/464/402
f 458/465/403 461/470/408 460/463/401
f 475/466/404 458/465/403 457/464/402
f 460/463/401 461/470/408 463/468/406
f 456/229/120 460/463/401 462/469/407
f 462/469/407 463/468/406 464/131/125
f 110/122/119 462/469/407 118/132/126
f 461/470/408 468/478/416 465/471/409
f 463/468/406 465/471/409 466/472/410
f 466/472/410 465/471/409 467/473/411
f 465/471/409 468/478/416 469/475/413
f 469/475/413 468/478/416 470/476/414
f 458/465/403 470/476/414 468/478/416
f 471/477/415 470/476/414 472/479/417
f 475/466/404 472/479/417 470/476/414
f 472/479/417 474/485/423 728/481/419
f 476/482/420 474/485/423 472/479/417
f 478/483/421 476/482/420 475/466/404
f 479/215/173 477/484/422 476/482/420
f 477/484/422 486/491/429 474/485/423
f 480/216/171 479/215/173 478/483/421
f 206/224/177 478/483/421 459/467/405
f 481/486/424 483/490/428 477/484/422
f 484/487/425 483/490/428 481/486/424
f 194/209/167 482/488/426 481/486/424
f 484/487/425 488/495/433 485/489/427
f 483/490/428 485/489/427 486/491/429
f 486/491/429 485/489/427 487/492/430
f 485/489/427 488/495/433 489/494/432
f 488/495/433 490/501/439 491/496/434
f 493/497/435 490/501/439 488/495/433
f 491/496/434 490/501/439 492/498/436
f 494/500/438 492/498/436 490/501/439
f 494/500/438 493/497/435 495/207/168
f 493/497/435 484/487/425 482/488/426
f 192/208/166 495/207/168 482/488/426
f 499/503/153 498/505/442 496/502/440
f 501/504/441 494/500/438 496/502/440
f 1023/184/147 500/507/444 498/505/442
f 502/506/443 501/504/441 498/505/442
f 502/506/443 505/510/447 503/508/445
f 501/504/441 503/508/445 492/498/436
f 982/499/437 492/498/436 503/508/445
f 504/509/446 503/508/445 505/510/447
f 506/511/448 505/510/447 507/512/449
f 510/514/451 507/512/449 505/510/447
f 508/513/450 507/512/449 509/515/452
f 511/517/454 509/515/452 507/512/449
f 511/517/454 510/514/451 512/518/455
f 510/514/451 502/506/443 500/507/444
f 170/180/144 513/519/456 512/518/455
f 172/181/145 512/518/455 500/507/444
f 168/179/142 514/521/458 513/519/456
f 516/520/457 511/517/454 513/519/456
f 1022/172/2 515/522/459 514/521/458
f 515/522/459 517/523/460 516/520/457
f 517/523/460 519/562/487 518/524/461
f 516/520/457 518/524/461 509/515/452
f 518/524/461 519/562/487 521/525/462
f 522/516/453 509/515/452 518/524/461
f 521/525/462 524/529/2 523/527/142
f 520/526/463 523/527/142 526/528/144
f 524/529/2 546/554/2 525/530/142
f 523/527/142 525/530/142 528/531/144
f 522/516/453 526/528/144 527/532/145
f 748/534/145 527/532/145 526/528/144
f 528/531/144 529/535/465 530/533/464
f 748/534/145 526/528/144 528/531/144
f 525/530/142 531/537/467 529/535/465
f 532/536/466 534/541/471 530/533/464
f 531/537/467 533/538/468 532/536/466
f 533/538/468 538/544/474 535/539/469
f 532/536/466 535/539/469 536/540/470
f 962/542/472 536/540/470 535/539/469
f 537/543/473 535/539/469 538/544/474
f 538/544/474 540/548/478 541/546/476
f 543/547/477 540/548/478 538/544/474
f 540/548/478 542/583/502 575/549/479
f 544/550/480 542/583/502 540/548/478
f 547/551/481 544/550/480 543/547/477
f 545/552/482 543/547/477 533/538/468
f 549/553/7 547/551/481 545/552/482
f 546/554/2 545/552/482 531/537/467
f 572/555/483 544/550/480 547/551/481
f 550/557/9 548/556/484 547/551/481
f 552/558/9 550/557/9 549/553/7
f 551/559/7 549/553/7 546/554/2
f 553/560/485 551/559/7 524/529/2
f 555/561/486 552/558/9 551/559/7
f 519/562/487 554/1006/849 553/560/485
f 553/560/485 554/1006/849 556/563/488
f 555/561/486 556/563/488 558/564/489
f 557/565/490 560/568/12 552/558/9
f 557/565/490 558/564/489 1003/566/491
f 559/567/492 562/573/36 560/568/12
f 560/568/12 561/571/12 550/557/9
f 561/571/12 560/568/12 562/573/36
f 564/569/36 566/576/495 569/570/493
f 561/571/12 562/573/36 564/569/36
f 1000/572/494 563/574/35 562/573/36
f 563/574/35 565/575/35 564/569/36
f 565/575/35 567/578/497 566/576/495
f 596/577/496 568/579/498 566/576/495
f 568/579/498 570/580/499 569/570/493
f 561/571/12 569/570/493 548/556/484
f 570/580/499 572/555/483 548/556/484
f 568/579/498 586/598/512 571/581/500
f 570/580/499 571/581/500 573/582/501
f 572/555/483 573/582/501 542/583/502
f 575/549/479 542/583/502 573/582/501
f 574/584/503 573/582/501 571/581/500
f 574/584/503 577/587/9 578/586/7
f 576/585/504 580/592/12 577/587/9
f 577/587/9 579/590/507 965/588/505
f 577/587/9 580/592/12 581/589/506
f 582/591/36 583/595/509 581/589/506
f 585/593/508 582/591/36 580/592/12
f 584/594/35 967/972/820 583/595/509
f 587/596/510 584/594/35 582/591/36
f 585/593/508 586/598/512 588/597/511
f 576/585/504 571/581/500 586/598/512
f 588/597/511 592/606/518 589/599/513
f 589/599/513 591/604/34 584/594/35
f 589/599/513 592/606/518 593/600/514
f 591/604/34 589/599/513 590/601/515
f 611/602/46 969/623/530 968/603/516
f 591/604/34 590/601/515 611/602/46
f 595/605/517 593/600/514 592/606/518
f 594/607/519 592/606/518 588/597/511
f 595/605/517 594/607/519 597/608/520
f 594/607/519 596/577/496 567/578/497
f 600/610/46 599/609/521 597/608/520
f 598/611/34 597/608/520 567/578/497
f 602/612/47 601/614/523 599/609/521
f 604/613/522 595/605/517 599/609/521
f 991/615/66 603/617/525 601/614/523
f 605/616/524 604/613/522 601/614/523
f 605/616/524 607/620/528 606/618/526
f 604/613/522 606/618/526 593/600/514
f 608/619/527 606/618/526 607/620/528
f 590/601/515 593/600/514 606/618/526
f 609/621/529 613/624/66 610/622/47
f 608/619/527 610/622/47 611/602/46
f 610/622/47 612/625/531 969/623/530
f 613/624/66 614/627/532 612/625/531
f 615/626/65 616/630/534 614/627/532
f 618/628/533 615/626/65 613/624/66
f 617/629/75 972/636/539 616/630/534
f 620/631/535 617/629/75 615/626/65
f 607/620/528 619/632/536 618/628/533
f 619/632/536 622/633/537 620/631/535
f 622/633/537 623/675/566 621/634/538
f 617/629/75 620/631/535 621/634/538
f 662/635/76 973/679/569 972/636/539
f 617/629/75 621/634/538 662/635/76
f 625/637/540 623/675/566 622/633/537
f 624/638/541 622/633/537 619/632/536
f 630/640/543 625/637/540 624/638/541
f 627/641/544 624/638/541 626/639/542
f 628/644/75 635/651/75 634/649/76
f 632/643/76 630/640/543 627/641/544
f 628/644/75 634/649/76 632/643/76
f 628/644/75 627/641/544 629/642/545
f 631/646/546 657/674/565 625/637/540
f 633/647/94 631/646/546 630/640/543
f 636/648/94 633/647/94 632/643/76
f 637/650/547 634/649/76 635/651/75
f 640/653/549 636/648/94 634/649/76
f 638/654/550 641/656/552 640/653/549
f 984/655/551 638/654/550 637/650/547
f 641/656/552 643/658/554 642/657/553
f 642/657/553 645/660/93 636/648/94
f 643/658/554 983/980/828 644/659/555
f 644/659/555 646/661/103 645/660/93
f 646/661/103 649/663/103 647/662/93
f 645/660/93 647/662/93 633/647/94
f 647/662/93 648/664/556 631/646/546
f 649/663/103 650/666/557 648/664/556
f 649/663/103 646/661/103 719/738/104
f 715/665/104 651/669/560 650/666/557
f 649/663/103 719/738/104 715/665/104
f 650/666/557 652/671/562 655/667/558
f 653/668/559 652/671/562 650/666/557
f 653/668/559 671/688/575 654/670/561
f 652/671/562 654/670/561 656/672/563
f 655/667/558 656/672/563 658/673/564
f 648/664/556 655/667/558 657/674/565
f 657/674/565 658/673/564 623/675/566
f 658/673/564 656/672/563 660/676/567
f 623/675/566 658/673/564 659/677/568
f 660/676/567 664/680/93 661/678/94
f 659/677/568 661/678/94 662/635/76
f 661/678/94 663/681/570 973/679/569
f 664/680/93 665/683/571 663/681/570
f 666/682/103 667/686/573 665/683/571
f 669/684/572 666/682/103 664/680/93
f 668/685/104 976/693/579 667/686/573
f 670/687/574 668/685/104 666/682/103
f 656/672/563 654/670/561 669/684/572
f 669/684/572 654/670/561 671/688/575
f 671/688/575 673/690/577 672/689/576
f 672/689/576 675/692/119 668/685/104
f 673/690/577 712/731/610 674/691/578
f 674/691/578 677/694/120 675/692/119
f 675/692/119 676/695/580 976/693/579
f 677/694/120 678/697/581 676/695/580
f 679/696/181 680/700/583 678/697/581
f 682/698/582 679/696/181 677/694/120
f 681/699/180 978/708/590 680/700/583
f 684/701/584 681/699/180 679/696/181
f 674/691/578 712/731/610 683/702/585
f 682/698/582 683/702/585 685/703/586
f 684/701/584 685/703/586 687/704/587
f 686/705/588 689/707/177 681/699/180
f 687/704/587 700/718/597 688/706/589
f 688/706/589 691/709/171 689/707/177
f 689/707/177 690/710/591 978/708/590
f 691/709/171 692/712/592 690/710/591
f 693/711/169 694/715/594 692/712/592
f 695/713/593 693/711/169 691/709/171
f 693/711/169 695/713/593 696/717/596
f 763/714/167 765/781/632 694/715/594
f 693/711/169 696/717/596 763/714/167
f 697/716/595 698/978/826 696/717/596
f 700/718/597 697/716/595 695/713/593
f 981/719/598 698/978/826 697/716/595
f 699/720/599 697/716/595 700/718/597
f 701/721/600 700/718/597 687/704/587
f 731/723/602 699/720/599 701/721/600
f 702/724/603 701/721/600 703/722/601
f 704/725/604 703/722/601 705/726/605
f 703/722/601 687/704/587 685/703/586
f 706/727/606 705/726/605 707/728/607
f 705/726/605 685/703/586 683/702/585
f 707/728/607 709/732/611 710/730/609
f 707/728/607 683/702/585 712/731/610
f 710/730/609 709/732/611 711/733/612
f 709/732/611 712/731/610 673/690/577
f 713/734/613 711/733/612 653/668/559
f 711/733/612 673/690/577 671/688/575
f 716/735/120 710/730/609 713/734/613
f 714/736/119 713/734/613 651/669/560
f 717/737/119 714/736/119 715/665/104
f 718/739/120 716/735/120 714/736/119
f 469/475/413 718/739/120 717/737/119
f 467/473/411 717/737/119 719/738/104
f 720/474/412 719/738/104 646/661/103
f 644/659/555 983/980/828 466/472/410
f 471/477/415 721/740/181 718/739/120
f 721/740/181 723/742/181 716/735/120
f 473/480/418 722/741/180 721/740/181
f 722/741/180 724/743/180 723/742/181
f 723/742/181 708/729/608 710/730/609
f 724/743/180 706/727/606 708/729/608
f 725/744/177 704/725/604 706/727/606
f 726/745/177 725/744/177 724/743/180
f 725/744/177 726/745/177 727/1479/171
f 730/746/171 702/724/603 704/725/604
f 725/744/177 727/1479/171 730/746/171
f 729/493/431 727/1479/171 726/745/177
f 728/481/419 726/745/177 722/741/180
f 474/485/423 486/491/429 729/493/431
f 727/1479/171 729/493/431 487/492/430
f 727/1479/171 487/492/430 735/747/169
f 731/723/602 702/724/603 730/746/171
f 730/746/171 727/1479/171 735/747/169
f 733/748/169 731/723/602 730/746/171
f 732/749/614 981/719/598 699/720/599
f 734/750/167 732/749/614 731/723/602
f 736/751/167 734/750/167 733/748/169
f 489/494/432 736/751/167 735/747/169
f 491/496/434 737/752/166 736/751/167
f 737/752/166 739/754/166 734/750/167
f 982/499/437 738/753/155 737/752/166
f 738/753/155 741/755/155 739/754/166
f 739/754/166 740/756/615 732/749/614
f 741/755/155 742/758/616 740/756/615
f 743/757/153 744/761/617 742/758/616
f 746/759/153 743/757/153 741/755/155
f 745/760/147 747/763/618 744/761/617
f 746/759/153 504/509/446 506/511/448
f 749/762/147 745/760/147 743/757/153
f 746/759/153 506/511/448 749/762/147
f 504/509/446 746/759/153 738/753/155
f 748/534/145 530/533/464 747/763/618
f 527/532/145 748/534/145 745/760/147
f 508/513/450 527/532/145 749/762/147
f 750/764/619 751/767/622 744/761/617
f 534/541/471 750/764/619 747/763/618
f 534/541/471 536/540/470 752/765/620
f 750/764/619 752/765/620 754/766/621
f 756/768/623 754/766/621 752/765/620
f 753/769/624 752/765/620 536/540/470
f 751/767/622 754/766/621 755/770/625
f 758/772/627 755/770/625 754/766/621
f 757/775/153 756/768/623 753/769/624
f 960/773/147 959/969/818 961/774/628
f 757/775/153 753/769/624 960/773/147
f 759/777/155 758/772/627 756/768/623
f 757/775/153 961/774/628 766/776/629
f 759/777/155 756/768/623 757/775/153
f 758/772/627 759/777/155 762/778/166
f 760/779/630 761/780/631 755/770/625
f 696/717/596 698/978/826 761/780/631
f 760/779/630 762/778/166 763/714/167
f 762/778/166 764/782/633 765/781/632
f 759/777/155 766/776/629 764/782/633
f 767/783/634 768/786/637 765/781/632
f 769/784/635 767/783/634 764/782/633
f 767/783/634 770/788/639 771/785/636
f 772/787/638 770/788/639 767/783/634
f 770/788/639 773/792/643 775/789/640
f 776/790/641 773/792/643 770/788/639
f 777/791/642 774/793/644 773/792/643
f 774/793/644 867/881/732 775/789/640
f 778/794/645 779/885/736 777/791/642
f 781/795/646 778/794/645 776/790/641
f 877/796/647 779/885/736 778/794/645
f 783/798/649 780/797/648 778/794/645
f 784/799/650 783/798/649 781/795/646
f 782/800/651 781/795/646 772/787/638
f 785/801/652 783/798/649 784/799/650
f 785/801/652 788/804/655 780/797/648
f 786/803/654 790/807/658 788/804/655
f 954/805/656 786/803/654 785/801/652
f 791/806/657 789/808/659 788/804/655
f 789/808/659 877/796/647 780/797/648
f 792/809/660 795/812/663 791/806/657
f 794/810/661 792/809/660 790/807/658
f 793/811/662 796/815/666 795/812/663
f 793/811/662 792/809/660 794/810/661
f 795/812/663 797/816/667 798/814/665
f 796/815/666 799/819/670 797/816/667
f 800/817/668 801/891/742 798/814/665
f 802/818/669 800/817/668 797/816/667
f 803/820/671 802/818/669 799/819/670
f 806/822/673 804/832/683 803/820/671
f 806/822/673 805/821/672 807/823/674
f 807/823/674 805/821/672 799/819/670
f 809/824/675 807/823/674 808/825/676
f 808/825/676 807/823/674 796/815/666
f 811/827/678 809/824/675 810/826/677
f 814/829/680 806/822/673 809/824/675
f 813/830/681 811/827/678 812/828/679
f 813/830/681 815/834/685 814/829/680
f 814/829/680 816/1480/1202 804/832/683
f 817/833/684 816/1480/1202 814/829/680
f 818/835/686 817/833/684 815/834/685
f 821/837/688 820/839/690 818/835/686
f 823/838/689 822/1481/1203 820/839/690
f 824/840/691 822/1481/1203 823/838/689
f 827/842/693 826/1482/1204 824/840/691
f 828/843/694 826/1482/1204 827/842/693
f 832/845/696 830/1483/1205 828/843/694
f 831/846/697 830/1483/1205 832/845/696
f 837/848/699 833/847/698 832/845/696
f 834/849/700 832/845/696 829/844/695
f 838/851/702 837/848/699 834/849/700
f 835/852/703 834/849/700 836/850/701
f 839/854/705 837/848/699 838/851/702
f 842/856/707 833/847/698 837/848/699
f 841/857/708 839/854/705 840/855/706
f 843/859/710 842/856/707 839/854/705
f 844/860/711 831/846/697 833/847/698
f 843/859/710 845/1484/1206 844/860/711
f 846/861/712 845/1484/1206 843/859/710
f 848/863/714 846/861/712 847/862/713
f 850/865/716 848/863/714 849/864/715
f 852/867/718 850/865/716 851/866/717
f 854/869/720 852/867/718 853/868/719
f 857/871/722 856/1485/1207 854/869/720
f 858/872/723 856/1485/1207 857/871/722
f 860/874/725 858/872/723 859/873/724
f 863/876/727 862/878/729 860/874/725
f 866/877/728 864/880/731 862/878/729
f 868/879/730 865/884/735 864/880/731
f 774/793/644 868/879/730 866/877/728
f 866/877/728 863/876/727 878/882/733
f 869/883/734 868/879/730 774/793/644
f 869/883/734 871/1486/1208 865/884/735
f 779/885/736 870/887/738 869/883/734
f 872/886/737 871/1486/1208 869/883/734
f 873/888/739 872/886/737 870/887/738
f 876/890/741 875/1487/1209 873/888/739
f 801/891/742 875/1487/1209 876/890/741
f 791/806/657 798/814/665 876/890/741
f 789/808/659 876/890/741 874/889/740
f 877/796/647 874/889/740 870/887/738
f 775/789/640 867/881/732 878/882/733
f 879/892/743 878/882/733 880/893/744
f 863/876/727 861/875/726 880/893/744
f 880/893/744 861/875/726 859/873/724
f 882/894/745 880/893/744 881/895/746
f 884/897/748 882/894/745 883/896/747
f 887/899/750 879/892/743 882/894/745
f 887/899/750 884/897/748 885/900/751
f 884/897/748 886/898/749 889/902/753
f 768/786/637 771/785/636 887/899/750
f 771/785/636 775/789/640 879/892/743
f 768/786/637 888/901/752 694/715/594
f 888/901/752 885/900/751 692/712/592
f 886/898/749 890/904/755 891/903/754
f 883/896/747 893/908/759 890/904/755
f 890/904/755 892/907/758 977/905/756
f 890/904/755 893/908/759 895/906/757
f 881/895/746 894/976/824 893/908/759
f 893/908/759 894/976/824 896/909/760
f 895/906/757 896/909/760 898/910/761
f 895/906/757 897/911/762 900/912/763
f 898/910/761 975/975/823 899/913/764
f 897/911/762 899/913/764 902/914/765
f 892/907/758 900/912/763 901/915/766
f 901/915/766 900/912/763 902/914/765
f 902/914/765 904/919/770 905/917/768
f 902/914/765 899/913/764 907/918/769
f 904/919/770 906/922/773 974/920/771
f 904/919/770 907/918/769 909/921/772
f 899/913/764 975/975/823 908/923/774
f 907/918/769 908/923/774 910/924/775
f 910/924/775 841/857/708 911/858/709
f 909/921/772 911/858/709 912/925/776
f 911/858/709 840/855/706 914/926/777
f 906/922/773 912/925/776 913/927/778
f 913/927/778 912/925/776 914/926/777
f 915/928/779 914/926/777 916/929/780
f 840/855/706 838/851/702 916/929/780
f 917/930/781 916/929/780 918/931/782
f 838/851/702 835/852/703 918/931/782
f 919/932/783 918/931/782 920/933/784
f 918/931/782 835/852/703 923/853/704
f 920/933/784 922/936/787 971/935/786
f 923/853/704 924/937/788 922/936/787
f 836/850/701 925/938/789 924/937/788
f 925/938/789 927/974/822 926/939/790
f 924/937/788 926/939/790 929/940/791
f 926/939/790 927/974/822 970/941/792
f 926/939/790 928/942/793 931/943/794
f 922/936/787 929/940/791 930/944/795
f 929/940/791 931/943/794 932/945/796
f 932/945/796 931/943/794 933/946/797
f 928/942/793 936/950/801 933/946/797
f 934/947/798 933/946/797 935/948/799
f 936/950/801 938/952/803 935/948/799
f 970/941/792 937/951/802 936/950/801
f 937/951/802 939/973/821 938/952/803
f 938/952/803 939/973/821 813/830/681
f 935/948/799 938/952/803 940/831/682
f 941/953/804 940/831/682 812/828/679
f 935/948/799 941/953/804 942/955/806
f 942/955/806 941/953/804 943/954/805
f 944/956/807 943/954/805 945/957/808
f 812/828/679 810/826/677 945/957/808
f 946/958/809 945/957/808 947/959/810
f 810/826/677 808/825/676 947/959/810
f 948/960/811 947/959/810 949/813/664
f 808/825/676 793/811/662 949/813/664
f 950/961/812 949/813/664 794/810/661
f 948/960/811 950/961/812 951/963/814
f 950/961/812 952/962/813 953/964/815
f 952/962/813 954/805/656 955/965/816
f 952/962/813 794/810/661 786/803/654
f 954/805/656 787/802/653 957/966/817
f 956/967/144 537/543/473 539/545/475
s 0
f 539/545/1210 963/970/1179 953/964/1211
s 1
f 953/964/815 955/965/816 956/967/144
f 956/967/144 955/965/816 957/966/817
f 958/968/145 957/966/817 959/969/818
f 787/802/653 784/799/650 959/969/818
f 784/799/650 782/800/651 961/774/628
f 782/800/651 769/784/635 766/776/629
f 962/542/472 958/968/145 960/773/147
f 537/543/473 956/967/144 958/968/145
f 963/970/819 964/971/2 951/963/814
f 541/546/476 964/971/2 963/970/819
f 964/971/2 541/546/476 575/549/479
f 578/586/7 965/588/505 951/963/814
f 964/971/2 575/549/479 578/586/7
f 946/958/809 948/960/811 965/588/505
f 944/956/807 946/958/809 579/590/507
f 942/955/806 944/956/807 581/589/506
f 966/949/800 942/955/806 583/595/509
f 968/603/516 934/947/798 966/949/800
f 591/604/34 968/603/516 967/972/820
f 969/623/530 932/945/796 934/947/798
f 930/944/795 932/945/796 969/623/530
f 937/951/802 821/837/688 819/836/687
f 939/973/821 819/836/687 815/834/685
f 823/838/689 821/837/688 937/951/802
f 927/974/822 825/841/692 823/838/689
f 971/935/786 930/944/795 612/625/531
f 921/934/785 971/935/786 614/627/532
f 925/938/789 827/842/693 825/841/692
f 829/844/695 827/842/693 925/938/789
f 972/636/539 919/932/783 921/934/785
f 917/930/781 919/932/783 972/636/539
f 915/928/779 917/930/781 973/679/569
f 913/927/778 915/928/779 663/681/570
f 667/686/573 974/920/771 913/927/778
f 976/693/579 905/917/768 974/920/771
f 847/862/713 843/859/710 841/857/708
f 908/923/774 849/864/715 847/862/713
f 975/975/823 851/866/717 849/864/715
f 853/868/719 851/866/717 975/975/823
f 903/916/767 905/917/768 976/693/579
f 901/915/766 903/916/767 676/695/580
f 977/905/756 901/915/766 678/697/581
f 978/708/590 891/903/754 977/905/756
f 855/870/721 853/868/719 898/910/761
f 894/976/824 857/871/722 855/870/721
f 881/895/746 859/873/724 857/871/722
f 690/710/591 889/902/753 891/903/754
f 692/712/592 885/900/751 889/902/753
f 980/771/626 755/770/625 761/780/631
f 979/977/825 761/780/631 698/978/826
f 980/771/626 979/977/825 740/756/615
f 979/977/825 981/719/598 732/749/614
f 751/767/622 980/771/626 742/758/616
f 117/979/827 983/980/828 643/658/554
f 464/131/125 466/472/410 983/980/828
f 120/130/124 643/658/554 641/656/552
f 123/133/127 641/656/552 638/654/550
f 986/981/829 984/655/551 639/652/548
f 639/652/548 635/651/75 988/983/65
f 1017/984/831 986/981/829 985/982/830
f 985/982/830 988/983/65 990/986/66
f 635/651/75 628/644/75 989/645/65
f 988/983/65 989/645/65 991/615/66
f 990/986/66 991/615/66 602/612/47
f 987/985/832 990/986/66 992/987/47
f 992/987/47 602/612/47 600/610/46
f 994/988/833 992/987/47 993/989/46
f 995/991/835 1017/984/831 987/985/832
f 996/990/834 997/993/837 995/991/835
f 998/992/836 999/1009/852 997/993/837
f 996/990/834 993/989/46 1001/994/34
f 1002/995/838 999/1009/852 998/992/836
f 998/992/836 1001/994/34 563/574/35
f 993/989/46 600/610/46 598/611/34
f 1001/994/34 598/611/34 565/575/35
f 559/567/492 1003/566/491 1002/995/838
f 1004/996/839 1002/995/838 1003/566/491
f 1005/998/841 999/1009/852 1002/995/838
f 1005/998/841 1004/996/839 1006/999/842
f 1004/996/839 1007/997/840 1008/1000/843
f 1007/997/840 1009/1002/845 1010/1001/844
f 1007/997/840 1003/566/491 558/564/489
f 1009/1002/845 1011/1004/847 1012/1003/846
f 1009/1002/845 558/564/489 556/563/488
f 1011/1004/847 1013/1007/850 1014/1005/848
f 1011/1004/847 556/563/488 554/1006/849
f 1014/1005/848 1013/1007/850 517/523/460
f 1013/1007/850 554/1006/849 519/562/487
f 157/166/9 1012/1003/846 1014/1005/848
f 160/169/7 1014/1005/848 515/522/459
f 155/164/12 1010/1001/844 1012/1003/846
f 153/163/36 1008/1000/843 1010/1001/844
f 151/160/35 1006/999/842 1008/1000/843
f 145/157/34 1015/159/137 1006/999/842
f 1016/1008/851 1005/998/841 1015/159/137
f 1016/1008/851 997/993/837 999/1009/852
f 141/153/135 995/991/835 997/993/837
f 138/151/133 1017/984/831 995/991/835
f 1018/1010/853 986/981/829 1017/984/831
f 989/645/65 629/642/545 603/617/525
f 1019/1011/854 984/655/551 986/981/829
f 1021/1012/855 1019/1011/854 1018/1010/853
f 1020/136/129 638/654/550 984/655/551
f 124/137/130 1020/136/129 1019/1011/854
f 126/138/76 124/137/130 1021/1012/855
f 130/141/75 1021/1012/855 139/152/134
f 629/642/545 626/639/542 605/616/524
f 626/639/542 619/632/536 607/620/528
f 596/577/496 588/597/511 586/598/512
f 173/185/147 1023/184/147 499/503/153
f 31/36/36 24/30/30 11/15/15
f 1026/1013/856 1047/1036/875 1028/1014/857
f 1038/1017/120 1026/1013/856 1025/1015/858
s 0
f 1025/1015/1212 1027/1019/1212 1036/1016/1212
s 1
f 1036/1016/859 1037/1028/868 1038/1017/120
f 1027/1019/860 1025/1015/858 1029/1021/862
f 1032/1018/104 1034/1024/864 1036/1016/859
f 1027/1019/860 1029/1021/862 1032/1018/104
f 1025/1015/858 1028/1014/857 1030/1020/861
f 1030/1020/861 1056/1045/883 1031/1022/863
f 1031/1022/863 1033/1023/103 1032/1018/104
f 1033/1023/103 1035/1488/1213 1034/1024/864
f 1036/1016/859 1034/1024/864 1035/1488/1213
f 1035/1488/1213 1346/1328/1138 1344/1326/1137
f 1344/1326/1137 1342/1325/1136 1340/1323/1135
f 1340/1323/1135 1338/1320/1134 1336/1318/1133
f 1336/1318/1133 1334/1489/1214 1332/1315/1131
f 1332/1315/1131 1330/1312/1128 1328/1310/1127
f 1328/1310/1127 1326/1490/1215 1324/1307/1125
f 1324/1307/1125 1322/1305/1124 1321/1025/865
f 1321/1025/865 1135/1133/966 1137/1132/965
f 1137/1132/965 1138/1135/968 1140/1140/971
f 1140/1140/971 1142/1142/972 1144/1144/973
f 1144/1144/973 1146/1146/974 1148/1026/866
f 1148/1026/866 1150/1149/975 1152/1151/976
f 1152/1151/976 1153/1160/984 1164/1161/985
f 1164/1161/985 1040/1491/1216 1039/1029/869
f 1039/1029/869 1037/1028/868 1036/1016/859
f 1036/1016/859 1035/1488/1213 1344/1326/1137
f 1344/1326/1137 1340/1323/1135 1336/1318/1133
f 1336/1318/1133 1332/1315/1131 1328/1310/1127
f 1328/1310/1127 1324/1307/1125 1321/1025/865
f 1321/1025/865 1137/1132/965 1140/1140/971
f 1140/1140/971 1144/1144/973 1148/1026/866
f 1148/1026/866 1152/1151/976 1164/1161/985
f 1164/1161/985 1039/1029/869 1036/1016/859
f 1036/1016/859 1344/1326/1137 1336/1318/1133
f 1336/1318/1133 1328/1310/1127 1321/1025/865
f 1321/1025/865 1140/1140/971 1148/1026/866
f 1148/1026/866 1164/1161/985 1036/1016/859
f 1036/1016/859 1336/1318/1133 1321/1025/865
f 1041/1027/867 1038/1017/120 1037/1028/868
f 1165/1031/180 1043/1032/871 1042/1030/870
s 0
f 1042/1030/1198 1041/1027/1217 1039/1029/1197
s 1
f 1039/1029/869 1040/1491/1216 1165/1031/180
f 1026/1013/856 1038/1017/120 1041/1027/867
f 1043/1032/871 1046/1163/987 1044/1033/872
f 1044/1033/872 1047/1036/875 1026/1013/856
f 1047/1036/875 1044/1033/872 1045/1034/873
f 1045/1034/873 1171/1038/877 1049/1035/874
f 1049/1035/874 1048/1040/878 1047/1036/875
f 1044/1033/872 1046/1163/987 1169/1037/876
f 1169/1037/876 1170/1167/991 1171/1038/877
f 1171/1038/877 1045/1034/873 1044/1033/872
f 1047/1036/875 1048/1040/878 1050/1039/857
f 1048/1040/878 1049/1035/874 1051/1041/879
f 1050/1039/857 1051/1041/879 1053/1042/880
f 1028/1014/857 1050/1039/857 1052/1043/881
f 1053/1042/880 1055/1052/890 1054/1044/882
f 1030/1020/861 1052/1043/881 1054/1044/882
f 1057/1047/885 1056/1045/883 1054/1044/882
f 1054/1044/882 1055/1052/890 1060/1046/884
f 1060/1046/1218 1059/1492/1218 1057/1047/1218
f 1031/1022/863 1056/1045/883 1057/1047/885
f 1348/1330/1140 1058/1048/886 1057/1047/885
f 1060/1046/884 1061/1051/889 1376/1351/1161
f 1349/1049/887 1348/1330/1140 1057/1047/885
f 1060/1046/884 1376/1351/1161 1349/1049/887
f 1062/1050/888 1063/1054/891 1061/1051/889
f 1055/1052/890 1064/1055/892 1062/1050/888
f 1065/1053/888 1068/1057/894 1063/1054/891
f 1064/1055/892 1067/1058/895 1065/1053/888
f 1066/1056/893 1069/1059/896 1068/1057/894
f 1067/1058/895 1187/1183/1007 1066/1056/893
f 1069/1059/896 1071/1194/1018 1070/1060/897
f 1063/1054/891 1068/1057/894 1070/1060/897
f 1070/1060/897 1071/1194/1018 1202/1062/899
f 1073/1061/898 1070/1060/897 1072/1063/900
f 1063/1054/891 1073/1061/898 1074/1065/902
f 1074/1065/902 1073/1061/898 1075/1064/901
f 1076/1066/903 1075/1064/901 1077/1067/904
f 1075/1064/901 1072/1063/900 1078/1069/906
f 1079/1071/908 1077/1067/904 1078/1069/906
f 1078/1069/906 1203/1199/1023 1204/1070/907
f 1204/1070/907 1091/1086/923 1079/1071/908
f 1077/1067/904 1079/1071/908 1082/1072/909
f 1076/1066/903 1080/1068/905 1081/1073/910
f 1357/1075/912 1355/1335/1145 1081/1073/910
f 1081/1073/910 1080/1068/905 1082/1072/909
f 1082/1072/909 1083/1076/913 1357/1075/912
f 1083/1076/913 1082/1072/909 1084/1077/914
f 1079/1071/908 1087/1082/919 1084/1077/914
f 1084/1077/914 1086/1081/918 1362/1079/916
f 1084/1077/914 1087/1082/919 1088/1080/917
f 1087/1082/919 1089/1084/921 1092/1083/920
f 1079/1071/908 1091/1086/923 1089/1084/921
f 1090/1085/922 1093/1087/924 1092/1083/920
f 1091/1086/923 1204/1070/907 1090/1085/922
f 1093/1087/924 1095/1090/926 1094/1088/925
f 1092/1083/920 1094/1088/925 1097/1089/925
f 1095/1090/926 1216/1208/1032 1096/1091/927
f 1096/1091/927 1103/1098/934 1100/1092/928
f 1100/1092/928 1098/1093/929 1097/1089/925
f 1097/1089/925 1094/1088/925 1096/1091/927
f 1088/1080/917 1097/1089/925 1098/1093/929
f 1086/1081/918 1098/1093/929 1099/1094/930
f 1099/1094/930 1098/1093/929 1100/1092/928
f 1101/1095/931 1100/1092/928 1102/1096/932
f 1113/1099/935 1105/1102/938 1102/1096/932
f 1102/1096/932 1100/1092/928 1103/1098/934
f 1103/1098/934 1096/1091/927 1113/1099/935
f 1368/1101/937 1367/1344/1154 1369/1343/1153
f 1369/1343/1153 1104/1097/933 1102/1096/932
f 1102/1096/932 1106/1103/939 1107/1100/936
f 1107/1100/936 1370/1348/1158 1368/1101/937
f 1368/1101/937 1369/1343/1153 1102/1096/932
f 1105/1102/938 1109/1107/943 1106/1103/939
f 1106/1103/939 1108/1106/942 1373/1104/940
f 1106/1103/939 1109/1107/943 1110/1105/941
f 1109/1107/943 1111/1109/943 1114/1108/944
f 1113/1099/935 1111/1109/943 1109/1107/943
f 1111/1109/943 1112/1111/946 1115/1110/945
f 1113/1099/935 1217/1211/1035 1112/1111/946
f 1114/1108/944 1115/1110/945 1117/1112/947
f 1110/1105/941 1114/1108/944 1116/1113/948
f 1117/1112/947 1228/1219/1043 1118/1115/950
f 1116/1113/948 1118/1115/950 1121/1116/951
f 1110/1105/941 1119/1114/949 1120/1117/952
f 1120/1117/952 1119/1114/949 1121/1116/951
f 1316/1119/954 1123/1121/956 1122/1118/953
f 1122/1118/953 1121/1116/951 1118/1115/950
f 1118/1115/950 1230/1223/1047 1316/1119/954
f 1124/1120/955 1122/1118/953 1123/1121/956
f 1120/1117/952 1122/1118/953 1124/1120/955
f 1125/1123/958 1124/1120/955 1127/1124/959
f 1127/1124/959 1124/1120/955 1126/1122/957
f 1130/1127/962 1127/1124/959 1128/1126/961
f 1129/1125/960 1127/1124/959 1130/1127/962
f 1130/1127/962 1133/1131/2 1134/1130/7
f 1132/1128/963 1136/1136/142 1133/1131/2
f 1133/1131/2 1135/1133/966 1321/1025/865
f 1133/1131/2 1136/1136/142 1137/1132/965
f 1136/1136/142 1132/1128/963 1305/1134/967
s 0
f 1305/1134/1212 1139/1138/1212 1138/1135/1212
s 1
f 1138/1135/968 1137/1132/965 1136/1136/142
f 1141/1137/969 1140/1140/971 1138/1135/968
f 1143/1139/147 1142/1142/972 1140/1140/971
f 1145/1141/153 1144/1144/973 1142/1142/972
f 1147/1143/155 1146/1146/974 1144/1144/973
f 1149/1145/166 1148/1026/866 1146/1146/974
f 1151/1147/167 1150/1149/975 1148/1026/866
f 1151/1147/167 1157/1153/978 1156/1152/977
f 1154/1148/169 1152/1151/976 1150/1149/975
f 1151/1147/167 1156/1152/977 1154/1148/169
f 1155/1150/171 1153/1160/984 1152/1151/976
f 1156/1152/977 1159/1155/980 1155/1150/171
f 1157/1153/978 1297/1288/1096 1158/1154/979
f 1158/1154/979 1160/1156/981 1159/1155/980
f 1160/1156/981 1162/1158/983 1161/1157/982
f 1161/1157/982 1163/1159/177 1155/1150/171
f 1162/1158/983 1046/1163/987 1043/1032/871
f 1043/1032/871 1165/1031/180 1163/1159/177
f 1163/1159/177 1164/1161/985 1153/1160/984
f 1165/1031/180 1040/1491/1216 1164/1161/985
f 1168/1162/986 1166/1165/989 1162/1158/983
f 1162/1158/983 1166/1165/989 1169/1037/876
f 1167/1164/988 1170/1167/991 1169/1037/876
f 1278/1166/990 1167/1164/988 1166/1165/989
f 1170/1167/991 1172/1169/993 1175/1168/992
f 1167/1164/988 1174/1267/1091 1172/1169/993
f 1173/1170/994 1177/1173/997 1175/1168/992
f 1172/1169/993 1174/1267/1091 1267/1171/995
f 1267/1171/995 1266/1260/1084 1268/1172/996
f 1268/1172/996 1173/1170/994 1172/1169/993
f 1175/1168/992 1176/1174/998 1049/1035/874
f 1177/1173/997 1179/1176/1000 1176/1174/998
f 1178/1175/999 1180/1266/1090 1179/1176/1000
f 1268/1172/996 1178/1175/999 1177/1173/997
f 1179/1176/1000 1180/1266/1090 1182/1177/1001
f 1181/1178/1002 1184/1181/1005 1051/1041/879
f 1051/1041/879 1049/1035/874 1176/1174/998
f 1176/1174/998 1179/1176/1000 1181/1178/1002
f 1181/1178/1002 1182/1177/1001 1186/1179/1003
f 1184/1181/1005 1181/1178/1002 1183/1180/1004
f 1051/1041/879 1184/1181/1005 1185/1182/1006
f 1185/1182/1006 1064/1055/892 1055/1052/890
f 1183/1180/1004 1067/1058/895 1064/1055/892
f 1183/1180/1004 1186/1179/1003 1187/1183/1007
f 1190/1184/1008 1188/1186/1010 1186/1179/1003
f 1186/1179/1003 1188/1186/1010 1191/1185/1009
f 1188/1186/1010 1189/1215/1039 1192/1187/1011
f 1275/1188/1012 1189/1215/1039 1188/1186/1010
f 1192/1187/1011 1194/1190/1014 1193/1189/1013
f 1187/1183/1007 1191/1185/1009 1193/1189/1013
f 1194/1190/1014 1196/1493/1219 1195/1191/1015
f 1193/1189/1013 1195/1191/1015 1069/1059/896
f 1195/1191/1015 1196/1493/1219 1198/1192/1016
f 1195/1191/1015 1197/1193/1017 1071/1194/1018
f 1197/1193/1017 1198/1192/1016 1200/1195/1019
f 1071/1194/1018 1197/1193/1017 1199/1196/1020
f 1199/1196/1020 1200/1195/1019 1320/1197/1021
f 1199/1196/1020 1201/1198/1022 1203/1199/1023
f 1072/1063/900 1202/1062/899 1203/1199/1023
f 1201/1198/1022 1205/1200/1024 1204/1070/907
f 1205/1200/1024 1207/1202/1026 1090/1085/922
f 1205/1200/1024 1206/1494/1220 1208/1201/1025
f 1320/1197/1021 1206/1494/1220 1205/1200/1024
f 1208/1201/1025 1210/1204/1028 1209/1203/1027
f 1207/1202/1026 1209/1203/1027 1093/1087/924
f 1210/1204/1028 1212/1206/1030 1211/1205/1029
f 1209/1203/1027 1211/1205/1029 1095/1090/926
f 1212/1206/1030 1214/1495/1221 1213/1207/1031
f 1095/1090/926 1211/1205/1029 1213/1207/1031
f 1213/1207/1031 1214/1495/1221 1218/1209/1033
f 1216/1208/1032 1213/1207/1031 1215/1210/1034
f 1216/1208/1032 1217/1211/1035 1113/1099/935
f 1112/1111/946 1217/1211/1035 1215/1210/1034
f 1215/1210/1034 1218/1209/1033 1219/1212/1036
f 1221/1213/1037 1112/1111/946 1215/1210/1034
f 1189/1215/1039 1275/1188/1012 1272/1496/1222
f 1272/1496/1222 1271/1263/1087 1270/1261/1085
f 1270/1261/1085 1265/1497/1223 1263/1257/1081
f 1263/1257/1081 1261/1258/1082 1319/1498/1224
f 1319/1498/1224 1249/1244/1068 1247/1241/1065
f 1247/1241/1065 1246/1499/1225 1248/1242/1066
f 1248/1242/1066 1236/1231/1055 1234/1227/1051
f 1234/1227/1051 1226/1221/1045 1225/1214/1038
f 1225/1214/1038 1224/1500/1226 1220/1216/1040
f 1220/1216/1040 1219/1212/1036 1218/1209/1033
f 1218/1209/1033 1214/1495/1221 1212/1206/1030
f 1212/1206/1030 1210/1204/1028 1208/1201/1025
f 1208/1201/1025 1206/1494/1220 1320/1197/1021
f 1320/1197/1021 1200/1195/1019 1198/1192/1016
f 1198/1192/1016 1196/1493/1219 1194/1190/1014
f 1194/1190/1014 1192/1187/1011 1189/1215/1039
f 1189/1215/1039 1272/1496/1222 1270/1261/1085
f 1270/1261/1085 1263/1257/1081 1319/1498/1224
f 1319/1498/1224 1247/1241/1065 1248/1242/1066
f 1248/1242/1066 1234/1227/1051 1225/1214/1038
f 1225/1214/1038 1220/1216/1040 1218/1209/1033
f 1218/1209/1033 1212/1206/1030 1208/1201/1025
f 1208/1201/1025 1320/1197/1021 1198/1192/1016
f 1198/1192/1016 1194/1190/1014 1189/1215/1039
f 1189/1215/1039 1270/1261/1085 1319/1498/1224
f 1319/1498/1224 1248/1242/1066 1225/1214/1038
f 1225/1214/1038 1218/1209/1033 1208/1201/1025
f 1208/1201/1025 1198/1192/1016 1189/1215/1039
f 1189/1215/1039 1319/1498/1224 1225/1214/1038
f 1221/1213/1037 1219/1212/1036 1220/1216/1040
f 1112/1111/946 1221/1213/1037 1222/1217/1041
f 1220/1216/1040 1224/1500/1226 1223/1218/1042
f 1222/1217/1041 1223/1218/1042 1117/1112/947
f 1228/1219/1043 1117/1112/947 1223/1218/1042
f 1223/1218/1042 1224/1500/1226 1225/1214/1038
f 1225/1214/1038 1227/1220/1044 1228/1219/1043
f 1229/1222/1046 1228/1219/1043 1227/1220/1044
f 1227/1220/1044 1225/1214/1038 1226/1221/1045
f 1226/1221/1045 1232/1226/1050 1229/1222/1046
f 1118/1115/950 1228/1219/1043 1229/1222/1046
f 1230/1223/1047 1229/1222/1046 1231/1224/1048
f 1232/1226/1050 1233/1228/1052 1231/1224/1048
f 1232/1226/1050 1226/1221/1045 1234/1227/1051
f 1234/1227/1051 1236/1231/1055 1235/1229/1053
f 1233/1228/1052 1235/1229/1053 1238/1230/1054
f 1236/1231/1055 1248/1242/1066 1237/1232/1056
f 1238/1230/1054 1235/1229/1053 1237/1232/1056
f 1231/1224/1048 1238/1230/1054 1239/1234/1058
f 1239/1234/1058 1238/1230/1054 1240/1233/1057
f 1240/1233/1057 1242/1238/1062 1243/1236/1060
f 1240/1233/1057 1237/1232/1056 1245/1237/1061
f 1243/1236/1060 1242/1238/1062 1244/1239/1063
f 1244/1239/1063 1242/1238/1062 1245/1237/1061
f 1245/1237/1061 1246/1499/1225 1247/1241/1065
f 1247/1241/1065 1250/1243/1067 1244/1239/1063
f 1248/1242/1066 1246/1499/1225 1245/1237/1061
f 1250/1243/1067 1247/1241/1065 1249/1244/1068
f 1250/1243/1067 1251/1245/1069 1253/1246/1070
f 1249/1244/1068 1319/1498/1224 1252/1247/1071
f 1251/1245/1069 1252/1247/1071 1255/1248/1072
f 1244/1239/1063 1253/1246/1070 1254/1249/1073
f 1253/1246/1070 1255/1248/1072 1256/1250/1074
f 1255/1248/1072 1257/1252/1076 1258/1251/1075
f 1252/1247/1071 1260/1256/1080 1257/1252/1076
f 1257/1252/1076 1259/1255/1079 1276/1253/1077
f 1257/1252/1076 1260/1256/1080 1262/1254/1078
f 1260/1256/1080 1261/1258/1082 1263/1257/1081
f 1252/1247/1071 1319/1498/1224 1261/1258/1082
f 1263/1257/1081 1265/1497/1223 1264/1259/1083
f 1262/1254/1078 1264/1259/1083 1266/1260/1084
f 1268/1172/996 1266/1260/1084 1264/1259/1083
f 1264/1259/1083 1265/1497/1223 1270/1261/1085
f 1270/1261/1085 1269/1262/1086 1268/1172/996
f 1259/1255/1079 1266/1260/1084 1267/1171/995
f 1178/1175/999 1268/1172/996 1269/1262/1086
f 1269/1262/1086 1270/1261/1085 1271/1263/1087
f 1273/1264/1088 1178/1175/999 1269/1262/1086
f 1271/1263/1087 1272/1496/1222 1274/1265/1089
f 1273/1264/1088 1274/1265/1089 1180/1266/1090
f 1274/1265/1089 1272/1496/1222 1275/1188/1012
f 1180/1266/1090 1274/1265/1089 1190/1184/1008
f 1276/1253/1077 1267/1171/995 1174/1267/1091
f 1276/1253/1077 1277/1268/1092 1278/1166/990
f 1278/1166/990 1279/1270/1094 1282/1269/1093
f 1282/1269/1093 1258/1251/1075 1276/1253/1077
f 1277/1268/1092 1174/1267/1091 1167/1164/988
f 1279/1270/1094 1278/1166/990 1168/1162/986
f 1258/1251/1075 1282/1269/1093 1279/1270/1094
f 1279/1270/1094 1280/1275/1097 1285/1272/1074
f 1285/1272/1074 1256/1250/1074 1258/1251/1075
f 1158/1154/979 1297/1288/1096 1284/1273/1096
f 1284/1273/1096 1280/1275/1097 1279/1270/1094
f 1281/1271/1095 1158/1154/979 1284/1273/1096
f 1281/1271/1095 1168/1162/986 1160/1156/981
f 1286/1274/1073 1285/1272/1074 1280/1275/1097
f 1283/1276/1098 1280/1275/1097 1284/1273/1096
f 1254/1249/1073 1256/1250/1074 1285/1272/1074
f 1287/1278/1100 1289/1240/1064 1254/1249/1073
f 1288/1279/1101 1287/1278/1100 1286/1274/1073
f 1289/1240/1064 1287/1278/1100 1288/1279/1101
f 1288/1279/1101 1290/1300/1121 1318/1280/1102
f 1318/1280/1102 1243/1236/1060 1289/1240/1064
f 1292/1281/1103 1290/1300/1121 1288/1279/1101
f 1295/1283/1105 1293/1286/1108 1291/1282/1104
f 1291/1282/1104 1288/1279/1101 1283/1276/1098
f 1283/1276/1098 1296/1277/1099 1295/1283/1105
f 1294/1285/1107 1299/1289/1110 1300/1284/1106
f 1300/1284/1106 1292/1281/1103 1291/1282/1104
f 1291/1282/1104 1293/1286/1108 1294/1285/1107
f 1293/1286/1108 1295/1283/1105 1298/1287/1109
f 1296/1277/1099 1284/1273/1096 1297/1288/1096
f 1295/1283/1105 1297/1288/1096 1157/1153/978
f 1298/1287/1109 1149/1145/166 1147/1143/155
f 1157/1153/978 1151/1147/167 1149/1145/166
f 1299/1289/1110 1294/1285/1107 1147/1143/155
f 1302/1290/1111 1300/1284/1106 1299/1289/1110
f 1301/1291/1112 1299/1289/1110 1145/1141/153
f 1303/1292/1113 1304/1295/1116 1302/1290/1111
f 1301/1291/1112 1143/1139/147 1141/1137/969
f 1306/1293/1114 1304/1295/1116 1303/1292/1113
f 1303/1292/1113 1141/1137/969 1139/1138/970
f 1128/1126/961 1306/1293/1114 1305/1134/967
f 1128/1126/961 1126/1122/957 1307/1294/1115
f 1307/1294/1115 1309/1297/1118 1304/1295/1116
f 1308/1296/1117 1310/1298/1119 1309/1297/1118
f 1123/1121/956 1308/1296/1117 1307/1294/1115
f 1310/1298/1119 1312/1302/1122 1311/1299/1120
f 1309/1297/1118 1311/1299/1120 1302/1290/1111
f 1311/1299/1120 1312/1302/1122 1290/1300/1121
f 1311/1299/1120 1292/1281/1103 1300/1284/1106
f 1314/1301/1058 1313/1303/1123 1312/1302/1122
f 1243/1236/1060 1318/1280/1102 1290/1300/1121
f 1290/1300/1121 1312/1302/1122 1313/1303/1123
f 1313/1303/1123 1241/1235/1059 1243/1236/1060
f 1239/1234/1058 1241/1235/1059 1313/1303/1123
f 1315/1304/1049 1314/1301/1058 1310/1298/1119
f 1317/1225/1049 1239/1234/1058 1314/1301/1058
f 1123/1121/956 1316/1119/954 1315/1304/1049
f 1230/1223/1047 1317/1225/1049 1315/1304/1049
f 1323/1306/9 1371/1346/1156 1131/1129/964
f 1134/1130/7 1321/1025/865 1322/1305/1124
f 1323/1306/9 1131/1129/964 1134/1130/7
f 1323/1306/9 1322/1305/1124 1324/1307/1125
f 1327/1309/36 1367/1344/1154 1368/1101/937
s 0
f 1368/1101/1212 1325/1308/1212 1324/1307/1212
s 1
f 1324/1307/1125 1326/1490/1215 1327/1309/36
f 1327/1309/36 1326/1490/1215 1328/1310/1127
f 1329/1311/35 1328/1310/1127 1330/1312/1128
f 1333/1314/1130 1331/1313/1129 1330/1312/1128
f 1335/1317/47 1358/1338/1148 1359/1316/1132
s 0
f 1359/1316/1211 1333/1314/1217 1332/1315/1210
s 1
f 1332/1315/1131 1334/1489/1214 1335/1317/47
f 1335/1317/47 1334/1489/1214 1336/1318/1133
f 1337/1319/66 1336/1318/1133 1338/1320/1134
f 1341/1322/75 1339/1321/65 1338/1320/1134
f 1343/1324/76 1341/1322/75 1340/1323/1135
f 1343/1324/76 1342/1325/1136 1344/1326/1137
f 1345/1327/94 1344/1326/1137 1346/1328/1138
f 1033/1023/103 1031/1022/863 1058/1048/886
s 0
f 1058/1048/1212 1347/1329/1212 1346/1328/1212
s 1
f 1346/1328/1138 1035/1488/1213 1033/1023/103
f 1348/1330/1140 1345/1327/94 1347/1329/1139
f 1350/1331/1141 1343/1324/76 1345/1327/94
f 1349/1049/887 1351/1349/1159 1350/1331/1141
f 1350/1331/1141 1351/1349/1159 1353/1332/1142
f 1352/1333/1143 1341/1322/75 1343/1324/76
f 1353/1332/1142 1355/1335/1145 1354/1334/1144
f 1354/1334/1144 1339/1321/65 1341/1322/75
f 1355/1335/1145 1357/1075/912 1356/1336/1146
f 1356/1336/1146 1337/1319/66 1339/1321/65
f 1356/1336/1146 1357/1075/912 1360/1337/1147
f 1358/1338/1148 1335/1317/47 1337/1319/66
f 1358/1338/1148 1360/1337/1147 1361/1339/1149
f 1085/1078/915 1362/1079/916 1361/1339/1149
f 1357/1075/912 1083/1076/913 1085/1078/915
f 1362/1079/916 1099/1094/930 1363/1340/1150
f 1359/1316/1132 1361/1339/1149 1363/1340/1150
f 1365/1342/1152 1364/1341/1151 1363/1340/1150
f 1363/1340/1150 1099/1094/930 1101/1095/931
f 1101/1095/931 1366/1345/1155 1365/1342/1152
f 1365/1342/1152 1329/1311/35 1331/1313/1129
f 1364/1341/1151 1331/1313/1129 1333/1314/1130
f 1365/1342/1152 1366/1345/1155 1369/1343/1153
f 1367/1344/1154 1327/1309/36 1329/1311/35
f 1366/1345/1155 1101/1095/931 1104/1097/933
f 1371/1346/1156 1323/1306/9 1325/1308/1126
f 1368/1101/937 1370/1348/1158 1372/1347/1157
f 1372/1347/1157 1129/1125/960 1131/1129/964
f 1370/1348/1158 1107/1100/936 1373/1104/940
f 1373/1104/940 1125/1123/958 1129/1125/960
f 1108/1106/942 1120/1117/952 1125/1123/958
f 1353/1332/1142 1374/1074/911 1081/1073/910
f 1351/1349/1159 1375/1350/1160 1374/1074/911
f 1074/1065/902 1076/1066/903 1374/1074/911
f 1376/1351/1161 1061/1051/889 1074/1065/902
f 1376/1351/1161 1375/1350/1160 1351/1349/1159
f 1380/1352/1162 1381/1357/1162 1378/1353/1162
f 1378/1353/1163 1408/1380/1163 1379/1355/1163
f 1382/1356/1164 1383/1501/1164 1381/1357/1164
f 1385/1358/1165 1383/1501/1165 1382/1356/1165
f 1387/1360/1166 1385/1358/1166 1384/1359/1166
f 1388/1362/1167 1389/1502/1167 1387/1360/1167
f 1391/1363/1168 1389/1502/1168 1388/1362/1168
f 1393/1365/1169 1391/1363/1227 1390/1364/1169
f 1394/1367/1228 1395/1381/1228 1393/1365/1228
f 1397/1368/1171 1395/1381/1171 1394/1367/1171
f 1399/1370/1172 1397/1368/1172 1396/1369/1172
f 1401/1372/1173 1399/1370/1174 1398/1371/1173
f 1403/1374/1175 1401/1372/1175 1400/1373/1175
f 1405/1376/1176 1403/1374/1176 1402/1375/1176
f 1407/1378/1177 1405/1376/1177 1404/1377/1177
f 1408/1380/1178 1407/1378/1178 1406/1379/1178
f 1378/1353/1179 1381/1357/1179 1383/1501/1179
f 1383/1501/1179 1385/1358/1179 1387/1360/1179
f 1387/1360/1179 1389/1502/1179 1391/1363/1179
f 1391/1363/1179 1393/1365/1179 1395/1381/1179
f 1395/1381/1179 1397/1368/1179 1399/1370/1179
f 1399/1370/1179 1401/1372/1179 1403/1374/1179
f 1403/1374/1179 1405/1376/1179 1407/1378/1179
f 1407/1378/1179 1408/1380/1179 1378/1353/1179
f 1378/1353/1179 1383/1501/1179 1387/1360/1179
f 1387/1360/1179 1391/1363/1179 1395/1381/1179
f 1395/1381/1179 1399/1370/1179 1403/1374/1179
f 1403/1374/1179 1407/1378/1179 1378/1353/1179
f 1378/1353/1179 1387/1360/1179 1395/1381/1179
f 1410/1382/1180 1413/1387/1180 1412/1383/1180
f 1440/1385/1162 1410/1382/1162 1409/1384/1162
f 1413/1387/1181 1415/1389/1181 1414/1388/1181
f 1415/1389/1177 1417/1391/1177 1416/1390/1177
f 1417/1391/1182 1419/1393/1182 1418/1392/1182
f 1419/1393/1175 1421/1395/1175 1420/1394/1183
f 1421/1395/1184 1423/1397/1184 1422/1396/1173
f 1423/1397/1185 1425/1399/1185 1424/1398/1185
f 1425/1399/1171 1427/1401/1171 1426/1400/1171
f 1427/1401/1186 1429/1403/1186 1428/1402/1186
f 1429/1403/1187 1431/1405/1187 1430/1404/1187
f 1431/1405/1168 1433/1407/1168 1432/1406/1168
f 1433/1407/1188 1435/1409/1188 1434/1408/1188
f 1435/1409/1166 1437/1411/1166 1436/1410/1166
f 1437/1411/1165 1439/1413/1165 1438/1412/1165
f 1439/1413/1189 1440/1385/1189 1411/1386/1190
f 1410/1382/1179 1440/1385/1179 1439/1413/1179
f 1439/1413/1179 1437/1411/1179 1435/1409/1179
f 1435/1409/1179 1433/1407/1179 1431/1405/1179
f 1431/1405/1179 1429/1403/1179 1427/1401/1179
f 1427/1401/1179 1425/1399/1179 1423/1397/1179
f 1423/1397/1179 1421/1395/1179 1419/1393/1179
f 1419/1393/1179 1417/1391/1179 1415/1389/1179
f 1415/1389/1179 1413/1387/1179 1410/1382/1179
f 1410/1382/1179 1439/1413/1179 1435/1409/1179
f 1435/1409/1179 1431/1405/1179 1427/1401/1179
f 1427/1401/1179 1423/1397/1179 1419/1393/1179
f 1419/1393/1179 1415/1389/1179 1410/1382/1179
f 1410/1382/1179 1435/1409/1179 1427/1401/1179
f 1445/1414/1191 1442/1417/1191 1441/1415/1191
f 1442/1417/1163 1472/1444/1163 1443/1418/1163
f 1447/1419/1189 1445/1414/1189 1444/1416/1189
f 1449/1421/1165 1447/1419/1165 1446/1420/1165
f 1451/1423/1166 1449/1421/1166 1448/1422/1166
f 1453/1425/1167 1451/1423/1167 1450/1424/1167
f 1455/1427/1168 1453/1425/1168 1452/1426/1168
f 1456/1429/1187 1457/1503/1187 1455/1427/1187
f 1459/1430/1186 1457/1503/1186 1456/1429/1186
f 1461/1432/1171 1459/1430/1171 1458/1431/1171
f 1463/1434/1172 1461/1432/1172 1460/1433/1172
f 1465/1436/1173 1463/1434/1192 1462/1435/1173
f 1467/1438/1175 1465/1436/1175 1464/1437/1175
f 1469/1440/1176 1467/1438/1176 1466/1439/1176
f 1471/1442/1177 1469/1440/1177 1468/1441/1177
f 1472/1444/1178 1471/1442/1178 1470/1443/1178
f 1442/1417/1179 1445/1414/1179 1447/1419/1179
f 1447/1419/1179 1449/1421/1179 1451/1423/1179
f 1451/1423/1179 1453/1425/1179 1455/1427/1179
f 1455/1427/1179 1457/1503/1179 1459/1430/1179
f 1459/1430/1179 1461/1432/1179 1463/1434/1179
f 1463/1434/1179 1465/1436/1179 1467/1438/1179
f 1467/1438/1179 1469/1440/1179 1471/1442/1179
f 1471/1442/1179 1472/1444/1179 1442/1417/1179
f 1442/1417/1179 1447/1419/1179 1451/1423/1179
f 1451/1423/1179 1455/1427/1179 1459/1430/1179
f 1459/1430/1179 1463/1434/1179 1467/1438/1179
f 1467/1438/1179 1471/1442/1179 1442/1417/1179
f 1442/1417/1179 1451/1423/1179 1459/1430/1179
f 1477/1445/1193 1474/1448/1193 1473/1446/1193
f 1474/1448/1163 1504/1474/1163 1475/1449/1163
f 1479/1450/1164 1477/1445/1164 1476/1447/1164
f 1481/1452/1165 1479/1450/1165 1478/1451/1165
f 1483/1454/1166 1481/1452/1166 1480/1453/1166
f 1485/1456/1167 1483/1454/1167 1482/1455/1167
f 1487/1458/1194 1485/1456/1194 1484/1457/1194
f 1489/1460/1169 1487/1458/1169 1486/1459/1169
f 1491/1462/1170 1489/1460/1170 1488/1461/1170
f 1492/1464/1171 1493/1504/1171 1491/1462/1171
f 1495/1465/1195 1493/1504/1195 1492/1464/1195
f 1497/1467/1196 1495/1465/1196 1494/1466/1196
f 1498/1469/1175 1499/1475/1175 1497/1467/1175
f 1501/1470/1176 1499/1475/1176 1498/1469/1176
f 1503/1472/1177 1501/1470/1177 1500/1471/1177
f 1504/1474/1178 1503/1472/1178 1502/1473/1178
f 1474/1448/1179 1477/1445/1179 1479/1450/1179
f 1479/1450/1179 1481/1452/1179 1483/1454/1179
f 1483/1454/1179 1485/1456/1179 1487/1458/1179
f 1487/1458/1179 1489/1460/1197 1491/1462/1179
f 1491/1462/1179 1493/1504/1179 1495/1465/1179
f 1495/1465/1179 1497/1467/1179 1499/1475/1179
f 1499/1475/1179 1501/1470/1179 1503/1472/1179
f 1503/1472/1179 1504/1474/1179 1474/1448/1179
f 1474/1448/1179 1479/1450/1179 1483/1454/1179
f 1483/1454/1179 1487/1458/1179 1491/1462/1179
f 1491/1462/1179 1495/1465/1179 1499/1475/1179
f 1499/1475/1179 1503/1472/1179 1474/1448/1179
f 1474/1448/1179 1483/1454/1179 1491/1462/1179
f 1505/1505/1229 1509/1506/1230 1506/1507/1231
f 1505/1505/1229 1506/1507/1231 1507/1508/1232
f 1505/1505/1229 1507/1508/1232 1508/1509/1233
f 1517/1510/1234 1513/1511/1235 1509/1506/1230
f 1506/1507/1231 1509/1506/1230 1510/1512/1236
f 1510/1512/1236 1509/1506/1230 1511/1513/1237
f 1510/1512/1236 1511/1513/1237 1512/1514/1238
f 1512/1514/1238 1511/1513/1237 1513/1511/1235
f 1512/1514/1238 1513/1511/1235 1514/1515/1239
f 1514/1515/1239 1513/1511/1235 1515/1516/1240
f 1514/1515/1239 1515/1516/1240 1516/1517/1241
f 1515/1516/1240 1517/1510/1234 1516/1517/1241
f 1517/1510/1234 1518/1518/1242 1516/1517/1241
f 1517/1510/1234 1519/1519/1243 1518/1518/1242
f 1519/1519/1243 1520/1520/1244 1518/1518/1242
f 1519/1519/1243 1508/1509/1233 1520/1520/1244
f 1512/1514/1238 1516/1517/1241 1520/1520/1244
f 1508/1509/1233 1507/1508/1232 1520/1520/1244
f 1521/1521/1229 1525/1522/1245 1522/1523/1231
f 1521/1521/1229 1522/1523/1231 1523/1524/1246
f 1521/1521/1229 1523/1524/1246 1524/1525/1233
f 1533/1526/1234 1529/1527/1247 1525/1522/1245
f 1522/1523/1231 1525/1522/1245 1526/1528/1248
f 1526/1528/1248 1525/1522/1245 1527/1529/1237
f 1526/1528/1248 1527/1529/1237 1528/1530/1249
f 1528/1530/1249 1527/1529/1237 1529/1527/1247
f 1528/1530/1249 1529/1527/1247 1530/1531/1239
f 1530/1531/1239 1529/1527/1247 1531/1532/1240
f 1530/1531/1239 1531/1532/1240 1532/1533/1250
f 1531/1532/1240 1533/1526/1234 1532/1533/1250
f 1533/1526/1234 1534/1534/1251 1532/1533/1250
f 1533/1526/1234 1535/1535/1243 1534/1534/1251
f 1535/1535/1243 1536/1536/1252 1534/1534/1251
f 1535/1535/1243 1524/1525/1233 1536/1536/1252
f 1528/1530/1249 1532/1533/1250 1536/1536/1252
f 1524/1525/1233 1523/1524/1246 1536/1536/1252
f 1537/1537/1229 1541/1538/1230 1538/1539/1231
f 1537/1537/1229 1538/1539/1231 1539/1540/1253
f 1537/1537/1229 1539/1540/1253 1540/1541/1233
f 1549/1542/1234 1545/1543/1235 1541/1538/1230
f 1538/1539/1231 1541/1538/1230 1542/1544/1254
f 1542/1544/1254 1541/1538/1230 1543/1545/1237
f 1542/1544/1254 1543/1545/1237 1544/1546/1238
f 1544/1546/1238 1543/1545/1237 1545/1543/1235
f 1544/1546/1238 1545/1543/1235 1546/1547/1255
f 1546/1547/1255 1545/1543/1235 1547/1548/1240
f 1546/1547/1255 1547/1548/1240 1548/1549/1250
f 1547/1548/1240 1549/1542/1234 1548/1549/1250
f 1549/1542/1234 1550/1550/1242 1548/1549/1250
f 1549/1542/1234 1551/1551/1256 1550/1550/1242
f 1551/1551/1256 1552/1552/1244 1550/1550/1242
f 1551/1551/1256 1540/1541/1233 1552/1552/1244
f 1544/1546/1238 1548/1549/1250 1552/1552/1244
f 1540/1541/1233 1539/1540/1253 1552/1552/1244
f 1553/1553/1229 1557/1554/1230 1554/1555/1231
f 1553/1553/1229 1554/1555/1231 1555/1556/1257
f 1553/1553/1229 1555/1556/1257 1556/1557/1233
f 1565/1558/1234 1561/1559/1247 1557/1554/1230
f 1554/1555/1231 1557/1554/1230 1558/1560/1236
f 1558/1560/1236 1557/1554/1230 1559/1561/1258
f 1558/1560/1236 1559/1561/1258 1560/1562/1238
f 1560/1562/1238 1559/1561/1258 1561/1559/1247
f 1560/1562/1238 1561/1559/1247 1562/1563/1255
f 1562/1563/1255 1561/1559/1247 1563/1564/1240
f 1562/1563/1255 1563/1564/1240 1564/1565/1250
f 1563/1564/1240 1565/1558/1234 1564/1565/1250
f 1565/1558/1234 1566/1566/1242 1564/1565/1250
f 1565/1558/1234 1567/1567/1243 1566/1566/1242
f 1567/1567/1243 1568/1568/1244 1566/1566/1242
f 1567/1567/1243 1556/1557/1233 1568/1568/1244
f 1560/1562/1238 1564/1565/1250 1568/1568/1244
f 1556/1557/1233 1555/1556/1257 1568/1568/1244
f 1572/1569/1259 1570/1570/1260 1569/1571/1261
f 1570/1570/1260 1571/1572/1262 1569/1571/1261
f 1571/1572/1262 1573/1573/1263 1569/1571/1261
f 1569/1571/1261 1575/1574/1264 1572/1569/1259
f 1575/1574/1264 1577/1575/1265 1572/1569/1259
f 1577/1575/1265 1578/1576/1266 1579/1577/1267
f 1579/1577/1267 1580/1578/1268 1581/1579/1269
f 1580/1578/1268 1583/1580/1270 1581/1579/1269
f 1583/1580/1270 1584/1581/1271 1585/1582/1272
f 1585/1582/1272 1586/1583/1273 1587/1584/1274
f 1587/1584/1274 1588/1585/1275 1589/1586/1276
f 1588/1585/1275 1591/1587/1277 1589/1586/1276
f 1590/1588/1278 1593/1589/1279 1591/1587/1277
f 1592/1590/1280 1595/1591/1281 1593/1589/1279
f 1594/1592/1282 1597/1593/1283 1595/1591/1281
f 1597/1593/1283 1598/1594/1284 1599/1595/1285
f 1599/1595/1285 1600/1596/1286 1601/1597/1287
f 1600/1596/1286 1603/1598/1288 1601/1597/1287
f 1603/1598/1288 1604/1599/1289 1605/1600/1290
f 1604/1599/1289 1607/1601/1291 1605/1600/1290
f 1607/1601/1291 1608/1602/1292 1609/1603/1293
f 1608/1602/1292 1611/1604/1294 1609/1603/1293
f 1610/1605/1295 1613/1606/1296 1611/1604/1294
f 1612/1607/1297 1615/1608/1298 1613/1606/1296
f 1614/1609/1299 1617/1610/1300 1615/1608/1298
f 1616/1611/1301 1619/1612/1302 1617/1610/1300
f 1619/1612/1302 1620/1613/1303 1621/1614/1304
f 1620/1613/1303 1623/1615/1305 1621/1614/1304
f 1623/1615/1305 1624/1616/1306 1625/1617/1307
f 1624/1616/1306 1627/1618/1308 1625/1617/1307
f 1627/1618/1308 1628/1619/1309 1629/1620/1310
f 1628/1619/1309 1631/1621/1311 1629/1620/1310
f 1631/1621/1311 1632/1622/1312 1633/1623/1313
f 1633/1623/1313 1634/1624/1314 1635/1625/1315
f 1634/1624/1314 1637/1626/1316 1635/1625/1315
f 1637/1626/1316 1638/1627/1317 1639/1628/1318
f 1639/1628/1318 1640/1629/1319 1641/1630/1320
f 1640/1629/1319 1643/1631/1321 1641/1630/1320
f 1642/1632/1322 1645/1633/1323 1643/1631/1321
f 1644/1634/1324 1647/1635/1325 1645/1633/1323
f 1647/1635/1325 1648/1636/1326 1649/1637/1327
f 1648/1636/1326 1571/1572/1262 1649/1637/1327
f 1653/1638/1328 1649/1637/1327 1571/1572/1262
f 1649/1637/1327 1651/1639/1329 1647/1635/1325
f 1650/1640/1330 2397/1641/1331 1651/1639/1329
f 1654/1642/1332 1650/1640/1330 1653/1638/1328
f 1655/1643/1333 1653/1638/1328 1570/1570/1260
f 1655/1643/1333 1656/1644/1334 1654/1642/1332
f 1654/1642/1332 1659/1645/1335 1652/1646/1336
f 1657/1647/1337 1658/1648/1338 1656/1644/1334
f 1658/1648/1338 1659/1645/1335 1656/1644/1334
f 1652/1646/1336 1660/1649/1339 2397/1641/1331
f 1659/1645/1335 1663/1650/1340 1660/1649/1339
f 2282/1651/1341 1661/1652/1342 1658/1648/1338
f 1661/1652/1342 1664/1653/1343 1663/1650/1340
f 1664/1653/1343 1665/1654/1344 1663/1650/1340
f 1663/1650/1340 1666/1655/1345 1660/1649/1339
f 1668/1656/1346 1664/1653/1343 1669/1657/1347
f 1670/1658/1348 1669/1657/1347 1672/1659/1349
f 1675/1660/1350 1670/1658/1348 1672/1659/1349
f 1673/1661/1351 1675/1660/1350 1672/1659/1349
f 1674/1662/1352 1673/1661/1351 1672/1659/1349
f 2283/1663/1353 1672/1659/1349 1669/1657/1347
f 1676/1664/1354 1677/1665/1355 1675/1660/1350
f 1679/1666/1356 1675/1660/1350 1677/1665/1355
f 1678/1667/1357 1681/1668/1358 1677/1665/1355
f 1680/1669/1359 1679/1666/1356 1677/1665/1355
f 1677/1665/1355 1684/1670/1360 1680/1669/1359
f 1682/1671/1361 1683/1672/1362 1681/1668/1358
f 1681/1668/1358 1685/1673/1363 1684/1670/1360
f 1686/1674/1364 1685/1673/1363 1688/1675/1365
f 1680/1669/1359 1686/1674/1364 1689/1676/1366
f 1689/1676/1366 1687/1677/1367 1691/1678/1368
f 1686/1674/1364 1702/1679/1369 1687/1677/1367
f 1689/1676/1366 2401/1680/1370 1680/1669/1359
f 1692/1681/1371 1689/1676/1366 1691/1678/1368
f 1696/1682/1372 1691/1678/1368 1693/1683/1373
f 1691/1678/1368 1697/1684/1374 1693/1683/1373
f 1694/1685/1375 1696/1682/1372 1693/1683/1373
f 2396/1686/1376 1693/1683/1373 1695/1687/1377
f 1695/1687/1377 1697/1684/1374 1698/1688/1378
f 1698/1688/1378 1699/1689/1379 1700/1690/1380
f 1697/1684/1374 1702/1679/1369 1699/1689/1379
f 1700/1690/1380 1701/1691/1381 2387/1692/1382
f 1702/1679/1369 1701/1691/1381 1699/1689/1379
f 1688/1675/1365 1703/1693/1383 1702/1679/1369
f 1704/1694/1384 1705/1695/1385 1703/1693/1383
f 1703/1693/1383 1706/1696/1386 1701/1691/1381
f 1708/1697/1387 1704/1694/1384 1709/1698/1388
f 1710/1699/1389 1709/1698/1388 1712/1700/1390
f 1714/1701/1391 1710/1699/1389 1712/1700/1390
f 1713/1702/1392 1714/1701/1391 1712/1700/1390
f 2278/1703/1393 1712/1700/1390 1683/1672/1362
f 1683/1672/1362 1709/1698/1388 1685/1673/1363
f 1715/1704/1394 1716/1705/1395 1714/1701/1391
f 1716/1705/1395 1711/1706/1396 1714/1701/1391
f 1717/1707/1397 1724/1708/1398 1718/1709/1399
f 1720/1710/1400 1716/1705/1395 1718/1709/1399
f 1721/1711/1401 1718/1709/1399 1723/1712/1402
f 1726/1713/1403 1721/1711/1401 1723/1712/1402
f 1724/1708/1398 1725/1714/1404 1723/1712/1402
f 1723/1712/1402 1727/1715/1405 1726/1713/1403
f 1726/1713/1403 1731/1716/1406 1728/1717/1407
f 1728/1717/1407 1722/1718/1408 1726/1713/1403
f 2391/1719/1409 1728/1717/1407 1730/1720/1410
f 1730/1720/1410 1731/1716/1406 1732/1721/1411
f 1727/1715/1405 1733/1722/1412 1731/1716/1406
f 1731/1716/1406 1734/1723/1413 1732/1721/1411
f 1734/1723/1413 1735/1724/1414 2374/1725/1415
f 1733/1722/1412 1738/1726/1416 1735/1724/1414
f 1725/1714/1404 1736/1727/1417 1727/1715/1405
f 1736/1727/1417 1739/1728/1418 1738/1726/1416
f 1742/1729/1419 1738/1726/1416 1739/1728/1418
f 1740/1730/1420 1735/1724/1414 1738/1726/1416
f 1744/1731/1421 1742/1729/1419 1739/1728/1418
f 1745/1732/1422 1744/1731/1421 1747/1733/1423
f 1749/1734/1424 1745/1732/1422 1747/1733/1423
f 1748/1735/1425 1750/1736/1426 1747/1733/1423
f 2021/1737/1427 1747/1733/1423 1744/1731/1421
f 1747/1733/1423 1753/1738/1428 1749/1734/1424
f 1751/1739/1429 1752/1740/1430 1750/1736/1426
f 1750/1736/1426 1754/1741/1431 1753/1738/1428
f 1755/1742/1432 1754/1741/1431 1757/1743/1433
f 1749/1734/1424 1755/1742/1432 1758/1744/1434
f 1758/1744/1434 1756/1745/1435 1760/1746/1436
f 1755/1742/1432 1771/1747/1437 1756/1745/1435
f 1758/1744/1434 1746/1748/1438 1749/1734/1424
f 1761/1749/1439 1758/1744/1434 1760/1746/1436
f 1765/1750/1440 1760/1746/1436 1762/1751/1441
f 1760/1746/1436 1766/1752/1442 1762/1751/1441
f 1763/1753/1443 1765/1750/1440 1762/1751/1441
f 2368/1754/1444 1762/1751/1441 1764/1755/1445
f 1764/1755/1445 1766/1752/1442 1767/1756/1446
f 1767/1756/1446 1768/1757/1447 1769/1758/1448
f 1766/1752/1442 1771/1747/1437 1768/1757/1447
f 1769/1758/1448 1770/1759/1449 2359/1760/1450
f 1771/1747/1437 1770/1759/1449 1768/1757/1447
f 1757/1743/1433 1772/1761/1451 1771/1747/1437
f 1773/1762/1452 1774/1763/1453 1772/1761/1451
f 1772/1761/1451 1775/1764/1454 1770/1759/1449
f 1777/1765/1455 1773/1762/1452 1778/1766/1456
f 1779/1767/1457 1778/1766/1456 1781/1768/1458
f 1783/1769/1459 1779/1767/1457 1781/1768/1458
f 1782/1770/1460 1783/1769/1459 1781/1768/1458
f 1752/1740/1430 1782/1770/1460 1781/1768/1458
f 1754/1741/1431 1781/1768/1458 1778/1766/1456
f 1783/1769/1459 1786/1771/1461 1785/1772/1462
f 1785/1772/1462 1780/1773/1463 1783/1769/1459
f 1786/1771/1461 1788/1774/1464 1785/1772/1462
f 1791/1775/1465 1785/1772/1462 1788/1774/1464
f 1788/1774/1464 2051/1776/1466 1790/1777/1467
f 1792/1778/1468 1788/1774/1464 1790/1777/1467
f 1794/1779/1469 1792/1778/1468 1790/1777/1467
f 1797/1780/1470 1793/1781/1471 1794/1779/1469
f 1796/1782/1472 1797/1780/1470 1798/1783/1473
f 1798/1783/1473 1799/1784/1474 1800/1785/1475
f 1797/1780/1470 1801/1786/1476 1799/1784/1474
f 1799/1784/1474 1803/1787/1477 1800/1785/1475
f 1801/1786/1476 1802/1788/1478 1799/1784/1474
f 1803/1787/1477 1804/1789/1479 2346/1790/1480
f 1802/1788/1478 1807/1791/1481 1804/1789/1479
f 1801/1786/1476 1806/1792/1482 1805/1793/1483
f 1805/1793/1483 1808/1794/1484 1807/1791/1481
f 1811/1795/1485 1807/1791/1481 1808/1794/1484
f 1809/1796/1486 1804/1789/1479 1807/1791/1481
f 1814/1797/1487 1811/1795/1485 1808/1794/1484
f 1813/1798/1488 1814/1797/1487 1816/1799/1489
f 1814/1797/1487 1817/1800/1490 1816/1799/1489
f 1808/1794/1484 1815/1801/1491 1814/1797/1487
f 1817/1800/1490 1819/1802/1492 1816/1799/1489
f 1818/1803/1493 1813/1798/1488 1816/1799/1489
f 1816/1799/1489 1822/1804/1494 1818/1803/1493
f 1819/1802/1492 2074/1805/1495 1821/1806/1496
f 1822/1804/1494 1821/1806/1496 1823/1807/1497
f 1824/1808/1498 1823/1807/1497 1826/1809/1499
f 1818/1803/1493 1824/1808/1498 1827/1810/1500
f 1827/1810/1500 1825/1811/1501 1829/1812/1502
f 1825/1811/1501 1826/1809/1499 1840/1813/1503
f 1827/1810/1500 2398/1814/1504 1818/1803/1493
f 1830/1815/1505 1827/1810/1500 1829/1812/1502
f 1834/1816/1506 1829/1812/1502 1831/1817/1507
f 1829/1812/1502 1835/1818/1508 1831/1817/1507
f 1832/1819/1509 1834/1816/1506 1831/1817/1507
f 1832/1819/1509 1833/1820/1510 2340/1821/1511
f 1831/1817/1507 1836/1822/1512 1833/1820/1510
f 1835/1818/1508 1838/1823/1513 1836/1822/1512
f 1835/1818/1508 1840/1813/1503 1837/1824/1514
f 1837/1824/1514 2331/1825/1515 1838/1823/1513
f 1837/1824/1514 1841/1826/1516 1839/1827/1517
f 1840/1813/1503 1842/1828/1518 1841/1826/1516
f 1842/1828/1518 1843/1829/1519 1841/1826/1516
f 1841/1826/1516 1844/1830/1520 1839/1827/1517
f 1846/1831/1521 1842/1828/1518 1847/1832/1522
f 1848/1833/1523 1847/1832/1522 1850/1834/1524
f 1852/1835/1525 1848/1833/1523 1850/1834/1524
f 1851/1836/1526 1852/1835/1525 1850/1834/1524
f 1821/1806/1496 1851/1836/1526 1850/1834/1524
f 1823/1807/1497 1850/1834/1524 1847/1832/1522
f 1852/1835/1525 1855/1837/1527 1854/1838/1528
f 1854/1838/1528 1849/1839/1529 1852/1835/1525
f 1854/1838/1528 1858/1840/1530 1857/1841/1531
f 1860/1842/1532 1854/1838/1528 1857/1841/1531
f 1857/1841/1531 1917/1843/1533 1859/1844/1534
f 1861/1845/1535 1857/1841/1531 1859/1844/1534
f 1863/1846/1536 1861/1845/1535 1859/1844/1534
f 1866/1847/1537 1862/1848/1538 1863/1846/1536
f 1865/1849/1539 1866/1847/1537 1867/1850/1540
f 1867/1850/1540 1868/1851/1541 1869/1852/1542
f 1866/1847/1537 1870/1853/1543 1868/1851/1541
f 1868/1851/1541 1873/1854/1544 1879/1855/1545
f 1870/1853/1543 1871/1856/1546 1868/1851/1541
f 1871/1856/1546 1875/1857/1547 1873/1854/1544
f 1873/1854/1544 1877/1858/1548 1876/1859/1549
f 1911/1860/1550 1873/1854/1544 1875/1857/1547
f 1876/1859/1549 1897/1861/1551 1878/1862/1552
f 1880/1863/1553 1876/1859/1549 1878/1862/1552
f 1869/1852/1542 1880/1863/1553 1882/1864/1554
f 1882/1864/1554 1881/1865/1555 1884/1866/1556
f 1880/1863/1553 1891/1867/1557 1881/1865/1555
f 1883/1868/1558 1869/1852/1542 1882/1864/1554
f 1883/1868/1558 1884/1866/1556 1885/1869/1559
f 1885/1869/1559 1886/1870/1560 1887/1871/1561
f 1884/1866/1556 1888/1872/1562 1886/1870/1560
f 1887/1871/1561 1591/1587/1277 1593/1589/1279
f 1886/1870/1560 1589/1586/1276 1591/1587/1277
f 1589/1586/1276 1889/1873/1563 1587/1584/1274
f 1888/1872/1562 1891/1867/1557 1889/1873/1563
f 1889/1873/1563 1585/1582/1272 1587/1584/1274
f 1891/1867/1557 1890/1874/1564 1889/1873/1563
f 1878/1862/1552 1892/1875/1565 1891/1867/1557
f 1890/1874/1564 1893/1876/1566 2315/1877/1567
f 1894/1878/1568 1893/1876/1566 1892/1875/1565
f 1897/1861/1551 1894/1878/1568 1878/1862/1552
f 1894/1878/1568 1898/1879/1569 1895/1880/1570
f 1898/1879/1569 1900/1881/1571 1895/1880/1570
f 1899/1882/1572 1902/1883/1573 1900/1881/1571
f 1902/1883/1573 1903/1884/1574 1904/1885/1575
f 1904/1885/1575 1905/1886/1576 1906/1887/1577
f 1905/1886/1576 1908/1888/1578 1906/1887/1577
f 1908/1888/1578 1909/1889/1579 1910/1890/1580
f 1909/1889/1579 1875/1857/1547 1910/1890/1580
f 1910/1890/1580 1931/1891/1581 1908/1888/1578
f 1913/1892/1582 1912/1893/1583 1910/1890/1580
f 1872/1894/1584 1910/1890/1580 1875/1857/1547
f 1915/1895/1585 1914/1896/1586 1913/1892/1582
f 1870/1853/1543 1913/1892/1582 1872/1894/1584
f 1859/1844/1534 1916/1897/1587 1915/1895/1585
f 1863/1846/1536 1915/1895/1585 1870/1853/1543
f 1917/1843/1533 1918/1898/1588 1916/1897/1587
f 1916/1897/1587 1921/1899/1589 1914/1896/1586
f 2241/1900/1590 1918/1898/1588 1919/1901/1591
f 1918/1898/1588 1923/1902/1592 1921/1899/1589
f 1914/1896/1586 1922/1903/1593 1912/1893/1583
f 1921/1899/1589 1925/1904/1594 1922/1903/1593
f 2238/1905/1595 1923/1902/1592 1920/1906/1596
f 1923/1902/1592 1926/1907/1597 1925/1904/1594
f 1926/1907/1597 1927/1908/1598 1925/1904/1594
f 1922/1903/1593 1927/1908/1598 1930/1909/1599
f 1927/1908/1598 2269/1910/1600 1929/1911/1601
f 1930/1909/1599 1929/1911/1601 1932/1912/1602
f 1922/1903/1593 1931/1891/1581 1912/1893/1583
f 1930/1909/1599 1933/1913/1603 1931/1891/1581
f 1932/1912/1602 1935/1914/1604 1933/1913/1603
f 1929/1911/1601 1934/1915/1605 1932/1912/1602
f 1934/1915/1605 2326/1916/1606 1935/1914/1604
f 1937/1917/1607 1936/1918/1608 1934/1915/1605
f 2269/1910/1600 1937/1917/1607 1929/1911/1601
f 1937/1917/1607 1940/1919/1609 1939/1920/1610
f 1939/1920/1610 1943/1921/1611 1941/1922/1612
f 1936/1918/1608 1941/1922/1612 1942/1923/1613
f 1963/1924/1614 1941/1922/1612 1944/1925/1615
f 1945/1926/1616 1944/1925/1615 1943/1921/1611
f 1947/1927/1617 1943/1921/1611 1940/1919/1609
f 2139/1928/1618 1949/1929/1619 1948/1930/1615
f 2220/1931/1620 1945/1926/1616 1947/1927/1617
f 1944/1925/1615 1949/1929/1619 1951/1932/1621
f 1950/1933/1622 1952/1934/1623 1949/1929/1619
f 1949/1929/1619 1955/1935/1624 1951/1932/1621
f 1952/1934/1623 2144/1936/1625 1954/1937/1626
f 1955/1935/1624 1954/1937/1626 1956/1938/1627
f 1957/1939/1628 1956/1938/1627 1958/1940/1629
f 1951/1932/1621 1957/1939/1628 1960/1941/1630
f 1959/1942/1631 1958/1940/1629 1972/1943/1632
f 1960/1941/1630 1959/1942/1631 1962/1944/1633
f 1961/1945/1634 1951/1932/1621 1960/1941/1630
f 1963/1924/1614 1960/1941/1630 1962/1944/1633
f 1965/1946/1635 1962/1944/1633 1964/1947/1636
f 1959/1942/1631 1969/1948/1637 1967/1949/1638
f 2293/1950/1639 1964/1947/1636 1966/1951/1640
f 1964/1947/1636 1968/1952/1641 1966/1951/1640
f 1968/1952/1641 1969/1948/1637 1970/1953/1642
f 1969/1948/1637 2279/1954/1643 1970/1953/1642
f 1969/1948/1637 1973/1955/1644 1971/1956/1645
f 1958/1940/1629 1973/1955/1644 1972/1943/1632
f 1971/1956/1645 1975/1957/1646 1976/1958/1647
f 1973/1955/1644 1978/1959/1648 1975/1957/1646
f 1976/1958/1647 1977/1960/1649 1673/1661/1351
f 1975/1957/1646 1980/1961/1650 1977/1960/1649
f 2217/1962/1651 1978/1959/1648 1974/1963/1652
f 1978/1959/1648 1981/1964/1653 1980/1961/1650
f 1981/1964/1653 1982/1965/1654 1980/1961/1650
f 1977/1960/1649 1982/1965/1654 1985/1966/1655
f 1982/1965/1654 2213/1967/1656 1984/1968/1657
f 1982/1965/1654 1986/1969/1658 1985/1966/1655
f 1977/1960/1649 1676/1664/1354 1673/1661/1351
f 1985/1966/1655 1678/1667/1357 1676/1664/1354
f 1986/1969/1658 1682/1671/1361 1678/1667/1357
f 1984/1968/1657 1987/1970/1659 1986/1969/1658
f 1987/1970/1659 2278/1703/1393 1682/1671/1361
f 1989/1971/1660 1988/1972/1661 1987/1970/1659
f 2213/1967/1656 1989/1971/1660 1984/1968/1657
f 1989/1971/1660 1992/1973/1662 1991/1974/1663
f 1991/1974/1663 1994/1975/1664 1993/1976/1665
f 1988/1972/1661 1993/1976/1665 1996/1977/1666
f 1994/1975/1664 2001/1978/1667 1995/1979/1668
f 1993/1976/1665 1997/1980/1669 1996/1977/1666
f 1988/1972/1661 1713/1702/1392 2278/1703/1393
f 1996/1977/1666 1715/1704/1394 1713/1702/1392
f 1715/1704/1394 1998/1981/1670 1717/1707/1397
f 1997/1980/1669 2000/1982/1671 1998/1981/1670
f 1998/1981/1670 2007/1983/1672 2399/1984/1673
f 2000/1982/1671 1999/1985/1674 1998/1981/1670
f 2001/1978/1667 2002/1986/1675 2000/1982/1671
f 2002/1986/1675 2005/1987/1676 2004/1988/1677
f 1999/1985/1674 2004/1988/1677 2007/1983/1672
f 2005/1987/1676 2006/1989/1678 2004/1988/1677
f 2004/1988/1677 2008/1990/1679 2007/1983/1672
f 1724/1708/1398 2008/1990/1679 2009/1991/1680
f 2009/1991/1680 2010/1992/1681 2011/1993/1682
f 2008/1990/1679 2013/1994/1683 2010/1992/1681
f 2011/1993/1682 2012/1995/1684 2277/1996/1685
f 2010/1992/1681 2015/1997/1686 2012/1995/1684
f 2203/1998/1687 2013/1994/1683 2006/1989/1678
f 2013/1994/1683 2016/1999/1688 2015/1997/1686
f 2015/1997/1686 2018/2000/1689 2017/2001/1690
f 2015/1997/1686 2020/2002/1691 2012/1995/1684
f 2018/2000/1689 2019/2003/1692 2017/2001/1690
f 2017/2001/1690 2022/2004/1693 2020/2002/1691
f 2012/1995/1684 2021/1737/1427 2277/1996/1685
f 2021/1737/1427 2022/2004/1693 1748/1735/1425
f 2022/2004/1693 1751/1739/1429 1748/1735/1425
f 2019/2003/1692 2023/2005/1694 2022/2004/1693
f 2023/2005/1694 2276/2006/1695 1751/1739/1429
f 2025/2007/1696 2024/2008/1697 2023/2005/1694
f 2198/2009/1698 2025/2007/1696 2019/2003/1692
f 2025/2007/1696 2028/2010/1699 2027/2011/1700
f 2027/2011/1700 2031/2012/1701 2029/2013/1702
f 2024/2008/1697 2029/2013/1702 2030/2014/1703
f 2048/2015/1704 2029/2013/1702 2033/2016/1705
f 2032/2017/1706 2033/2016/1705 2031/2012/1701
f 2194/2018/1707 2031/2012/1701 2028/2010/1699
f 2033/2016/1705 2037/2019/1708 2039/2020/1709
f 2188/2021/1710 2035/2022/1705 2032/2017/1706
f 2035/2022/1705 2038/2023/1711 2037/2019/1708
f 2038/2023/1711 2040/2024/1712 2037/2019/1708
f 2037/2019/1708 2043/2025/1713 2039/2020/1709
f 2040/2024/1712 2097/2026/1714 2042/2027/1715
f 2043/2025/1713 2042/2027/1715 2044/2028/1716
f 2045/2029/1717 2053/2030/1718 2049/2031/1719
f 2039/2020/1709 2045/2029/1717 2046/2032/1720
f 2048/2015/1704 2046/2032/1720 2047/2033/1721
f 1784/2034/1722 2047/2033/1721 1786/1771/1461
f 2047/2033/1721 1789/2035/1723 1786/1771/1461
f 1789/2035/1723 2050/2036/1724 2051/1776/1466
f 2051/1776/1466 2052/2037/1725 2274/2038/1726
f 2053/2030/1718 2052/2037/1725 2050/2036/1724
f 2044/2028/1716 2054/2039/1727 2053/2030/1718
f 2055/2040/1728 2056/2041/1729 2054/2039/1727
f 2052/2037/1725 2056/2041/1729 2059/2042/1730
f 2056/2041/1729 2093/2043/1731 2058/2044/1732
f 2059/2042/1730 2058/2044/1732 2061/2045/1733
f 2274/2038/1726 2059/2042/1730 2060/2046/1734
f 2060/2046/1734 2061/2045/1733 2062/2047/1735
f 2062/2047/1735 2063/2048/1736 1815/1801/1491
f 2058/2044/1732 2063/2048/1736 2061/2045/1733
f 1815/1801/1491 2064/2049/1737 1817/1800/1490
f 2065/2050/1738 2064/2049/1737 2063/2048/1736
f 2066/2051/1739 2067/2052/1740 2065/2050/1738
f 2093/2043/1731 2065/2050/1738 2058/2044/1732
f 2068/2053/1741 2069/2054/1742 2067/2052/1740
f 2067/2052/1740 2072/2055/1743 2064/2049/1737
f 2069/2054/1742 2081/2056/1744 2071/2057/1745
f 2069/2054/1742 2073/2058/1746 2072/2055/1743
f 2064/2049/1737 1820/2059/1747 1817/1800/1490
f 2072/2055/1743 2074/1805/1495 1820/2059/1747
f 2073/2058/1746 1851/1836/1526 2074/1805/1495
f 2073/2058/1746 2077/2060/1748 2075/2061/1749
f 2075/2061/1749 1853/2062/1750 1851/1836/1526
f 2246/2063/1751 2075/2061/1749 2078/2064/1752
f 2071/2057/1745 2078/2064/1752 2077/2060/1748
f 2080/2065/1753 2079/2066/1754 2078/2064/1752
f 2082/2067/1755 2078/2064/1752 2081/2056/1744
f 2070/2068/1756 2082/2067/1755 2081/2056/1744
f 2083/2069/1757 2080/2065/1753 2082/2067/1755
f 2084/2070/1758 2083/2069/1757 2082/2067/1755
f 2087/2071/1759 2084/2070/1758 2086/2072/1760
f 2086/2072/1760 2070/2068/1756 2068/2053/1741
f 2088/2073/1761 2087/2071/1759 2086/2072/1760
f 2088/2073/1761 2068/2053/1741 2066/2051/1739
f 2090/2074/1762 2089/2075/1763 2088/2073/1761
f 2090/2074/1762 2066/2051/1739 2093/2043/1731
f 2092/2076/1764 2091/2077/1765 2090/2074/1762
f 2057/2078/1766 2090/2074/1762 2093/2043/1731
f 2096/2079/1767 2092/2076/1764 2095/2080/1768
f 2095/2080/1768 2057/2078/1766 2055/2040/1728
f 2042/2027/1715 2096/2079/1767 2095/2080/1768
f 2044/2028/1716 2095/2080/1768 2055/2040/1728
f 2097/2026/1714 2098/2081/1769 2096/2079/1767
f 2098/2081/1769 2094/2082/1770 2096/2079/1767
f 2124/2083/1771 2098/2081/1769 2099/2084/1772
f 2100/2085/1773 2101/2086/1774 2098/2081/1769
f 2094/2082/1770 2102/2087/1775 2091/2077/1765
f 2101/2086/1774 2104/2088/1776 2102/2087/1775
f 2106/2089/1217 2103/2090/1777 2100/2085/1773
f 2102/2087/1775 2105/2091/1778 2266/2092/1779
f 2104/2088/1776 2106/2089/1217 2105/2091/1778
f 2106/2089/1217 2137/2093/1780 2135/2094/1781
f 2106/2089/1217 2143/2095/1782 2107/2096/1783
f 2108/2097/1784 2106/2089/1217 2109/2098/1785
f 2106/2089/1217 2273/2099/1786 2109/2098/1785
f 2110/2100/1787 2106/2089/1217 2111/2101/1788
f 2111/2101/1788 2106/2089/1217 2112/2102/1789
f 2106/2089/1217 2158/2103/1790 2112/2102/1789
f 2113/2104/1791 2106/2089/1217 2114/2105/1792
f 2106/2089/1217 2272/2106/1793 2114/2105/1792
f 2106/2089/1217 2169/2107/1794 2115/2108/1795
f 2116/2109/1796 2106/2089/1217 2117/2110/1797
f 2106/2089/1217 2176/2111/1798 2117/2110/1797
f 2118/2112/1799 2106/2089/1217 2119/2113/1800
f 2119/2113/1800 2106/2089/1217 2120/2114/1801
f 2106/2089/1217 2185/2115/1802 2120/2114/1801
f 2121/2116/1803 2106/2089/1217 2122/2117/1804
f 2106/2089/1217 2191/2118/1805 2122/2117/1804
f 2106/2089/1217 2193/2119/1806 2123/2120/1807
f 2124/2083/1771 2106/2089/1217 2100/2085/1773
f 2105/2091/1778 2106/2089/1217 2125/2121/1808
f 2106/2089/1217 2264/2122/1809 2125/2121/1808
f 2126/2123/1810 2106/2089/1217 2127/2124/1811
f 2106/2089/1217 2259/2125/1812 2127/2124/1811
f 2106/2089/1217 2271/2126/1813 2128/2127/1814
f 2129/2128/1815 2106/2089/1217 2130/2129/1816
f 2106/2089/1217 2268/2130/1817 2130/2129/1816
f 2131/2131/1818 2106/2089/1217 2132/2132/1819
f 2132/2132/1819 2106/2089/1217 2133/2133/1820
f 2106/2089/1217 2270/2134/1821 2133/2133/1820
f 2134/2135/1822 2106/2089/1217 2135/2094/1781
f 2218/2136/1823 2135/2094/1781 2136/2137/1824
f 2135/2094/1781 2138/2138/1825 2136/2137/1824
f 2138/2138/1825 2107/2096/1783 2140/2139/1826
f 2136/2137/1824 2139/1928/1618 1946/2140/1827
f 2139/1928/1618 2140/2139/1826 1950/1933/1622
f 2140/2139/1826 1953/2141/1828 1950/1933/1622
f 2107/2096/1783 2141/2142/1829 2140/2139/1826
f 1953/2141/1828 2142/2143/1830 2144/1936/1625
f 2141/2142/1829 2108/2097/1784 2142/2143/1830
f 2144/1936/1625 2145/2144/1831 2146/2145/1832
f 2108/2097/1784 2145/2144/1831 2142/2143/1830
f 2145/2144/1831 2148/2146/1833 2146/2145/1832
f 2273/2099/1786 2149/2147/1834 2147/2148/1835
f 2148/2146/1833 2149/2147/1834 2150/2149/1836
f 2149/2147/1834 2152/2150/1837 2150/2149/1836
f 2110/2100/1787 2151/2151/1838 2149/2147/1834
f 2152/2150/1837 2153/2152/1839 2154/2153/1840
f 2111/2101/1788 2153/2152/1839 2151/2151/1838
f 2153/2152/1839 2156/2154/1841 2154/2153/1840
f 2112/2102/1789 2155/2155/1842 2153/2152/1839
f 2156/2154/1841 2157/2156/1843 2159/2157/1844
f 2155/2155/1842 2113/2104/1791 2157/2156/1843
f 2157/2156/1843 2161/2158/1845 2159/2157/1844
f 2113/2104/1791 2160/2159/1846 2157/2156/1843
f 2160/2159/1846 2163/2160/1847 2161/2158/1845
f 2114/2105/1792 2115/2108/1795 2162/2161/1848
f 2163/2160/1847 2164/2162/1849 2165/2163/1850
f 2164/2162/1849 2167/2164/1851 2165/2163/1850
f 2115/2108/1795 2166/2165/1852 2164/2162/1849
f 2167/2164/1851 2168/2166/1853 2170/2167/1854
f 2166/2165/1852 2116/2109/1796 2168/2166/1853
f 2168/2166/1853 2172/2168/1855 2170/2167/1854
f 2116/2109/1796 2171/2169/1856 2168/2166/1853
f 2171/2169/1856 2174/2170/1857 2172/2168/1855
f 2117/2110/1797 2173/2171/1858 2171/2169/1856
f 2174/2170/1857 2175/2172/1859 2177/2173/1860
f 2173/2171/1858 2118/2112/1799 2175/2172/1859
f 2175/2172/1859 2179/2174/1861 2177/2173/1860
f 2118/2112/1799 2178/2175/1862 2175/2172/1859
f 2178/2175/1862 2181/2176/1863 2179/2174/1861
f 2119/2113/1800 2180/2177/1864 2178/2175/1862
f 2180/2177/1864 2183/2178/1865 2181/2176/1863
f 2120/2114/1801 2182/2179/1866 2180/2177/1864
f 2183/2178/1865 2184/2180/1867 2186/2181/1868
f 2182/2179/1866 2121/2116/1803 2184/2180/1867
f 2186/2181/1868 2187/2182/1869 2188/2021/1710
f 2121/2116/1803 2187/2182/1869 2184/2180/1867
f 2187/2182/1869 2036/2183/1870 2188/2021/1710
f 2122/2117/1804 2189/2184/1871 2187/2182/1869
f 2036/2183/1870 2190/2185/1872 2038/2023/1711
f 2189/2184/1871 2123/2120/1807 2190/2185/1872
f 2190/2185/1872 2041/2186/1873 2038/2023/1711
f 2123/2120/1807 2192/2187/1874 2190/2185/1872
f 2041/2186/1873 2099/2084/1772 2097/2026/1714
f 2192/2187/1874 2124/2083/1771 2099/2084/1772
f 2186/2181/1868 2032/2017/1706 2194/2018/1707
f 2195/2188/1875 2186/2181/1868 2194/2018/1707
f 2026/2189/1876 2194/2018/1707 2028/2010/1699
f 2181/2176/1863 2195/2188/1875 2196/2190/1877
f 2196/2190/1877 2026/2189/1876 2198/2009/1698
f 2179/2174/1861 2196/2190/1877 2197/2191/1878
f 2197/2191/1878 2198/2009/1698 2018/2000/1689
f 2177/2173/1860 2197/2191/1878 2199/2192/1879
f 2199/2192/1879 2018/2000/1689 2016/1999/1688
f 2200/2193/1880 2177/2173/1860 2199/2192/1879
f 2014/2194/1881 2199/2192/1879 2016/1999/1688
f 2172/2168/1855 2200/2193/1880 2201/2195/1882
f 2201/2195/1882 2014/2194/1881 2203/1998/1687
f 2202/2196/1883 2172/2168/1855 2201/2195/1882
f 2005/1987/1676 2201/2195/1882 2203/1998/1687
f 2204/2197/1884 2170/2167/1854 2202/2196/1883
f 2003/2198/1884 2202/2196/1883 2005/1987/1676
f 2165/2163/1850 2204/2197/1884 2205/2199/1885
f 2205/2199/1885 2003/2198/1884 2001/1978/1667
f 2206/2200/1886 2165/2163/1850 2205/2199/1885
f 2207/2201/1887 2205/2199/1885 2001/1978/1667
f 2161/2158/1845 2206/2200/1886 2208/2202/1888
f 2208/2202/1888 2207/2201/1887 1994/1975/1664
f 2159/2157/1844 2208/2202/1888 2209/2203/1889
f 2209/2203/1889 1994/1975/1664 1992/1973/1662
f 2210/2204/1890 2159/2157/1844 2209/2203/1889
f 1990/2205/1891 2209/2203/1889 1992/1973/1662
f 2154/2153/1840 2210/2204/1890 2211/2206/1892
f 2211/2206/1892 1990/2205/1891 2213/1967/1656
f 2152/2150/1837 2211/2206/1892 2212/2207/1893
f 1983/2208/1894 2211/2206/1892 2213/1967/1656
f 2150/2149/1836 2212/2207/1893 2214/2209/1895
f 1981/1964/1653 2212/2207/1893 1983/2208/1894
f 2215/2210/1896 2150/2149/1836 2214/2209/1895
f 1979/2211/1897 2214/2209/1895 1981/1964/1653
f 2146/2145/1832 2215/2210/1896 2216/2212/1898
f 2216/2212/1898 1979/2211/1897 2217/1962/1651
f 1954/1937/1626 2146/2145/1832 2216/2212/1898
f 1956/1938/1627 2216/2212/1898 2217/1962/1651
f 1958/1940/1629 2217/1962/1651 1974/1963/1652
f 2218/2136/1823 1946/2140/1827 2220/1931/1620
f 2219/2213/1899 2134/2135/1822 2218/2136/1823
f 2221/2214/1900 2218/2136/1823 2220/1931/1620
f 2222/2215/1901 2220/1931/1620 1947/1927/1617
f 2223/2216/1902 2222/2215/1901 2225/2217/1903
f 2226/2218/1904 2221/2214/1900 2223/2216/1902
f 2224/2219/1905 2226/2218/1904 2223/2216/1902
f 2224/2219/1905 2225/2217/1903 2234/2220/1906
f 2227/2221/1907 2133/2133/1820 2226/2218/1904
f 2133/2133/1820 2219/2213/1899 2226/2218/1904
f 2131/2131/1818 2227/2221/1907 2228/2222/1908
f 2230/2223/1909 2227/2221/1907 2224/2219/1905
f 2229/2224/1910 2131/2131/1818 2228/2222/1908
f 2231/2225/1911 2228/2222/1908 2230/2223/1909
f 2233/2226/1912 2230/2223/1909 2232/2227/1913
f 2230/2223/1909 2234/2220/1906 2232/2227/1913
f 1924/2228/1914 2232/2227/1913 1926/1907/1597
f 1926/1907/1597 2234/2220/1906 1928/2229/1915
f 1928/2229/1915 2225/2217/1903 2269/1910/1600
f 2236/2230/1916 2233/2226/1912 2235/2231/1917
f 2235/2231/1917 1924/2228/1914 2238/1905/1595
f 2237/2232/1918 2236/2230/1916 2235/2231/1917
f 2239/2233/1919 2235/2231/1917 2238/1905/1595
f 2239/2233/1919 1920/1906/1596 2241/1900/1590
f 2240/2234/1920 2237/2232/1918 2239/2233/1919
f 2242/2235/1921 2239/2233/1919 2241/1900/1590
f 2243/2236/1922 2241/1900/1590 1919/1901/1591
f 2245/2237/1923 2242/2235/1921 2244/2238/1924
f 2244/2238/1924 2243/2236/1922 2247/2239/1925
f 2246/2063/1751 2245/2237/1923 2244/2238/1924
f 2076/2240/1926 2244/2238/1924 2247/2239/1925
f 1853/2062/1750 2247/2239/1925 1855/1837/1527
f 2247/2239/1925 1858/1840/1530 1855/1837/1527
f 2248/2241/1927 2240/2234/1920 2245/2237/1923
f 2079/2066/1754 2248/2241/1927 2245/2237/1923
f 2249/2242/1928 2251/2243/1920 2248/2241/1927
f 2250/2244/1754 2249/2242/1928 2248/2241/1927
f 2251/2243/1920 2253/2245/1929 2237/2232/1918
f 2252/2246/1930 2255/2247/1931 2253/2245/1929
f 2256/2248/1932 2252/2246/1930 2249/2242/1928
f 2128/2127/1814 2129/2128/1815 2254/2249/1933
f 2257/2250/1934 2128/2127/1814 2256/2248/1932
f 2258/2251/1935 2256/2248/1932 2249/2242/1928
f 2260/2252/1936 2258/2251/1935 2262/2253/1937
f 2127/2124/1811 2257/2250/1934 2260/2252/1936
f 2261/2254/1938 2127/2124/1811 2260/2252/1936
f 2083/2069/1757 2260/2252/1936 2262/2253/1937
f 2262/2253/1937 2250/2244/1754 2080/2065/1753
f 2263/2255/1939 2126/2123/1810 2261/2254/1938
f 2085/2256/1940 2261/2254/1938 2083/2069/1757
f 2265/2257/1941 2085/2256/1940 2087/2071/1759
f 2125/2121/1808 2263/2255/1939 2265/2257/1941
f 2266/2092/1779 2125/2121/1808 2265/2257/1941
f 2266/2092/1779 2087/2071/1759 2089/2075/1763
f 2091/2077/1765 2266/2092/1779 2089/2075/1763
f 2255/2247/1931 2236/2230/1916 2253/2245/1929
f 2255/2247/1931 2130/2129/1816 2267/2258/1942
f 2267/2258/1942 2231/2225/1911 2236/2230/1916
f 2130/2129/1816 2229/2224/1910 2267/2258/1942
f 1858/1840/1530 1919/1901/1591 1917/1843/1533
f 2225/2217/1903 1938/2259/1943 2269/1910/1600
f 1938/2259/1943 1947/1927/1617 1940/1919/1609
f 1806/1792/1482 2062/2047/1735 1808/1794/1484
f 2275/2260/1944 2060/2046/1734 1806/1792/1482
f 2051/1776/1466 2275/2260/1944 1790/1777/1467
f 1790/1777/1467 1801/1786/1476 1794/1779/1469
f 2030/2014/1703 1784/2034/1722 1782/1770/1460
f 2024/2008/1697 1782/1770/1460 2276/2006/1695
f 2277/1996/1685 1744/1731/1421 1739/1728/1418
f 1737/2261/1945 2277/1996/1685 1739/1728/1418
f 2009/1991/1680 1737/2261/1945 1725/1714/1404
f 2279/1954/1643 1976/1958/1647 1674/1662/1352
f 1970/1953/1642 2280/2262/1946 2281/2263/1947
f 2279/1954/1643 2283/1663/1353 2280/2262/1946
f 2281/2263/1947 2282/1651/1341 2284/2264/1948
f 2280/2262/1946 1662/2265/1949 2282/1651/1341
f 1662/2265/1949 1669/1657/1347 1664/1653/1343
f 2284/2264/1948 1658/1648/1338 2285/2266/1950
f 2287/2267/1951 2284/2264/1948 2285/2266/1950
f 2284/2264/1948 2288/2268/1952 2281/2263/1947
f 2281/2263/1947 2289/2269/1953 1970/1953/1642
f 2289/2269/1953 1968/1952/1641 1970/1953/1642
f 2290/2270/1954 1966/1951/1640 1968/1952/1641
f 1966/1951/1640 2292/2271/1955 2293/1950/1639
f 2293/1950/1639 2294/2272/1956 2295/2273/1957
f 2294/2272/1956 2297/2274/1958 2295/2273/1957
f 2296/2275/1959 2299/2276/1960 2297/2274/1958
f 2299/2276/1960 2300/2277/1961 2301/2278/1962
f 2301/2278/1962 2302/2279/1963 2303/2280/1964
f 2302/2279/1963 2305/2281/1965 2303/2280/1964
f 2305/2281/1965 2306/2282/1966 1657/1647/1337
f 2306/2282/1966 2285/2266/1950 1657/1647/1337
f 2303/2280/1964 2307/2283/1967 2309/2284/1968
f 2307/2283/1967 1657/1647/1337 1655/1643/1333
f 2311/2285/1969 2307/2283/1967 2308/2286/1970
f 2307/2283/1967 1570/1570/1260 2308/2286/1970
f 2317/2287/1971 2309/2284/1968 2310/2288/1972
f 2312/2289/1973 2309/2284/1968 2311/2285/1969
f 1579/1577/1267 2311/2285/1969 1577/1575/1265
f 2311/2285/1969 1572/1569/1259 1577/1575/1265
f 2313/2290/1974 1579/1577/1267 1581/1579/1269
f 2313/2290/1974 2310/2288/1972 2312/2289/1973
f 1893/1876/1566 2313/2290/1974 2315/1877/1567
f 1890/1874/1564 1583/1580/1270 1585/1582/1272
f 2316/2291/1975 2310/2288/1972 2314/2292/1976
f 1895/1880/1570 2314/2292/1976 1893/1876/1566
f 2316/2291/1975 2320/2293/1977 2317/2287/1971
f 1900/1881/1571 2316/2291/1975 1895/1880/1570
f 1902/1883/1573 2318/2294/1978 1900/1881/1571
f 2318/2294/1978 2321/2295/1979 2320/2293/1977
f 2320/2293/1977 2299/2276/1960 2301/2278/1962
f 2320/2293/1977 2303/2280/1964 2317/2287/1971
f 2321/2295/1979 2297/2274/1958 2299/2276/1960
f 2319/2296/1980 2322/2297/1981 2321/2295/1979
f 2324/2298/1982 2323/2299/1983 2322/2297/1981
f 2322/2297/1981 2295/2273/1957 2297/2274/1958
f 1906/1887/1577 2324/2298/1982 1904/1885/1575
f 1904/1885/1575 2319/2296/1980 1902/1883/1573
f 1933/1913/1603 2325/2300/1984 1906/1887/1577
f 1935/1914/1604 2323/2299/1983 2325/2300/1984
f 2323/2299/1983 2327/2301/1985 2295/2273/1957
f 1936/1918/1608 2327/2301/1985 2326/1916/1606
f 2327/2301/1985 2293/1950/1639 2295/2273/1957
f 1942/1923/1613 1965/1946/1635 2327/2301/1985
f 1908/1888/1578 1933/1913/1603 1906/1887/1577
f 2328/2302/1986 1885/1869/1559 1887/1871/1561
f 1595/1591/1281 1887/1871/1561 1593/1589/1279
f 2331/1825/1515 2328/2302/1986 2329/2303/1987
f 2329/2303/1987 1595/1591/1281 1597/1593/1283
f 1839/1827/1517 2330/2304/1988 2331/1825/1515
f 2332/2305/1989 1885/1869/1559 2330/2304/1988
f 1844/1830/1520 2332/2305/1989 1839/1827/1517
f 2332/2305/1989 2334/2306/1990 1883/1868/1558
f 2334/2306/1990 1867/1850/1540 1883/1868/1558
f 2335/2307/1991 2331/1825/1515 2329/2303/1987
f 2335/2307/1991 1597/1593/1283 1599/1595/1285
f 2336/2308/1992 1838/1823/1513 2335/2307/1991
f 1601/1597/1287 2335/2307/1991 1599/1595/1285
f 2337/2309/1993 1601/1597/1287 1603/1598/1288
f 1833/1820/1510 2336/2308/1992 2337/2309/1993
f 2338/2310/1994 1833/1820/1510 2337/2309/1993
f 2338/2310/1994 1603/1598/1288 1605/1600/1290
f 2341/2311/1995 2338/2310/1994 2339/2312/1996
f 1607/1601/1291 2338/2310/1994 1605/1600/1290
f 2343/2313/1997 2340/1821/1511 2341/2311/1995
f 2344/2314/1998 2341/2311/1995 2342/2315/1999
f 2355/2316/2000 2341/2311/1995 2339/2312/1996
f 2344/2314/1998 2346/1790/1480 2343/2313/1997
f 2345/2317/2001 1832/1819/1509 2343/2313/1997
f 2346/1790/1480 2345/2317/2001 2343/2313/1997
f 1804/1789/1479 2347/2318/2002 2346/1790/1480
f 2349/2319/2003 2342/2315/1999 2351/2320/2004
f 1800/1785/1475 2344/2314/1998 2349/2319/2003
f 2350/2321/2005 1800/1785/1475 2349/2319/2003
f 2350/2321/2005 2351/2320/2004 2352/2322/2006
f 2354/2323/2007 2351/2320/2004 2353/2324/2008
f 2351/2320/2004 2355/2316/2000 2353/2324/2008
f 2354/2323/2007 1611/1604/1294 1613/1606/1296
f 2353/2324/2008 1609/1603/1293 1611/1604/1294
f 1609/1603/1293 2339/2312/1996 1607/1601/1291
f 1615/1608/1298 2354/2323/2007 1613/1606/1296
f 2356/2325/2009 2352/2322/2006 2354/2323/2007
f 2359/1760/1450 2356/2325/2009 2357/2326/2010
f 2357/2326/2010 1615/1608/1298 1617/1610/1300
f 1770/1759/1449 2358/2327/2011 2359/1760/1450
f 2358/2327/2011 2350/2321/2005 2352/2322/2006
f 1775/1764/1454 2360/2328/2012 1770/1759/1449
f 2360/2328/2012 2362/2329/2013 2350/2321/2005
f 2362/2329/2013 1798/1783/1473 2350/2321/2005
f 1769/1758/1448 2357/2326/2010 2363/2330/2014
f 1619/1612/1302 2357/2326/2010 1617/1610/1300
f 2364/2331/2015 1769/1758/1448 2363/2330/2014
f 1621/1614/1304 2363/2330/2014 1619/1612/1302
f 2365/2332/2016 1621/1614/1304 1623/1615/1305
f 1764/1755/1445 2364/2331/2015 2365/2332/2016
f 2366/2333/2017 1764/1755/1445 2365/2332/2016
f 2366/2333/2017 1623/1615/1305 1625/1617/1307
f 2367/2334/2018 2368/1754/1444 2366/2333/2017
f 2367/2334/2018 1625/1617/1307 1627/1618/1308
f 2369/2335/2019 1763/1753/1443 2368/1754/1444
f 2370/2336/2020 2371/2337/2021 2369/2335/2019
f 2383/2338/2022 2369/2335/2019 2367/2334/2018
f 2372/2339/2023 2374/1725/1415 2371/2337/2021
f 2373/2340/2024 1763/1753/1443 2371/2337/2021
f 2374/1725/1415 2373/2340/2024 2371/2337/2021
f 1735/1724/1414 2375/2341/2025 2374/1725/1415
f 2379/2342/2026 2372/2339/2023 2370/2336/2020
f 1732/1721/1411 2372/2339/2023 2377/2343/2027
f 2380/2344/2028 2377/2343/2027 2379/2342/2026
f 2382/2345/2029 2379/2342/2026 2381/2346/2030
f 2379/2342/2026 2383/2338/2022 2381/2346/2030
f 2382/2345/2029 1631/1621/1311 1633/1623/1313
f 2381/2346/2030 1629/1620/1310 1631/1621/1311
f 1629/1620/1310 2367/2334/2018 1627/1618/1308
f 2384/2347/2031 2380/2344/2028 2382/2345/2029
f 2384/2347/2031 1633/1623/1313 1635/1625/1315
f 2387/1692/1382 2384/2347/2031 2385/2348/2032
f 2385/2348/2032 1635/1625/1315 1637/1626/1316
f 2387/1692/1382 2388/2349/2033 2386/2350/2034
f 2386/2350/2034 2378/2351/2035 2380/2344/2028
f 1706/1696/1386 2388/2349/2033 1701/1691/1381
f 2388/2349/2033 2390/2352/2036 2378/2351/2035
f 2390/2352/2036 1730/1720/1410 2378/2351/2035
f 1700/1690/1380 2385/2348/2032 2392/2353/2037
f 1639/1628/1318 2385/2348/2032 1637/1626/1316
f 2394/2354/2038 2392/2353/2037 1641/1630/1320
f 2393/2355/2039 1700/1690/1380 2392/2353/2037
f 1695/1687/1377 2393/2355/2039 2394/2354/2038
f 2396/1686/1376 2394/2354/2038 2395/2356/2040
f 2395/2356/2040 1643/1631/1321 1645/1633/1323
f 1651/1639/1329 2396/1686/1376 2395/2356/2040
f 1651/1639/1329 1645/1633/1323 1647/1635/1325
f 2397/1641/1331 1694/1685/1375 2396/1686/1376
f 1826/1809/1499 1847/1832/1522 1842/1828/1518
f 1754/1741/1431 1773/1762/1452 1757/1743/1433
f 1685/1673/1363 1704/1694/1384 1688/1675/1365
f 1666/1655/1345 1694/1685/1375 1660/1649/1339
f 1509/1506/1230 1505/1505/1229 1508/1509/1233
f 1508/1509/1233 1519/1519/1243 1517/1510/1234
f 1517/1510/1234 1515/1516/1240 1513/1511/1235
f 1513/1511/1235 1511/1513/1237 1509/1506/1230
f 1509/1506/1230 1508/1509/1233 1517/1510/1234
f 1520/1520/1244 1507/1508/1232 1506/1507/1231
f 1506/1507/1231 1510/1512/1236 1512/1514/1238
f 1512/1514/1238 1514/1515/1239 1516/1517/1241
f 1516/1517/1241 1518/1518/1242 1520/1520/1244
f 1520/1520/1244 1506/1507/1231 1512/1514/1238
f 1525/1522/1245 1521/1521/1229 1524/1525/1233
f 1524/1525/1233 1535/1535/1243 1533/1526/1234
f 1533/1526/1234 1531/1532/1240 1529/1527/1247
f 1529/1527/1247 1527/1529/1237 1525/1522/1245
f 1525/1522/1245 1524/1525/1233 1533/1526/1234
f 1536/1536/1252 1523/1524/1246 1522/1523/1231
f 1522/1523/1231 1526/1528/1248 1528/1530/1249
f 1528/1530/1249 1530/1531/1239 1532/1533/1250
f 1532/1533/1250 1534/1534/1251 1536/1536/1252
f 1536/1536/1252 1522/1523/1231 1528/1530/1249
f 1541/1538/1230 1537/1537/1229 1540/1541/1233
f 1540/1541/1233 1551/1551/1256 1549/1542/1234
f 1549/1542/1234 1547/1548/1240 1545/1543/1235
f 1545/1543/1235 1543/1545/1237 1541/1538/1230
f 1541/1538/1230 1540/1541/1233 1549/1542/1234
f 1552/1552/1244 1539/1540/1253 1538/1539/1231
f 1538/1539/1231 1542/1544/1254 1544/1546/1238
f 1544/1546/1238 1546/1547/1255 1548/1549/1250
f 1548/1549/1250 1550/1550/1242 1552/1552/1244
f 1552/1552/1244 1538/1539/1231 1544/1546/1238
f 1557/1554/1230 1553/1553/1229 1556/1557/1233
f 1556/1557/1233 1567/1567/1243 1565/1558/1234
f 1565/1558/1234 1563/1564/1240 1561/1559/1247
f 1561/1559/1247 1559/1561/1258 1557/1554/1230
f 1557/1554/1230 1556/1557/1233 1565/1558/1234
f 1568/1568/1244 1555/1556/1257 1554/1555/1231
f 1554/1555/1231 1558/1560/1236 1560/1562/1238
f 1560/1562/1238 1562/1563/1255 1564/1565/1250
f 1564/1565/1250 1566/1566/1242 1568/1568/1244
f 1568/1568/1244 1554/1555/1231 1560/1562/1238
f 1572/1569/1259 2308/2286/1970 1570/1570/1260
f 1570/1570/1260 1653/1638/1328 1571/1572/1262
f 1571/1572/1262 1574/2357/2041 1573/1573/1263
f 1569/1571/1261 1573/1573/1263 1575/1574/1264
f 1575/1574/1264 1576/2358/2042 1577/1575/1265
f 1577/1575/1265 1576/2358/2042 1578/1576/1266
f 1579/1577/1267 1578/1576/1266 1580/1578/1268
f 1580/1578/1268 1582/2359/2043 1583/1580/1270
f 1583/1580/1270 1582/2359/2043 1584/1581/1271
f 1585/1582/1272 1584/1581/1271 1586/1583/1273
f 1587/1584/1274 1586/1583/1273 1588/1585/1275
f 1588/1585/1275 1590/1588/1278 1591/1587/1277
f 1590/1588/1278 1592/1590/1280 1593/1589/1279
f 1592/1590/1280 1594/1592/1282 1595/1591/1281
f 1594/1592/1282 1596/2360/2044 1597/1593/1283
f 1597/1593/1283 1596/2360/2044 1598/1594/1284
f 1599/1595/1285 1598/1594/1284 1600/1596/1286
f 1600/1596/1286 1602/2361/2045 1603/1598/1288
f 1603/1598/1288 1602/2361/2045 1604/1599/1289
f 1604/1599/1289 1606/2362/2046 1607/1601/1291
f 1607/1601/1291 1606/2362/2046 1608/1602/1292
f 1608/1602/1292 1610/1605/1295 1611/1604/1294
f 1610/1605/1295 1612/1607/1297 1613/1606/1296
f 1612/1607/1297 1614/1609/1299 1615/1608/1298
f 1614/1609/1299 1616/1611/1301 1617/1610/1300
f 1616/1611/1301 1618/2363/2047 1619/1612/1302
f 1619/1612/1302 1618/2363/2047 1620/1613/1303
f 1620/1613/1303 1622/2364/2048 1623/1615/1305
f 1623/1615/1305 1622/2364/2048 1624/1616/1306
f 1624/1616/1306 1626/2365/2049 1627/1618/1308
f 1627/1618/1308 1626/2365/2049 1628/1619/1309
f 1628/1619/1309 1630/2366/2050 1631/1621/1311
f 1631/1621/1311 1630/2366/2050 1632/1622/1312
f 1633/1623/1313 1632/1622/1312 1634/1624/1314
f 1634/1624/1314 1636/2367/2051 1637/1626/1316
f 1637/1626/1316 1636/2367/2051 1638/1627/1317
f 1639/1628/1318 1638/1627/1317 1640/1629/1319
f 1640/1629/1319 1642/1632/1322 1643/1631/1321
f 1642/1632/1322 1644/1634/1324 1645/1633/1323
f 1644/1634/1324 1646/2368/2052 1647/1635/1325
f 1647/1635/1325 1646/2368/2052 1648/1636/1326
f 1648/1636/1326 1574/2357/2041 1571/1572/1262
f 1653/1638/1328 1650/1640/1330 1649/1637/1327
f 1649/1637/1327 1650/1640/1330 1651/1639/1329
f 1650/1640/1330 1652/1646/1336 2397/1641/1331
f 1654/1642/1332 1652/1646/1336 1650/1640/1330
f 1655/1643/1333 1654/1642/1332 1653/1638/1328
f 1655/1643/1333 1657/1647/1337 1656/1644/1334
f 1654/1642/1332 1656/1644/1334 1659/1645/1335
f 1657/1647/1337 2285/2266/1950 1658/1648/1338
f 1658/1648/1338 1661/1652/1342 1659/1645/1335
f 1652/1646/1336 1659/1645/1335 1660/1649/1339
f 1659/1645/1335 1661/1652/1342 1663/1650/1340
f 2282/1651/1341 1662/2265/1949 1661/1652/1342
f 1661/1652/1342 1662/2265/1949 1664/1653/1343
f 1664/1653/1343 1667/2369/2053 1665/1654/1344
f 1663/1650/1340 1665/1654/1344 1666/1655/1345
f 1668/1656/1346 1667/2369/2053 1664/1653/1343
f 1670/1658/1348 1668/1656/1346 1669/1657/1347
f 1675/1660/1350 1671/2370/2054 1670/1658/1348
f 1673/1661/1351 1676/1664/1354 1675/1660/1350
f 1674/1662/1352 1976/1958/1647 1673/1661/1351
f 2283/1663/1353 1674/1662/1352 1672/1659/1349
f 1676/1664/1354 1678/1667/1357 1677/1665/1355
f 1679/1666/1356 1671/2370/2054 1675/1660/1350
f 1678/1667/1357 1682/1671/1361 1681/1668/1358
f 1680/1669/1359 2401/1680/1370 1679/1666/1356
f 1677/1665/1355 1681/1668/1358 1684/1670/1360
f 1682/1671/1361 2278/1703/1393 1683/1672/1362
f 1681/1668/1358 1683/1672/1362 1685/1673/1363
f 1686/1674/1364 1684/1670/1360 1685/1673/1363
f 1680/1669/1359 1684/1670/1360 1686/1674/1364
f 1689/1676/1366 1686/1674/1364 1687/1677/1367
f 1686/1674/1364 1688/1675/1365 1702/1679/1369
f 1689/1676/1366 1690/2371/2055 2401/1680/1370
f 1692/1681/1371 1690/2371/2055 1689/1676/1366
f 1696/1682/1372 1692/1681/1371 1691/1678/1368
f 1691/1678/1368 1687/1677/1367 1697/1684/1374
f 1694/1685/1375 2400/2372/2056 1696/1682/1372
f 2396/1686/1376 1694/1685/1375 1693/1683/1373
f 1695/1687/1377 1693/1683/1373 1697/1684/1374
f 1698/1688/1378 1697/1684/1374 1699/1689/1379
f 1697/1684/1374 1687/1677/1367 1702/1679/1369
f 1700/1690/1380 1699/1689/1379 1701/1691/1381
f 1702/1679/1369 1703/1693/1383 1701/1691/1381
f 1688/1675/1365 1704/1694/1384 1703/1693/1383
f 1704/1694/1384 1707/2373/2057 1705/1695/1385
f 1703/1693/1383 1705/1695/1385 1706/1696/1386
f 1708/1697/1387 1707/2373/2057 1704/1694/1384
f 1710/1699/1389 1708/1697/1387 1709/1698/1388
f 1714/1701/1391 1711/1706/1396 1710/1699/1389
f 1713/1702/1392 1715/1704/1394 1714/1701/1391
f 2278/1703/1393 1713/1702/1392 1712/1700/1390
f 1683/1672/1362 1712/1700/1390 1709/1698/1388
f 1715/1704/1394 1717/1707/1397 1716/1705/1395
f 1716/1705/1395 1719/2374/2058 1711/1706/1396
f 1718/1709/1399 1716/1705/1395 1717/1707/1397
f 1717/1707/1397 2399/1984/1673 1724/1708/1398
f 1724/1708/1398 1723/1712/1402 1718/1709/1399
f 1720/1710/1400 1719/2374/2058 1716/1705/1395
f 1721/1711/1401 1720/1710/1400 1718/1709/1399
f 1726/1713/1403 1722/1718/1408 1721/1711/1401
f 1724/1708/1398 2009/1991/1680 1725/1714/1404
f 1723/1712/1402 1725/1714/1404 1727/1715/1405
f 1726/1713/1403 1727/1715/1405 1731/1716/1406
f 1728/1717/1407 1729/2375/2059 1722/1718/1408
f 2391/1719/1409 1729/2375/2059 1728/1717/1407
f 2377/2343/2027 2378/2351/2035 1730/1720/1410
f 1730/1720/1410 1728/1717/1407 1731/1716/1406
f 1732/1721/1411 2377/2343/2027 1730/1720/1410
f 1727/1715/1405 1736/1727/1417 1733/1722/1412
f 1731/1716/1406 1733/1722/1412 1734/1723/1413
f 1734/1723/1413 1733/1722/1412 1735/1724/1414
f 1733/1722/1412 1736/1727/1417 1738/1726/1416
f 1725/1714/1404 1737/2261/1945 1736/1727/1417
f 1736/1727/1417 1737/2261/1945 1739/1728/1418
f 1742/1729/1419 1740/1730/1420 1738/1726/1416
f 1740/1730/1420 1741/2376/2060 1735/1724/1414
f 1744/1731/1421 1743/2377/2061 1742/1729/1419
f 1745/1732/1422 1743/2377/2061 1744/1731/1421
f 1749/1734/1424 1746/1748/1438 1745/1732/1422
f 1748/1735/1425 1751/1739/1429 1750/1736/1426
f 2021/1737/1427 1748/1735/1425 1747/1733/1423
f 1747/1733/1423 1750/1736/1426 1753/1738/1428
f 1751/1739/1429 2276/2006/1695 1752/1740/1430
f 1750/1736/1426 1752/1740/1430 1754/1741/1431
f 1755/1742/1432 1753/1738/1428 1754/1741/1431
f 1749/1734/1424 1753/1738/1428 1755/1742/1432
f 1758/1744/1434 1755/1742/1432 1756/1745/1435
f 1755/1742/1432 1757/1743/1433 1771/1747/1437
f 1758/1744/1434 1759/2378/2062 1746/1748/1438
f 1761/1749/1439 1759/2378/2062 1758/1744/1434
f 1765/1750/1440 1761/1749/1439 1760/1746/1436
f 1760/1746/1436 1756/1745/1435 1766/1752/1442
f 1763/1753/1443 2376/2379/2063 1765/1750/1440
f 2368/1754/1444 1763/1753/1443 1762/1751/1441
f 1764/1755/1445 1762/1751/1441 1766/1752/1442
f 1767/1756/1446 1766/1752/1442 1768/1757/1447
f 1766/1752/1442 1756/1745/1435 1771/1747/1437
f 1769/1758/1448 1768/1757/1447 1770/1759/1449
f 1771/1747/1437 1772/1761/1451 1770/1759/1449
f 1757/1743/1433 1773/1762/1452 1772/1761/1451
f 1773/1762/1452 1776/2380/2064 1774/1763/1453
f 1772/1761/1451 1774/1763/1453 1775/1764/1454
f 1777/1765/1455 1776/2380/2064 1773/1762/1452
f 1779/1767/1457 1777/1765/1455 1778/1766/1456
f 1783/1769/1459 1780/1773/1463 1779/1767/1457
f 1782/1770/1460 1784/2034/1722 1783/1769/1459
f 1752/1740/1430 2276/2006/1695 1782/1770/1460
f 1754/1741/1431 1752/1740/1430 1781/1768/1458
f 1783/1769/1459 1784/2034/1722 1786/1771/1461
f 1785/1772/1462 1787/2381/2065 1780/1773/1463
f 1786/1771/1461 1789/2035/1723 1788/1774/1464
f 1791/1775/1465 1787/2381/2065 1785/1772/1462
f 1788/1774/1464 1789/2035/1723 2051/1776/1466
f 1792/1778/1468 1791/1775/1465 1788/1774/1464
f 1794/1779/1469 1793/1781/1471 1792/1778/1468
f 1797/1780/1470 1795/2382/2066 1793/1781/1471
f 1796/1782/1472 1795/2382/2066 1797/1780/1470
f 1798/1783/1473 1797/1780/1470 1799/1784/1474
f 1797/1780/1470 1794/1779/1469 1801/1786/1476
f 1799/1784/1474 1802/1788/1478 1803/1787/1477
f 1801/1786/1476 1805/1793/1483 1802/1788/1478
f 1803/1787/1477 1802/1788/1478 1804/1789/1479
f 1802/1788/1478 1805/1793/1483 1807/1791/1481
f 1801/1786/1476 2275/2260/1944 1806/1792/1482
f 1805/1793/1483 1806/1792/1482 1808/1794/1484
f 1811/1795/1485 1809/1796/1486 1807/1791/1481
f 1809/1796/1486 1810/2383/2067 1804/1789/1479
f 1814/1797/1487 1812/2384/2068 1811/1795/1485
f 1813/1798/1488 1812/2384/2068 1814/1797/1487
f 1814/1797/1487 1815/1801/1491 1817/1800/1490
f 1808/1794/1484 2062/2047/1735 1815/1801/1491
f 1817/1800/1490 1820/2059/1747 1819/1802/1492
f 1818/1803/1493 2398/1814/1504 1813/1798/1488
f 1816/1799/1489 1819/1802/1492 1822/1804/1494
f 1819/1802/1492 1820/2059/1747 2074/1805/1495
f 1822/1804/1494 1819/1802/1492 1821/1806/1496
f 1824/1808/1498 1822/1804/1494 1823/1807/1497
f 1818/1803/1493 1822/1804/1494 1824/1808/1498
f 1827/1810/1500 1824/1808/1498 1825/1811/1501
f 1825/1811/1501 1824/1808/1498 1826/1809/1499
f 1827/1810/1500 1828/2385/2069 2398/1814/1504
f 1830/1815/1505 1828/2385/2069 1827/1810/1500
f 1834/1816/1506 1830/1815/1505 1829/1812/1502
f 1829/1812/1502 1825/1811/1501 1835/1818/1508
f 1832/1819/1509 2348/2386/2070 1834/1816/1506
f 1832/1819/1509 1831/1817/1507 1833/1820/1510
f 1831/1817/1507 1835/1818/1508 1836/1822/1512
f 1835/1818/1508 1837/1824/1514 1838/1823/1513
f 1835/1818/1508 1825/1811/1501 1840/1813/1503
f 1837/1824/1514 1839/1827/1517 2331/1825/1515
f 1837/1824/1514 1840/1813/1503 1841/1826/1516
f 1840/1813/1503 1826/1809/1499 1842/1828/1518
f 1842/1828/1518 1845/2387/2071 1843/1829/1519
f 1841/1826/1516 1843/1829/1519 1844/1830/1520
f 1846/1831/1521 1845/2387/2071 1842/1828/1518
f 1848/1833/1523 1846/1831/1521 1847/1832/1522
f 1852/1835/1525 1849/1839/1529 1848/1833/1523
f 1851/1836/1526 1853/2062/1750 1852/1835/1525
f 1821/1806/1496 2074/1805/1495 1851/1836/1526
f 1823/1807/1497 1821/1806/1496 1850/1834/1524
f 1852/1835/1525 1853/2062/1750 1855/1837/1527
f 1854/1838/1528 1856/2388/2072 1849/1839/1529
f 1854/1838/1528 1855/1837/1527 1858/1840/1530
f 1860/1842/1532 1856/2388/2072 1854/1838/1528
f 1857/1841/1531 1858/1840/1530 1917/1843/1533
f 1861/1845/1535 1860/1842/1532 1857/1841/1531
f 1863/1846/1536 1862/1848/1538 1861/1845/1535
f 1866/1847/1537 1864/2389/2073 1862/1848/1538
f 1865/1849/1539 1864/2389/2073 1866/1847/1537
f 1867/1850/1540 1866/1847/1537 1868/1851/1541
f 1866/1847/1537 1863/1846/1536 1870/1853/1543
f 1879/1855/1545 1869/1852/1542 1868/1851/1541
f 1868/1851/1541 1871/1856/1546 1873/1854/1544
f 1873/1854/1544 1876/1859/1549 1879/1855/1545
f 1870/1853/1543 1872/1894/1584 1871/1856/1546
f 1871/1856/1546 1872/1894/1584 1875/1857/1547
f 1873/1854/1544 1874/2390/2074 1877/1858/1548
f 1911/1860/1550 1874/2390/2074 1873/1854/1544
f 1876/1859/1549 1877/1858/1548 1897/1861/1551
f 1880/1863/1553 1879/1855/1545 1876/1859/1549
f 1869/1852/1542 1879/1855/1545 1880/1863/1553
f 1882/1864/1554 1880/1863/1553 1881/1865/1555
f 1880/1863/1553 1878/1862/1552 1891/1867/1557
f 1883/1868/1558 1867/1850/1540 1869/1852/1542
f 1883/1868/1558 1882/1864/1554 1884/1866/1556
f 1885/1869/1559 1884/1866/1556 1886/1870/1560
f 1884/1866/1556 1881/1865/1555 1888/1872/1562
f 1887/1871/1561 1886/1870/1560 1591/1587/1277
f 1886/1870/1560 1888/1872/1562 1589/1586/1276
f 1589/1586/1276 1888/1872/1562 1889/1873/1563
f 1888/1872/1562 1881/1865/1555 1891/1867/1557
f 1889/1873/1563 1890/1874/1564 1585/1582/1272
f 1891/1867/1557 1892/1875/1565 1890/1874/1564
f 1878/1862/1552 1894/1878/1568 1892/1875/1565
f 1890/1874/1564 1892/1875/1565 1893/1876/1566
f 1894/1878/1568 1895/1880/1570 1893/1876/1566
f 1897/1861/1551 1896/2391/2075 1894/1878/1568
f 1894/1878/1568 1896/2391/2075 1898/1879/1569
f 1898/1879/1569 1899/1882/1572 1900/1881/1571
f 1899/1882/1572 1901/2392/2076 1902/1883/1573
f 1902/1883/1573 1901/2392/2076 1903/1884/1574
f 1904/1885/1575 1903/1884/1574 1905/1886/1576
f 1905/1886/1576 1907/2393/2077 1908/1888/1578
f 1908/1888/1578 1907/2393/2077 1909/1889/1579
f 1909/1889/1579 1911/1860/1550 1875/1857/1547
f 1910/1890/1580 1912/1893/1583 1931/1891/1581
f 1913/1892/1582 1914/1896/1586 1912/1893/1583
f 1872/1894/1584 1913/1892/1582 1910/1890/1580
f 1915/1895/1585 1916/1897/1587 1914/1896/1586
f 1870/1853/1543 1915/1895/1585 1913/1892/1582
f 1859/1844/1534 1917/1843/1533 1916/1897/1587
f 1863/1846/1536 1859/1844/1534 1915/1895/1585
f 1917/1843/1533 1919/1901/1591 1918/1898/1588
f 1916/1897/1587 1918/1898/1588 1921/1899/1589
f 2241/1900/1590 1920/1906/1596 1918/1898/1588
f 1918/1898/1588 1920/1906/1596 1923/1902/1592
f 1914/1896/1586 1921/1899/1589 1922/1903/1593
f 1921/1899/1589 1923/1902/1592 1925/1904/1594
f 2238/1905/1595 1924/2228/1914 1923/1902/1592
f 1923/1902/1592 1924/2228/1914 1926/1907/1597
f 1926/1907/1597 1928/2229/1915 1927/1908/1598
f 1922/1903/1593 1925/1904/1594 1927/1908/1598
f 1927/1908/1598 1928/2229/1915 2269/1910/1600
f 1930/1909/1599 1927/1908/1598 1929/1911/1601
f 1922/1903/1593 1930/1909/1599 1931/1891/1581
f 1930/1909/1599 1932/1912/1602 1933/1913/1603
f 1932/1912/1602 1934/1915/1605 1935/1914/1604
f 1929/1911/1601 1937/1917/1607 1934/1915/1605
f 1934/1915/1605 1936/1918/1608 2326/1916/1606
f 1937/1917/1607 1939/1920/1610 1936/1918/1608
f 2269/1910/1600 1938/2259/1943 1937/1917/1607
f 1937/1917/1607 1938/2259/1943 1940/1919/1609
f 1939/1920/1610 1940/1919/1609 1943/1921/1611
f 1936/1918/1608 1939/1920/1610 1941/1922/1612
f 1944/1925/1615 1961/1945/1634 1963/1924/1614
f 1963/1924/1614 1942/1923/1613 1941/1922/1612
f 1941/1922/1612 1943/1921/1611 1944/1925/1615
f 1945/1926/1616 1948/1930/1615 1944/1925/1615
f 1947/1927/1617 1945/1926/1616 1943/1921/1611
f 1948/1930/1615 1945/1926/1616 1946/2140/1827
f 2139/1928/1618 1950/1933/1622 1949/1929/1619
f 1948/1930/1615 1946/2140/1827 2139/1928/1618
f 2220/1931/1620 1946/2140/1827 1945/1926/1616
f 1944/1925/1615 1948/1930/1615 1949/1929/1619
f 1950/1933/1622 1953/2141/1828 1952/1934/1623
f 1949/1929/1619 1952/1934/1623 1955/1935/1624
f 1952/1934/1623 1953/2141/1828 2144/1936/1625
f 1955/1935/1624 1952/1934/1623 1954/1937/1626
f 1957/1939/1628 1955/1935/1624 1956/1938/1627
f 1951/1932/1621 1955/1935/1624 1957/1939/1628
f 1959/1942/1631 1957/1939/1628 1958/1940/1629
f 1960/1941/1630 1957/1939/1628 1959/1942/1631
f 1961/1945/1634 1944/1925/1615 1951/1932/1621
f 1963/1924/1614 1961/1945/1634 1960/1941/1630
f 1965/1946/1635 1963/1924/1614 1962/1944/1633
f 1967/1949/1638 1964/1947/1636 1962/1944/1633
f 1959/1942/1631 1972/1943/1632 1969/1948/1637
f 1967/1949/1638 1962/1944/1633 1959/1942/1631
f 2293/1950/1639 1965/1946/1635 1964/1947/1636
f 1964/1947/1636 1967/1949/1638 1968/1952/1641
f 1968/1952/1641 1967/1949/1638 1969/1948/1637
f 1969/1948/1637 1971/1956/1645 2279/1954/1643
f 1969/1948/1637 1972/1943/1632 1973/1955/1644
f 1958/1940/1629 1974/1963/1652 1973/1955/1644
f 1971/1956/1645 1973/1955/1644 1975/1957/1646
f 1973/1955/1644 1974/1963/1652 1978/1959/1648
f 1976/1958/1647 1975/1957/1646 1977/1960/1649
f 1975/1957/1646 1978/1959/1648 1980/1961/1650
f 2217/1962/1651 1979/2211/1897 1978/1959/1648
f 1978/1959/1648 1979/2211/1897 1981/1964/1653
f 1981/1964/1653 1983/2208/1894 1982/1965/1654
f 1977/1960/1649 1980/1961/1650 1982/1965/1654
f 1982/1965/1654 1983/2208/1894 2213/1967/1656
f 1982/1965/1654 1984/1968/1657 1986/1969/1658
f 1977/1960/1649 1985/1966/1655 1676/1664/1354
f 1985/1966/1655 1986/1969/1658 1678/1667/1357
f 1986/1969/1658 1987/1970/1659 1682/1671/1361
f 1984/1968/1657 1989/1971/1660 1987/1970/1659
f 1987/1970/1659 1988/1972/1661 2278/1703/1393
f 1989/1971/1660 1991/1974/1663 1988/1972/1661
f 2213/1967/1656 1990/2205/1891 1989/1971/1660
f 1989/1971/1660 1990/2205/1891 1992/1973/1662
f 1991/1974/1663 1992/1973/1662 1994/1975/1664
f 1988/1972/1661 1991/1974/1663 1993/1976/1665
f 1995/1979/1668 1993/1976/1665 1994/1975/1664
f 1994/1975/1664 2207/2201/1887 2001/1978/1667
f 2001/1978/1667 2000/1982/1671 1995/1979/1668
f 1993/1976/1665 1995/1979/1668 1997/1980/1669
f 1988/1972/1661 1996/1977/1666 1713/1702/1392
f 1996/1977/1666 1997/1980/1669 1715/1704/1394
f 1715/1704/1394 1997/1980/1669 1998/1981/1670
f 1997/1980/1669 1995/1979/1668 2000/1982/1671
f 2399/1984/1673 1717/1707/1397 1998/1981/1670
f 1998/1981/1670 1999/1985/1674 2007/1983/1672
f 2007/1983/1672 1724/1708/1398 2399/1984/1673
f 2000/1982/1671 2002/1986/1675 1999/1985/1674
f 2001/1978/1667 2003/2198/1884 2002/1986/1675
f 2002/1986/1675 2003/2198/1884 2005/1987/1676
f 1999/1985/1674 2002/1986/1675 2004/1988/1677
f 2005/1987/1676 2203/1998/1687 2006/1989/1678
f 2004/1988/1677 2006/1989/1678 2008/1990/1679
f 1724/1708/1398 2007/1983/1672 2008/1990/1679
f 2009/1991/1680 2008/1990/1679 2010/1992/1681
f 2008/1990/1679 2006/1989/1678 2013/1994/1683
f 2011/1993/1682 2010/1992/1681 2012/1995/1684
f 2010/1992/1681 2013/1994/1683 2015/1997/1686
f 2203/1998/1687 2014/2194/1881 2013/1994/1683
f 2013/1994/1683 2014/2194/1881 2016/1999/1688
f 2015/1997/1686 2016/1999/1688 2018/2000/1689
f 2015/1997/1686 2017/2001/1690 2020/2002/1691
f 2018/2000/1689 2198/2009/1698 2019/2003/1692
f 2017/2001/1690 2019/2003/1692 2022/2004/1693
f 2012/1995/1684 2020/2002/1691 2021/1737/1427
f 2021/1737/1427 2020/2002/1691 2022/2004/1693
f 2022/2004/1693 2023/2005/1694 1751/1739/1429
f 2019/2003/1692 2025/2007/1696 2023/2005/1694
f 2023/2005/1694 2024/2008/1697 2276/2006/1695
f 2025/2007/1696 2027/2011/1700 2024/2008/1697
f 2198/2009/1698 2026/2189/1876 2025/2007/1696
f 2025/2007/1696 2026/2189/1876 2028/2010/1699
f 2027/2011/1700 2028/2010/1699 2031/2012/1701
f 2024/2008/1697 2027/2011/1700 2029/2013/1702
f 2033/2016/1705 2034/2394/2078 2048/2015/1704
f 2048/2015/1704 2030/2014/1703 2029/2013/1702
f 2029/2013/1702 2031/2012/1701 2033/2016/1705
f 2032/2017/1706 2035/2022/1705 2033/2016/1705
f 2194/2018/1707 2032/2017/1706 2031/2012/1701
f 2046/2032/1720 2034/2394/2078 2033/2016/1705
f 2033/2016/1705 2035/2022/1705 2037/2019/1708
f 2039/2020/1709 2046/2032/1720 2033/2016/1705
f 2188/2021/1710 2036/2183/1870 2035/2022/1705
f 2035/2022/1705 2036/2183/1870 2038/2023/1711
f 2038/2023/1711 2041/2186/1873 2040/2024/1712
f 2037/2019/1708 2040/2024/1712 2043/2025/1713
f 2040/2024/1712 2041/2186/1873 2097/2026/1714
f 2043/2025/1713 2040/2024/1712 2042/2027/1715
f 2049/2031/1719 2047/2033/1721 2046/2032/1720
f 2045/2029/1717 2043/2025/1713 2044/2028/1716
f 2049/2031/1719 2046/2032/1720 2045/2029/1717
f 2053/2030/1718 2050/2036/1724 2049/2031/1719
f 2045/2029/1717 2044/2028/1716 2053/2030/1718
f 2039/2020/1709 2043/2025/1713 2045/2029/1717
f 2048/2015/1704 2034/2394/2078 2046/2032/1720
f 1784/2034/1722 2048/2015/1704 2047/2033/1721
f 2047/2033/1721 2049/2031/1719 1789/2035/1723
f 1789/2035/1723 2049/2031/1719 2050/2036/1724
f 2051/1776/1466 2050/2036/1724 2052/2037/1725
f 2053/2030/1718 2054/2039/1727 2052/2037/1725
f 2044/2028/1716 2055/2040/1728 2054/2039/1727
f 2055/2040/1728 2057/2078/1766 2056/2041/1729
f 2052/2037/1725 2054/2039/1727 2056/2041/1729
f 2056/2041/1729 2057/2078/1766 2093/2043/1731
f 2059/2042/1730 2056/2041/1729 2058/2044/1732
f 2274/2038/1726 2052/2037/1725 2059/2042/1730
f 2060/2046/1734 2059/2042/1730 2061/2045/1733
f 2062/2047/1735 2061/2045/1733 2063/2048/1736
f 2058/2044/1732 2065/2050/1738 2063/2048/1736
f 1815/1801/1491 2063/2048/1736 2064/2049/1737
f 2065/2050/1738 2067/2052/1740 2064/2049/1737
f 2066/2051/1739 2068/2053/1741 2067/2052/1740
f 2093/2043/1731 2066/2051/1739 2065/2050/1738
f 2068/2053/1741 2070/2068/1756 2069/2054/1742
f 2067/2052/1740 2069/2054/1742 2072/2055/1743
f 2069/2054/1742 2070/2068/1756 2081/2056/1744
f 2069/2054/1742 2071/2057/1745 2073/2058/1746
f 2064/2049/1737 2072/2055/1743 1820/2059/1747
f 2072/2055/1743 2073/2058/1746 2074/1805/1495
f 2073/2058/1746 2075/2061/1749 1851/1836/1526
f 2073/2058/1746 2071/2057/1745 2077/2060/1748
f 2075/2061/1749 2076/2240/1926 1853/2062/1750
f 2246/2063/1751 2076/2240/1926 2075/2061/1749
f 2075/2061/1749 2077/2060/1748 2078/2064/1752
f 2078/2064/1752 2079/2066/1754 2246/2063/1751
f 2071/2057/1745 2081/2056/1744 2078/2064/1752
f 2080/2065/1753 2250/2244/1754 2079/2066/1754
f 2082/2067/1755 2080/2065/1753 2078/2064/1752
f 2070/2068/1756 2084/2070/1758 2082/2067/1755
f 2083/2069/1757 2262/2253/1937 2080/2065/1753
f 2084/2070/1758 2085/2256/1940 2083/2069/1757
f 2087/2071/1759 2085/2256/1940 2084/2070/1758
f 2086/2072/1760 2084/2070/1758 2070/2068/1756
f 2088/2073/1761 2089/2075/1763 2087/2071/1759
f 2088/2073/1761 2086/2072/1760 2068/2053/1741
f 2090/2074/1762 2091/2077/1765 2089/2075/1763
f 2090/2074/1762 2088/2073/1761 2066/2051/1739
f 2092/2076/1764 2094/2082/1770 2091/2077/1765
f 2057/2078/1766 2092/2076/1764 2090/2074/1762
f 2096/2079/1767 2094/2082/1770 2092/2076/1764
f 2095/2080/1768 2092/2076/1764 2057/2078/1766
f 2042/2027/1715 2097/2026/1714 2096/2079/1767
f 2044/2028/1716 2042/2027/1715 2095/2080/1768
f 2097/2026/1714 2099/2084/1772 2098/2081/1769
f 2098/2081/1769 2101/2086/1774 2094/2082/1770
f 2124/2083/1771 2100/2085/1773 2098/2081/1769
f 2100/2085/1773 2103/2090/1777 2101/2086/1774
f 2094/2082/1770 2101/2086/1774 2102/2087/1775
f 2101/2086/1774 2103/2090/1777 2104/2088/1776
f 2106/2089/1217 2104/2088/1776 2103/2090/1777
f 2102/2087/1775 2104/2088/1776 2105/2091/1778
f 2106/2089/1217 2107/2096/1783 2137/2093/1780
f 2106/2089/1217 2108/2097/1784 2143/2095/1782
f 2106/2089/1217 2110/2100/1787 2273/2099/1786
f 2106/2089/1217 2113/2104/1791 2158/2103/1790
f 2106/2089/1217 2115/2108/1795 2272/2106/1793
f 2106/2089/1217 2116/2109/1796 2169/2107/1794
f 2106/2089/1217 2118/2112/1799 2176/2111/1798
f 2106/2089/1217 2121/2116/1803 2185/2115/1802
f 2106/2089/1217 2123/2120/1807 2191/2118/1805
f 2106/2089/1217 2124/2083/1771 2193/2119/1806
f 2106/2089/1217 2126/2123/1810 2264/2122/1809
f 2106/2089/1217 2128/2127/1814 2259/2125/1812
f 2106/2089/1217 2129/2128/1815 2271/2126/1813
f 2106/2089/1217 2131/2131/1818 2268/2130/1817
f 2106/2089/1217 2134/2135/1822 2270/2134/1821
f 2218/2136/1823 2134/2135/1822 2135/2094/1781
f 2135/2094/1781 2137/2093/1780 2138/2138/1825
f 2138/2138/1825 2137/2093/1780 2107/2096/1783
f 2136/2137/1824 2138/2138/1825 2139/1928/1618
f 2139/1928/1618 2138/2138/1825 2140/2139/1826
f 2140/2139/1826 2141/2142/1829 1953/2141/1828
f 2107/2096/1783 2143/2095/1782 2141/2142/1829
f 1953/2141/1828 2141/2142/1829 2142/2143/1830
f 2141/2142/1829 2143/2095/1782 2108/2097/1784
f 2144/1936/1625 2142/2143/1830 2145/2144/1831
f 2108/2097/1784 2109/2098/1785 2145/2144/1831
f 2145/2144/1831 2147/2148/1835 2148/2146/1833
f 2147/2148/1835 2145/2144/1831 2109/2098/1785
f 2273/2099/1786 2110/2100/1787 2149/2147/1834
f 2147/2148/1835 2109/2098/1785 2273/2099/1786
f 2148/2146/1833 2147/2148/1835 2149/2147/1834
f 2149/2147/1834 2151/2151/1838 2152/2150/1837
f 2110/2100/1787 2111/2101/1788 2151/2151/1838
f 2152/2150/1837 2151/2151/1838 2153/2152/1839
f 2111/2101/1788 2112/2102/1789 2153/2152/1839
f 2153/2152/1839 2155/2155/1842 2156/2154/1841
f 2112/2102/1789 2158/2103/1790 2155/2155/1842
f 2156/2154/1841 2155/2155/1842 2157/2156/1843
f 2155/2155/1842 2158/2103/1790 2113/2104/1791
f 2157/2156/1843 2160/2159/1846 2161/2158/1845
f 2113/2104/1791 2114/2105/1792 2160/2159/1846
f 2160/2159/1846 2162/2161/1848 2163/2160/1847
f 2162/2161/1848 2160/2159/1846 2114/2105/1792
f 2114/2105/1792 2272/2106/1793 2115/2108/1795
f 2115/2108/1795 2164/2162/1849 2162/2161/1848
f 2163/2160/1847 2162/2161/1848 2164/2162/1849
f 2164/2162/1849 2166/2165/1852 2167/2164/1851
f 2115/2108/1795 2169/2107/1794 2166/2165/1852
f 2167/2164/1851 2166/2165/1852 2168/2166/1853
f 2166/2165/1852 2169/2107/1794 2116/2109/1796
f 2168/2166/1853 2171/2169/1856 2172/2168/1855
f 2116/2109/1796 2117/2110/1797 2171/2169/1856
f 2171/2169/1856 2173/2171/1858 2174/2170/1857
f 2117/2110/1797 2176/2111/1798 2173/2171/1858
f 2174/2170/1857 2173/2171/1858 2175/2172/1859
f 2173/2171/1858 2176/2111/1798 2118/2112/1799
f 2175/2172/1859 2178/2175/1862 2179/2174/1861
f 2118/2112/1799 2119/2113/1800 2178/2175/1862
f 2178/2175/1862 2180/2177/1864 2181/2176/1863
f 2119/2113/1800 2120/2114/1801 2180/2177/1864
f 2180/2177/1864 2182/2179/1866 2183/2178/1865
f 2120/2114/1801 2185/2115/1802 2182/2179/1866
f 2183/2178/1865 2182/2179/1866 2184/2180/1867
f 2182/2179/1866 2185/2115/1802 2121/2116/1803
f 2186/2181/1868 2184/2180/1867 2187/2182/1869
f 2121/2116/1803 2122/2117/1804 2187/2182/1869
f 2187/2182/1869 2189/2184/1871 2036/2183/1870
f 2122/2117/1804 2191/2118/1805 2189/2184/1871
f 2036/2183/1870 2189/2184/1871 2190/2185/1872
f 2189/2184/1871 2191/2118/1805 2123/2120/1807
f 2190/2185/1872 2192/2187/1874 2041/2186/1873
f 2123/2120/1807 2193/2119/1806 2192/2187/1874
f 2041/2186/1873 2192/2187/1874 2099/2084/1772
f 2192/2187/1874 2193/2119/1806 2124/2083/1771
f 2186/2181/1868 2188/2021/1710 2032/2017/1706
f 2195/2188/1875 2183/2178/1865 2186/2181/1868
f 2026/2189/1876 2195/2188/1875 2194/2018/1707
f 2181/2176/1863 2183/2178/1865 2195/2188/1875
f 2196/2190/1877 2195/2188/1875 2026/2189/1876
f 2179/2174/1861 2181/2176/1863 2196/2190/1877
f 2197/2191/1878 2196/2190/1877 2198/2009/1698
f 2177/2173/1860 2179/2174/1861 2197/2191/1878
f 2199/2192/1879 2197/2191/1878 2018/2000/1689
f 2200/2193/1880 2174/2170/1857 2177/2173/1860
f 2014/2194/1881 2200/2193/1880 2199/2192/1879
f 2172/2168/1855 2174/2170/1857 2200/2193/1880
f 2201/2195/1882 2200/2193/1880 2014/2194/1881
f 2202/2196/1883 2170/2167/1854 2172/2168/1855
f 2005/1987/1676 2202/2196/1883 2201/2195/1882
f 2204/2197/1884 2167/2164/1851 2170/2167/1854
f 2003/2198/1884 2204/2197/1884 2202/2196/1883
f 2165/2163/1850 2167/2164/1851 2204/2197/1884
f 2205/2199/1885 2204/2197/1884 2003/2198/1884
f 2206/2200/1886 2163/2160/1847 2165/2163/1850
f 2207/2201/1887 2206/2200/1886 2205/2199/1885
f 2161/2158/1845 2163/2160/1847 2206/2200/1886
f 2208/2202/1888 2206/2200/1886 2207/2201/1887
f 2159/2157/1844 2161/2158/1845 2208/2202/1888
f 2209/2203/1889 2208/2202/1888 1994/1975/1664
f 2210/2204/1890 2156/2154/1841 2159/2157/1844
f 1990/2205/1891 2210/2204/1890 2209/2203/1889
f 2154/2153/1840 2156/2154/1841 2210/2204/1890
f 2211/2206/1892 2210/2204/1890 1990/2205/1891
f 2152/2150/1837 2154/2153/1840 2211/2206/1892
f 1983/2208/1894 2212/2207/1893 2211/2206/1892
f 2150/2149/1836 2152/2150/1837 2212/2207/1893
f 1981/1964/1653 2214/2209/1895 2212/2207/1893
f 2215/2210/1896 2148/2146/1833 2150/2149/1836
f 1979/2211/1897 2215/2210/1896 2214/2209/1895
f 2146/2145/1832 2148/2146/1833 2215/2210/1896
f 2216/2212/1898 2215/2210/1896 1979/2211/1897
f 1954/1937/1626 2144/1936/1625 2146/2145/1832
f 1956/1938/1627 1954/1937/1626 2216/2212/1898
f 1958/1940/1629 1956/1938/1627 2217/1962/1651
f 2218/2136/1823 2136/2137/1824 1946/2140/1827
f 2219/2213/1899 2270/2134/1821 2134/2135/1822
f 2221/2214/1900 2219/2213/1899 2218/2136/1823
f 2222/2215/1901 2221/2214/1900 2220/1931/1620
f 2223/2216/1902 2221/2214/1900 2222/2215/1901
f 2226/2218/1904 2219/2213/1899 2221/2214/1900
f 2224/2219/1905 2227/2221/1907 2226/2218/1904
f 2224/2219/1905 2223/2216/1902 2225/2217/1903
f 2227/2221/1907 2132/2132/1819 2133/2133/1820
f 2133/2133/1820 2270/2134/1821 2219/2213/1899
f 2131/2131/1818 2132/2132/1819 2227/2221/1907
f 2230/2223/1909 2228/2222/1908 2227/2221/1907
f 2229/2224/1910 2268/2130/1817 2131/2131/1818
f 2231/2225/1911 2229/2224/1910 2228/2222/1908
f 2233/2226/1912 2231/2225/1911 2230/2223/1909
f 2230/2223/1909 2224/2219/1905 2234/2220/1906
f 1924/2228/1914 2233/2226/1912 2232/2227/1913
f 1926/1907/1597 2232/2227/1913 2234/2220/1906
f 1928/2229/1915 2234/2220/1906 2225/2217/1903
f 2236/2230/1916 2231/2225/1911 2233/2226/1912
f 2235/2231/1917 2233/2226/1912 1924/2228/1914
f 2237/2232/1918 2253/2245/1929 2236/2230/1916
f 2239/2233/1919 2237/2232/1918 2235/2231/1917
f 2239/2233/1919 2238/1905/1595 1920/1906/1596
f 2240/2234/1920 2251/2243/1920 2237/2232/1918
f 2242/2235/1921 2240/2234/1920 2239/2233/1919
f 2243/2236/1922 2242/2235/1921 2241/1900/1590
f 2245/2237/1923 2240/2234/1920 2242/2235/1921
f 2244/2238/1924 2242/2235/1921 2243/2236/1922
f 2246/2063/1751 2079/2066/1754 2245/2237/1923
f 2076/2240/1926 2246/2063/1751 2244/2238/1924
f 1853/2062/1750 2076/2240/1926 2247/2239/1925
f 2247/2239/1925 2243/2236/1922 1858/1840/1530
f 2248/2241/1927 2251/2243/1920 2240/2234/1920
f 2079/2066/1754 2250/2244/1754 2248/2241/1927
f 2249/2242/1928 2252/2246/1930 2251/2243/1920
f 2250/2244/1754 2258/2251/1935 2249/2242/1928
f 2251/2243/1920 2252/2246/1930 2253/2245/1929
f 2252/2246/1930 2254/2249/1933 2255/2247/1931
f 2256/2248/1932 2254/2249/1933 2252/2246/1930
f 2254/2249/1933 2256/2248/1932 2128/2127/1814
f 2128/2127/1814 2271/2126/1813 2129/2128/1815
f 2129/2128/1815 2255/2247/1931 2254/2249/1933
f 2257/2250/1934 2259/2125/1812 2128/2127/1814
f 2258/2251/1935 2257/2250/1934 2256/2248/1932
f 2260/2252/1936 2257/2250/1934 2258/2251/1935
f 2127/2124/1811 2259/2125/1812 2257/2250/1934
f 2261/2254/1938 2126/2123/1810 2127/2124/1811
f 2083/2069/1757 2261/2254/1938 2260/2252/1936
f 2262/2253/1937 2258/2251/1935 2250/2244/1754
f 2263/2255/1939 2264/2122/1809 2126/2123/1810
f 2085/2256/1940 2263/2255/1939 2261/2254/1938
f 2265/2257/1941 2263/2255/1939 2085/2256/1940
f 2125/2121/1808 2264/2122/1809 2263/2255/1939
f 2266/2092/1779 2105/2091/1778 2125/2121/1808
f 2266/2092/1779 2265/2257/1941 2087/2071/1759
f 2091/2077/1765 2102/2087/1775 2266/2092/1779
f 2255/2247/1931 2267/2258/1942 2236/2230/1916
f 2255/2247/1931 2129/2128/1815 2130/2129/1816
f 2267/2258/1942 2229/2224/1910 2231/2225/1911
f 2130/2129/1816 2268/2130/1817 2229/2224/1910
f 1858/1840/1530 2243/2236/1922 1919/1901/1591
f 2225/2217/1903 2222/2215/1901 1938/2259/1943
f 1938/2259/1943 2222/2215/1901 1947/1927/1617
f 1806/1792/1482 2060/2046/1734 2062/2047/1735
f 2275/2260/1944 2274/2038/1726 2060/2046/1734
f 2051/1776/1466 2274/2038/1726 2275/2260/1944
f 1790/1777/1467 2275/2260/1944 1801/1786/1476
f 2030/2014/1703 2048/2015/1704 1784/2034/1722
f 2024/2008/1697 2030/2014/1703 1782/1770/1460
f 2277/1996/1685 2021/1737/1427 1744/1731/1421
f 1737/2261/1945 2011/1993/1682 2277/1996/1685
f 2009/1991/1680 2011/1993/1682 1737/2261/1945
f 2279/1954/1643 1971/1956/1645 1976/1958/1647
f 1970/1953/1642 2279/1954/1643 2280/2262/1946
f 2279/1954/1643 1674/1662/1352 2283/1663/1353
f 2281/2263/1947 2280/2262/1946 2282/1651/1341
f 2280/2262/1946 2283/1663/1353 1662/2265/1949
f 1662/2265/1949 2283/1663/1353 1669/1657/1347
f 2284/2264/1948 2282/1651/1341 1658/1648/1338
f 2287/2267/1951 2286/2395/2079 2284/2264/1948
f 2284/2264/1948 2286/2395/2079 2288/2268/1952
f 2281/2263/1947 2288/2268/1952 2289/2269/1953
f 2289/2269/1953 2290/2270/1954 1968/1952/1641
f 2290/2270/1954 2291/2396/2080 1966/1951/1640
f 1966/1951/1640 2291/2396/2080 2292/2271/1955
f 2293/1950/1639 2292/2271/1955 2294/2272/1956
f 2294/2272/1956 2296/2275/1959 2297/2274/1958
f 2296/2275/1959 2298/2397/2081 2299/2276/1960
f 2299/2276/1960 2298/2397/2081 2300/2277/1961
f 2301/2278/1962 2300/2277/1961 2302/2279/1963
f 2302/2279/1963 2304/2398/2082 2305/2281/1965
f 2305/2281/1965 2304/2398/2082 2306/2282/1966
f 2306/2282/1966 2287/2267/1951 2285/2266/1950
f 2303/2280/1964 2305/2281/1965 2307/2283/1967
f 2307/2283/1967 2305/2281/1965 1657/1647/1337
f 2311/2285/1969 2309/2284/1968 2307/2283/1967
f 2307/2283/1967 1655/1643/1333 1570/1570/1260
f 2317/2287/1971 2303/2280/1964 2309/2284/1968
f 2312/2289/1973 2310/2288/1972 2309/2284/1968
f 1579/1577/1267 2312/2289/1973 2311/2285/1969
f 2311/2285/1969 2308/2286/1970 1572/1569/1259
f 1581/1579/1269 1583/1580/1270 2315/1877/1567
f 2313/2290/1974 2312/2289/1973 1579/1577/1267
f 1581/1579/1269 2315/1877/1567 2313/2290/1974
f 2313/2290/1974 2314/2292/1976 2310/2288/1972
f 1893/1876/1566 2314/2292/1976 2313/2290/1974
f 1890/1874/1564 2315/1877/1567 1583/1580/1270
f 2316/2291/1975 2317/2287/1971 2310/2288/1972
f 1895/1880/1570 2316/2291/1975 2314/2292/1976
f 2316/2291/1975 2318/2294/1978 2320/2293/1977
f 1900/1881/1571 2318/2294/1978 2316/2291/1975
f 1902/1883/1573 2319/2296/1980 2318/2294/1978
f 2318/2294/1978 2319/2296/1980 2321/2295/1979
f 2320/2293/1977 2321/2295/1979 2299/2276/1960
f 2320/2293/1977 2301/2278/1962 2303/2280/1964
f 2321/2295/1979 2322/2297/1981 2297/2274/1958
f 2319/2296/1980 2324/2298/1982 2322/2297/1981
f 2324/2298/1982 2325/2300/1984 2323/2299/1983
f 2322/2297/1981 2323/2299/1983 2295/2273/1957
f 1906/1887/1577 2325/2300/1984 2324/2298/1982
f 1904/1885/1575 2324/2298/1982 2319/2296/1980
f 1933/1913/1603 1935/1914/1604 2325/2300/1984
f 1935/1914/1604 2326/1916/1606 2323/2299/1983
f 2323/2299/1983 2326/1916/1606 2327/2301/1985
f 1936/1918/1608 1942/1923/1613 2327/2301/1985
f 2327/2301/1985 1965/1946/1635 2293/1950/1639
f 1942/1923/1613 1963/1924/1614 1965/1946/1635
f 1908/1888/1578 1931/1891/1581 1933/1913/1603
f 2328/2302/1986 2330/2304/1988 1885/1869/1559
f 1595/1591/1281 2328/2302/1986 1887/1871/1561
f 2331/1825/1515 2330/2304/1988 2328/2302/1986
f 2329/2303/1987 2328/2302/1986 1595/1591/1281
f 1839/1827/1517 2332/2305/1989 2330/2304/1988
f 2332/2305/1989 1883/1868/1558 1885/1869/1559
f 1844/1830/1520 2333/2399/2083 2332/2305/1989
f 2332/2305/1989 2333/2399/2083 2334/2306/1990
f 2334/2306/1990 1865/1849/1539 1867/1850/1540
f 2335/2307/1991 1838/1823/1513 2331/1825/1515
f 2335/2307/1991 2329/2303/1987 1597/1593/1283
f 2336/2308/1992 1836/1822/1512 1838/1823/1513
f 1601/1597/1287 2336/2308/1992 2335/2307/1991
f 2337/2309/1993 2336/2308/1992 1601/1597/1287
f 1833/1820/1510 1836/1822/1512 2336/2308/1992
f 2338/2310/1994 2340/1821/1511 1833/1820/1510
f 2338/2310/1994 2337/2309/1993 1603/1598/1288
f 2341/2311/1995 2340/1821/1511 2338/2310/1994
f 1607/1601/1291 2339/2312/1996 2338/2310/1994
f 2343/2313/1997 1832/1819/1509 2340/1821/1511
f 2344/2314/1998 2343/2313/1997 2341/2311/1995
f 2355/2316/2000 2342/2315/1999 2341/2311/1995
f 2344/2314/1998 1803/1787/1477 2346/1790/1480
f 2345/2317/2001 2348/2386/2070 1832/1819/1509
f 2346/1790/1480 2347/2318/2002 2345/2317/2001
f 1804/1789/1479 1810/2383/2067 2347/2318/2002
f 2349/2319/2003 2344/2314/1998 2342/2315/1999
f 1800/1785/1475 1803/1787/1477 2344/2314/1998
f 2350/2321/2005 1798/1783/1473 1800/1785/1475
f 2350/2321/2005 2349/2319/2003 2351/2320/2004
f 2354/2323/2007 2352/2322/2006 2351/2320/2004
f 2351/2320/2004 2342/2315/1999 2355/2316/2000
f 2354/2323/2007 2353/2324/2008 1611/1604/1294
f 2353/2324/2008 2355/2316/2000 1609/1603/1293
f 1609/1603/1293 2355/2316/2000 2339/2312/1996
f 1615/1608/1298 2356/2325/2009 2354/2323/2007
f 2356/2325/2009 2358/2327/2011 2352/2322/2006
f 2359/1760/1450 2358/2327/2011 2356/2325/2009
f 2357/2326/2010 2356/2325/2009 1615/1608/1298
f 1770/1759/1449 2360/2328/2012 2358/2327/2011
f 2358/2327/2011 2360/2328/2012 2350/2321/2005
f 1775/1764/1454 2361/2400/2084 2360/2328/2012
f 2360/2328/2012 2361/2400/2084 2362/2329/2013
f 2362/2329/2013 1796/1782/1472 1798/1783/1473
f 1769/1758/1448 2359/1760/1450 2357/2326/2010
f 1619/1612/1302 2363/2330/2014 2357/2326/2010
f 2364/2331/2015 1767/1756/1446 1769/1758/1448
f 1621/1614/1304 2364/2331/2015 2363/2330/2014
f 2365/2332/2016 2364/2331/2015 1621/1614/1304
f 1764/1755/1445 1767/1756/1446 2364/2331/2015
f 2366/2333/2017 2368/1754/1444 1764/1755/1445
f 2366/2333/2017 2365/2332/2016 1623/1615/1305
f 2367/2334/2018 2369/2335/2019 2368/1754/1444
f 2367/2334/2018 2366/2333/2017 1625/1617/1307
f 2369/2335/2019 2371/2337/2021 1763/1753/1443
f 2370/2336/2020 2372/2339/2023 2371/2337/2021
f 2383/2338/2022 2370/2336/2020 2369/2335/2019
f 2372/2339/2023 1734/1723/1413 2374/1725/1415
f 2373/2340/2024 2376/2379/2063 1763/1753/1443
f 2374/1725/1415 2375/2341/2025 2373/2340/2024
f 1735/1724/1414 1741/2376/2060 2375/2341/2025
f 2379/2342/2026 2377/2343/2027 2372/2339/2023
f 1732/1721/1411 1734/1723/1413 2372/2339/2023
f 2380/2344/2028 2378/2351/2035 2377/2343/2027
f 2382/2345/2029 2380/2344/2028 2379/2342/2026
f 2379/2342/2026 2370/2336/2020 2383/2338/2022
f 2382/2345/2029 2381/2346/2030 1631/1621/1311
f 2381/2346/2030 2383/2338/2022 1629/1620/1310
f 1629/1620/1310 2383/2338/2022 2367/2334/2018
f 2384/2347/2031 2386/2350/2034 2380/2344/2028
f 2384/2347/2031 2382/2345/2029 1633/1623/1313
f 2387/1692/1382 2386/2350/2034 2384/2347/2031
f 2385/2348/2032 2384/2347/2031 1635/1625/1315
f 2387/1692/1382 1701/1691/1381 2388/2349/2033
f 2386/2350/2034 2388/2349/2033 2378/2351/2035
f 1706/1696/1386 2389/2401/2085 2388/2349/2033
f 2388/2349/2033 2389/2401/2085 2390/2352/2036
f 2390/2352/2036 2391/1719/1409 1730/1720/1410
f 1700/1690/1380 2387/1692/1382 2385/2348/2032
f 1639/1628/1318 2392/2353/2037 2385/2348/2032
f 1641/1630/1320 1643/1631/1321 2394/2354/2038
f 2394/2354/2038 2393/2355/2039 2392/2353/2037
f 2392/2353/2037 1639/1628/1318 1641/1630/1320
f 2393/2355/2039 1698/1688/1378 1700/1690/1380
f 1695/1687/1377 1698/1688/1378 2393/2355/2039
f 2396/1686/1376 1695/1687/1377 2394/2354/2038
f 2395/2356/2040 2394/2354/2038 1643/1631/1321
f 1651/1639/1329 2397/1641/1331 2396/1686/1376
f 1651/1639/1329 2395/2356/2040 1645/1633/1323
f 2397/1641/1331 1660/1649/1339 1694/1685/1375
f 1826/1809/1499 1823/1807/1497 1847/1832/1522
f 1754/1741/1431 1778/1766/1456 1773/1762/1452
f 1685/1673/1363 1709/1698/1388 1704/1694/1384
f 1666/1655/1345 2400/2372/2056 1694/1685/1375
