# Blender 5.0.1
# www.blender.org
mtllib llanta_derecha_frente.mtl
g Tire_Mesh
v -0.228951 -0.143013 0.063123
v -0.228951 -0.143013 -0.064159
v -0.196651 -0.184931 0.063123
v -0.196651 -0.184931 -0.064159
v -0.156794 -0.219742 0.063123
v -0.156794 -0.219742 -0.064159
v -0.110912 -0.246109 0.063123
v -0.110912 -0.246109 -0.064159
v -0.060767 -0.263018 0.063123
v -0.060767 -0.263018 -0.064159
v -0.008287 -0.269819 0.063123
v -0.008287 -0.269819 -0.064159
v 0.044511 -0.266251 0.063123
v 0.044511 -0.266251 -0.064159
v 0.095599 -0.252452 0.063123
v 0.095599 -0.252452 -0.064159
v 0.143013 -0.228951 0.063123
v 0.143013 -0.228951 -0.064159
v 0.184931 -0.196651 0.063123
v 0.184931 -0.196651 -0.064159
v 0.219742 -0.156794 0.063123
v 0.219742 -0.156794 -0.064159
v 0.246109 -0.110911 0.063123
v 0.246109 -0.110911 -0.064159
v 0.263018 -0.060767 0.063123
v 0.263018 -0.060767 -0.064159
v 0.269819 -0.008287 0.063123
v 0.269819 -0.008287 -0.064159
v 0.266252 0.044511 0.063123
v 0.266251 0.044511 -0.064159
v 0.252452 0.095599 0.063123
v 0.252452 0.095599 -0.064159
v 0.228951 0.143013 0.063123
v 0.228951 0.143013 -0.064159
v 0.196651 0.184931 0.063123
v 0.196651 0.184931 -0.064159
v 0.156794 0.219743 0.063123
v 0.156794 0.219743 -0.064159
v 0.110911 0.246109 0.063123
v 0.110911 0.246109 -0.064159
v 0.060767 0.263018 0.063123
v 0.060767 0.263018 -0.064159
v 0.008287 0.269819 0.063123
v 0.008287 0.269819 -0.064159
v -0.044512 0.266252 0.063123
v -0.044512 0.266252 -0.064159
v -0.095599 0.252452 0.063123
v -0.095599 0.252452 -0.064159
v -0.143013 0.228950 0.063123
v -0.143013 0.228950 -0.064159
v -0.184931 0.196651 0.063123
v -0.184931 0.196651 -0.064159
v -0.219743 0.156794 0.063123
v -0.219743 0.156794 -0.064159
v -0.246109 0.110911 0.063123
v -0.246109 0.110911 -0.064159
v -0.263018 0.060767 0.063123
v -0.263018 0.060767 -0.064159
v -0.269819 0.008287 0.063123
v -0.269819 0.008287 -0.064159
v -0.266252 -0.044512 0.063123
v -0.266251 -0.044512 -0.064159
v -0.252452 -0.095599 0.063123
v -0.252452 -0.095599 -0.064159
v -0.219602 -0.137174 -0.079160
v -0.188621 -0.177380 -0.079160
v -0.150392 -0.210770 -0.079160
v -0.106383 -0.236060 -0.079160
v -0.058286 -0.252279 -0.079160
v -0.007949 -0.258802 -0.079160
v 0.042694 -0.255380 -0.079160
v 0.091696 -0.242144 -0.079160
v 0.137174 -0.219602 -0.079160
v 0.177380 -0.188621 -0.079160
v 0.210770 -0.150392 -0.079160
v 0.236060 -0.106383 -0.079160
v 0.252279 -0.058286 -0.079160
v 0.258802 -0.007949 -0.079160
v 0.255380 0.042694 -0.079160
v 0.242144 0.091696 -0.079160
v 0.219602 0.137174 -0.079160
v 0.188621 0.177380 -0.079160
v 0.150392 0.210770 -0.079160
v 0.106383 0.236060 -0.079160
v 0.058286 0.252279 -0.079160
v 0.007948 0.258802 -0.079160
v -0.042694 0.255380 -0.079160
v -0.091696 0.242144 -0.079160
v -0.137174 0.219602 -0.079160
v -0.177381 0.188621 -0.079160
v -0.210770 0.150392 -0.079160
v -0.236060 0.106383 -0.079160
v -0.252279 0.058286 -0.079160
v -0.258802 0.007948 -0.079160
v -0.255380 -0.042694 -0.079160
v -0.242144 -0.091696 -0.079160
v -0.206291 -0.128859 -0.079160
v -0.177188 -0.166629 -0.079160
v -0.141276 -0.197995 -0.079160
v -0.099935 -0.221752 -0.079160
v -0.054753 -0.236987 -0.079160
v -0.007467 -0.243115 -0.079160
v 0.040106 -0.239900 -0.079160
v 0.086138 -0.227467 -0.079160
v 0.128859 -0.206291 -0.079160
v 0.166629 -0.177188 -0.079160
v 0.197994 -0.141276 -0.079160
v 0.221752 -0.099935 -0.079160
v 0.236987 -0.054753 -0.079160
v 0.243115 -0.007467 -0.079160
v 0.239901 0.040106 -0.079160
v 0.227467 0.086138 -0.079160
v 0.206291 0.128859 -0.079160
v 0.177188 0.166629 -0.079160
v 0.141276 0.197995 -0.079160
v 0.099935 0.221752 -0.079160
v 0.054753 0.236987 -0.079160
v 0.007467 0.243115 -0.079160
v -0.040106 0.239901 -0.079160
v -0.086138 0.227467 -0.079160
v -0.128859 0.206291 -0.079160
v -0.166629 0.177188 -0.079160
v -0.197995 0.141276 -0.079160
v -0.221752 0.099935 -0.079160
v -0.236987 0.054753 -0.079160
v -0.243115 0.007467 -0.079160
v -0.239901 -0.040106 -0.079160
v -0.227467 -0.086138 -0.079160
v -0.161758 -0.101042 -0.077712
v -0.138938 -0.130658 -0.077712
v -0.110778 -0.155252 -0.077712
v -0.078361 -0.173881 -0.077712
v -0.042933 -0.185827 -0.077712
v -0.005855 -0.190633 -0.077712
v 0.031448 -0.188112 -0.077712
v 0.067543 -0.178362 -0.077712
v 0.101042 -0.161758 -0.077712
v 0.130658 -0.138938 -0.077712
v 0.155252 -0.110778 -0.077712
v 0.173881 -0.078361 -0.077712
v 0.185827 -0.042933 -0.077713
v 0.190633 -0.005855 -0.077713
v 0.188112 0.031448 -0.077713
v 0.178362 0.067543 -0.077713
v 0.161758 0.101042 -0.077713
v 0.138938 0.130658 -0.077713
v 0.110778 0.155253 -0.077713
v 0.078361 0.173881 -0.077713
v 0.042933 0.185828 -0.077713
v 0.005855 0.190633 -0.077712
v -0.031448 0.188112 -0.077712
v -0.067543 0.178362 -0.077712
v -0.101042 0.161758 -0.077712
v -0.130658 0.138938 -0.077712
v -0.155253 0.110778 -0.077712
v -0.173881 0.078361 -0.077712
v -0.185828 0.042933 -0.077712
v -0.190633 0.005855 -0.077712
v -0.188112 -0.031448 -0.077712
v -0.178362 -0.067543 -0.077712
v -0.148966 -0.093051 -0.069571
v -0.127950 -0.120325 -0.069571
v -0.102018 -0.142975 -0.069571
v -0.072164 -0.160130 -0.069571
v -0.039538 -0.171132 -0.069571
v -0.005392 -0.175557 -0.069571
v 0.028961 -0.173236 -0.069571
v 0.062201 -0.164257 -0.069571
v 0.093051 -0.148966 -0.069571
v 0.120325 -0.127950 -0.069571
v 0.142975 -0.102017 -0.069571
v 0.160130 -0.072164 -0.069571
v 0.171132 -0.039538 -0.069571
v 0.175557 -0.005392 -0.069571
v 0.173236 0.028961 -0.069571
v 0.164257 0.062201 -0.069571
v 0.148966 0.093051 -0.069571
v 0.127950 0.120325 -0.069571
v 0.102017 0.142975 -0.069571
v 0.072164 0.160130 -0.069571
v 0.039538 0.171132 -0.069571
v 0.005392 0.175557 -0.069571
v -0.028961 0.173236 -0.069571
v -0.062201 0.164257 -0.069571
v -0.093051 0.148966 -0.069571
v -0.120325 0.127950 -0.069571
v -0.142975 0.102017 -0.069571
v -0.160130 0.072164 -0.069571
v -0.171132 0.039538 -0.069571
v -0.175557 0.005392 -0.069571
v -0.173236 -0.028961 -0.069571
v -0.164257 -0.062201 -0.069571
v -0.160440 -0.060756 -0.056251
v -0.169211 -0.028288 -0.056251
v -0.171478 0.005267 -0.056251
v -0.167156 0.038619 -0.056251
v -0.156410 0.070487 -0.056251
v -0.139653 0.099647 -0.056251
v -0.117529 0.124977 -0.056251
v -0.090889 0.145505 -0.056251
v -0.060756 0.160441 -0.056251
v -0.028289 0.169211 -0.056251
v 0.005266 0.171478 -0.056251
v 0.038619 0.167156 -0.056251
v 0.070487 0.156410 -0.056251
v 0.099647 0.139653 -0.056251
v 0.124977 0.117529 -0.056251
v 0.145505 0.090889 -0.056251
v 0.160441 0.060756 -0.056251
v 0.169211 0.028288 -0.056251
v 0.171478 -0.005267 -0.056251
v 0.167156 -0.038619 -0.056251
v 0.156409 -0.070488 -0.056251
v 0.139653 -0.099647 -0.056251
v 0.117529 -0.124977 -0.056251
v 0.090889 -0.145505 -0.056251
v 0.060756 -0.160440 -0.056251
v 0.028288 -0.169210 -0.056251
v -0.005267 -0.171478 -0.056251
v -0.038619 -0.167156 -0.056251
v -0.070488 -0.156410 -0.056251
v -0.099647 -0.139653 -0.056251
v -0.124977 -0.117529 -0.056251
v -0.145505 -0.090889 -0.056251
v 0.158063 0.148643 -0.083605
v 0.126027 0.176624 -0.083605
v -0.048843 -0.211407 -0.083605
v -0.006661 -0.216874 -0.083605
v -0.202914 -0.076840 -0.083605
v -0.184025 -0.114950 -0.083605
v 0.089148 0.197817 -0.083605
v 0.035777 -0.214006 -0.083605
v 0.048843 0.211408 -0.083605
v 0.076840 -0.202914 -0.083605
v 0.006661 0.216874 -0.083605
v 0.114950 -0.184025 -0.083605
v -0.035777 0.214006 -0.083605
v 0.148643 -0.158063 -0.083605
v -0.076841 0.202915 -0.083605
v 0.176623 -0.126027 -0.083605
v -0.114951 0.184025 -0.083605
v 0.197816 -0.089148 -0.083605
v -0.148643 0.158063 -0.083605
v 0.211407 -0.048843 -0.083605
v -0.176624 0.126027 -0.083605
v 0.216874 -0.006661 -0.083605
v -0.197817 0.089148 -0.083605
v 0.214006 0.035777 -0.083605
v -0.158063 -0.148643 -0.083605
v -0.211408 0.048843 -0.083605
v 0.202914 0.076840 -0.083605
v -0.126027 -0.176624 -0.083605
v -0.216874 0.006661 -0.083605
v 0.184025 0.114950 -0.083605
v -0.089148 -0.197816 -0.083605
v -0.214006 -0.035777 -0.083605
v 0.219602 0.137174 0.079108
v 0.242144 0.091696 0.079108
v 0.255380 0.042694 0.079108
v 0.258802 -0.007949 0.079108
v 0.252279 -0.058286 0.079108
v 0.236060 -0.106383 0.079108
v 0.210770 -0.150392 0.079108
v 0.177380 -0.188621 0.079108
v 0.137174 -0.219602 0.079108
v 0.091696 -0.242144 0.079108
v 0.042694 -0.255380 0.079108
v -0.007949 -0.258802 0.079108
v -0.058286 -0.252279 0.079108
v -0.106383 -0.236060 0.079108
v -0.150392 -0.210770 0.079108
v -0.188622 -0.177380 0.079108
v -0.219602 -0.137174 0.079108
v -0.242144 -0.091696 0.079108
v -0.255380 -0.042694 0.079108
v -0.258802 0.007949 0.079108
v -0.252279 0.058286 0.079108
v -0.236060 0.106383 0.079108
v -0.210770 0.150392 0.079108
v -0.177380 0.188622 0.079108
v -0.137174 0.219602 0.079108
v -0.091696 0.242144 0.079108
v -0.042694 0.255380 0.079108
v 0.007949 0.258802 0.079108
v 0.058286 0.252279 0.079108
v 0.106383 0.236060 0.079108
v 0.150392 0.210770 0.079108
v 0.188622 0.177380 0.079108
v 0.206291 0.128859 0.079108
v 0.227467 0.086138 0.079108
v 0.239901 0.040106 0.079108
v 0.243115 -0.007467 0.079108
v 0.236987 -0.054753 0.079108
v 0.221752 -0.099935 0.079108
v 0.197994 -0.141276 0.079108
v 0.166628 -0.177188 0.079108
v 0.128859 -0.206291 0.079108
v 0.086138 -0.227467 0.079108
v 0.040106 -0.239901 0.079108
v -0.007467 -0.243115 0.079108
v -0.054753 -0.236987 0.079108
v -0.099935 -0.221752 0.079108
v -0.141276 -0.197995 0.079108
v -0.177189 -0.166629 0.079108
v -0.206291 -0.128859 0.079108
v -0.227467 -0.086138 0.079108
v -0.239901 -0.040106 0.079108
v -0.243115 0.007467 0.079108
v -0.236987 0.054753 0.079108
v -0.221752 0.099935 0.079108
v -0.197995 0.141276 0.079108
v -0.166629 0.177189 0.079108
v -0.128859 0.206291 0.079108
v -0.086138 0.227467 0.079108
v -0.040106 0.239901 0.079108
v 0.007467 0.243115 0.079108
v 0.054753 0.236987 0.079108
v 0.099935 0.221752 0.079108
v 0.141276 0.197994 0.079108
v 0.177189 0.166628 0.079108
v 0.161758 0.101042 0.077660
v 0.178362 0.067543 0.077660
v 0.188112 0.031448 0.077660
v 0.190633 -0.005855 0.077660
v 0.185827 -0.042933 0.077660
v 0.173881 -0.078361 0.077660
v 0.155252 -0.110778 0.077660
v 0.130657 -0.138938 0.077660
v 0.101041 -0.161758 0.077660
v 0.067543 -0.178362 0.077660
v 0.031448 -0.188112 0.077660
v -0.005855 -0.190633 0.077660
v -0.042933 -0.185827 0.077660
v -0.078361 -0.173881 0.077660
v -0.110778 -0.155253 0.077660
v -0.138938 -0.130658 0.077660
v -0.161758 -0.101042 0.077660
v -0.178362 -0.067543 0.077660
v -0.188112 -0.031448 0.077660
v -0.190633 0.005855 0.077660
v -0.185828 0.042933 0.077660
v -0.173881 0.078361 0.077660
v -0.155253 0.110778 0.077660
v -0.130658 0.138938 0.077660
v -0.101042 0.161758 0.077660
v -0.067543 0.178362 0.077660
v -0.031448 0.188112 0.077660
v 0.005855 0.190633 0.077660
v 0.042933 0.185828 0.077660
v 0.078361 0.173881 0.077660
v 0.110778 0.155252 0.077660
v 0.138938 0.130657 0.077660
v 0.148966 0.093051 0.069519
v 0.164257 0.062201 0.069519
v 0.173236 0.028961 0.069519
v 0.175557 -0.005392 0.069519
v 0.171132 -0.039538 0.069519
v 0.160130 -0.072164 0.069519
v 0.142974 -0.102017 0.069519
v 0.120325 -0.127950 0.069519
v 0.093051 -0.148966 0.069519
v 0.062201 -0.164257 0.069519
v 0.028961 -0.173236 0.069519
v -0.005392 -0.175557 0.069519
v -0.039538 -0.171132 0.069519
v -0.072164 -0.160130 0.069519
v -0.102018 -0.142975 0.069519
v -0.127950 -0.120325 0.069519
v -0.148966 -0.093051 0.069519
v -0.164257 -0.062201 0.069519
v -0.173236 -0.028961 0.069519
v -0.175557 0.005392 0.069519
v -0.171132 0.039538 0.069519
v -0.160130 0.072164 0.069519
v -0.142975 0.102018 0.069519
v -0.120325 0.127950 0.069519
v -0.093051 0.148966 0.069519
v -0.062201 0.164257 0.069519
v -0.028961 0.173236 0.069519
v 0.005392 0.175557 0.069519
v 0.039538 0.171132 0.069519
v 0.072164 0.160130 0.069519
v 0.102018 0.142975 0.069519
v 0.127950 0.120325 0.069519
v 0.124977 0.117529 0.056199
v 0.099647 0.139653 0.056199
v 0.070488 0.156410 0.056199
v 0.038619 0.167156 0.056199
v 0.005267 0.171478 0.056199
v -0.028288 0.169211 0.056199
v -0.060756 0.160441 0.056199
v -0.090889 0.145505 0.056199
v -0.117529 0.124977 0.056199
v -0.139653 0.099647 0.056199
v -0.156410 0.070488 0.056199
v -0.167156 0.038619 0.056199
v -0.171478 0.005267 0.056199
v -0.169211 -0.028288 0.056199
v -0.160441 -0.060756 0.056199
v -0.145505 -0.090889 0.056199
v -0.124977 -0.117529 0.056199
v -0.099647 -0.139653 0.056199
v -0.070488 -0.156410 0.056199
v -0.038619 -0.167156 0.056199
v -0.005267 -0.171478 0.056199
v 0.028288 -0.169211 0.056199
v 0.060756 -0.160441 0.056199
v 0.090889 -0.145505 0.056199
v 0.117529 -0.124977 0.056199
v 0.139653 -0.099647 0.056199
v 0.156409 -0.070488 0.056199
v 0.167156 -0.038619 0.056199
v 0.171478 -0.005267 0.056199
v 0.169211 0.028288 0.056199
v 0.160440 0.060756 0.056199
v 0.145505 0.090889 0.056199
v -0.202915 -0.076840 0.083553
v -0.214007 -0.035777 0.083553
v 0.211407 -0.048843 0.083553
v 0.197816 -0.089148 0.083553
v 0.158063 0.148643 0.083553
v 0.184025 0.114950 0.083553
v -0.216874 0.006661 0.083553
v 0.176623 -0.126027 0.083553
v -0.211408 0.048843 0.083553
v 0.148643 -0.158063 0.083553
v -0.197817 0.089148 0.083553
v 0.114950 -0.184025 0.083553
v -0.176624 0.126027 0.083553
v 0.076840 -0.202915 0.083553
v -0.148643 0.158063 0.083553
v 0.035777 -0.214006 0.083553
v -0.114950 0.184025 0.083553
v -0.006661 -0.216874 0.083553
v -0.076840 0.202915 0.083553
v -0.048843 -0.211407 0.083553
v -0.035777 0.214006 0.083553
v -0.089148 -0.197816 0.083553
v 0.006661 0.216874 0.083553
v -0.126027 -0.176624 0.083553
v 0.202914 0.076840 0.083553
v 0.048843 0.211407 0.083553
v -0.158063 -0.148643 0.083553
v 0.214006 0.035777 0.083553
v 0.089148 0.197816 0.083553
v -0.184025 -0.114950 0.083553
v 0.216874 -0.006661 0.083553
v 0.126027 0.176623 0.083553
v -0.228951 -0.143013 -0.039405
v -0.196651 -0.184931 -0.039405
v -0.156794 -0.219742 -0.039405
v -0.110912 -0.246109 -0.039405
v -0.060767 -0.263018 -0.039405
v -0.008287 -0.269819 -0.039405
v 0.044511 -0.266251 -0.039405
v 0.095599 -0.252452 -0.039405
v 0.143013 -0.228951 -0.039405
v 0.184931 -0.196651 -0.039405
v 0.219742 -0.156794 -0.039405
v 0.246109 -0.110911 -0.039405
v 0.263018 -0.060767 -0.039405
v 0.269819 -0.008287 -0.039405
v 0.266251 0.044511 -0.039405
v 0.252452 0.095599 -0.039405
v 0.228951 0.143013 -0.039405
v 0.196651 0.184931 -0.039405
v 0.156794 0.219743 -0.039405
v 0.110911 0.246109 -0.039405
v 0.060767 0.263018 -0.039405
v 0.008287 0.269819 -0.039405
v -0.044512 0.266252 -0.039405
v -0.095599 0.252452 -0.039405
v -0.143013 0.228950 -0.039405
v -0.184931 0.196651 -0.039405
v -0.219743 0.156794 -0.039405
v -0.246109 0.110911 -0.039405
v -0.263018 0.060767 -0.039405
v -0.269819 0.008287 -0.039405
v -0.266251 -0.044512 -0.039405
v -0.252452 -0.095599 -0.039405
v -0.196651 -0.184931 -0.032610
v -0.156794 -0.219742 -0.032610
v -0.110912 -0.246109 -0.032610
v -0.060767 -0.263018 -0.032610
v -0.008287 -0.269819 -0.032610
v 0.044511 -0.266251 -0.032610
v 0.095599 -0.252452 -0.032610
v 0.143013 -0.228951 -0.032610
v 0.184931 -0.196651 -0.032610
v 0.219742 -0.156794 -0.032610
v 0.246109 -0.110911 -0.032610
v 0.263018 -0.060767 -0.032610
v 0.269819 -0.008287 -0.032610
v 0.266251 0.044511 -0.032610
v 0.252452 0.095599 -0.032610
v 0.228951 0.143013 -0.032610
v 0.196651 0.184931 -0.032610
v 0.156794 0.219743 -0.032610
v 0.110911 0.246109 -0.032610
v 0.060767 0.263018 -0.032610
v 0.008287 0.269819 -0.032610
v -0.044512 0.266252 -0.032610
v -0.095599 0.252452 -0.032610
v -0.143013 0.228950 -0.032610
v -0.184931 0.196651 -0.032610
v -0.219743 0.156794 -0.032610
v -0.246109 0.110911 -0.032610
v -0.263018 0.060767 -0.032610
v -0.269819 0.008287 -0.032610
v -0.266251 -0.044512 -0.032610
v -0.252452 -0.095599 -0.032610
v -0.228951 -0.143013 -0.032610
v -0.196651 -0.184931 -0.002432
v -0.156794 -0.219742 -0.002432
v -0.110912 -0.246109 -0.002432
v -0.060767 -0.263018 -0.002432
v -0.008287 -0.269819 -0.002432
v 0.044511 -0.266251 -0.002432
v 0.095599 -0.252452 -0.002432
v 0.143013 -0.228951 -0.002432
v 0.184931 -0.196651 -0.002432
v 0.219742 -0.156794 -0.002432
v 0.246109 -0.110911 -0.002432
v 0.263018 -0.060767 -0.002432
v 0.269819 -0.008287 -0.002433
v 0.266252 0.044511 -0.002433
v 0.252452 0.095599 -0.002433
v 0.228951 0.143013 -0.002433
v 0.196651 0.184931 -0.002433
v 0.156794 0.219743 -0.002433
v 0.110911 0.246109 -0.002433
v 0.060767 0.263018 -0.002432
v 0.008287 0.269819 -0.002432
v -0.044512 0.266252 -0.002432
v -0.095599 0.252452 -0.002432
v -0.143013 0.228950 -0.002432
v -0.184931 0.196651 -0.002432
v -0.219743 0.156794 -0.002432
v -0.246109 0.110911 -0.002432
v -0.263018 0.060767 -0.002432
v -0.269819 0.008287 -0.002432
v -0.266251 -0.044512 -0.002432
v -0.252452 -0.095599 -0.002432
v -0.228951 -0.143013 -0.002432
v -0.196651 -0.184931 0.004496
v -0.156794 -0.219742 0.004496
v -0.110912 -0.246109 0.004496
v -0.060767 -0.263018 0.004496
v -0.008287 -0.269819 0.004496
v 0.044511 -0.266251 0.004496
v 0.095599 -0.252452 0.004496
v 0.143013 -0.228951 0.004496
v 0.184931 -0.196651 0.004496
v 0.219742 -0.156794 0.004496
v 0.246109 -0.110911 0.004496
v 0.263018 -0.060767 0.004496
v 0.269819 -0.008287 0.004496
v 0.266252 0.044511 0.004496
v 0.252452 0.095599 0.004496
v 0.228951 0.143013 0.004496
v 0.196651 0.184931 0.004496
v 0.156794 0.219743 0.004496
v 0.110911 0.246109 0.004496
v 0.060767 0.263018 0.004496
v 0.008287 0.269819 0.004496
v -0.044512 0.266252 0.004496
v -0.095599 0.252452 0.004496
v -0.143013 0.228950 0.004496
v -0.184931 0.196651 0.004496
v -0.219743 0.156794 0.004496
v -0.246109 0.110911 0.004496
v -0.263018 0.060767 0.004496
v -0.269819 0.008287 0.004496
v -0.266251 -0.044512 0.004496
v -0.252452 -0.095599 0.004496
v -0.228951 -0.143013 0.004496
v -0.196651 -0.184931 0.042018
v -0.156794 -0.219742 0.042018
v -0.110912 -0.246109 0.042018
v -0.060767 -0.263018 0.042018
v -0.008287 -0.269819 0.042018
v 0.044511 -0.266251 0.042018
v 0.095599 -0.252452 0.042018
v 0.143013 -0.228951 0.042018
v 0.184931 -0.196651 0.042018
v 0.219742 -0.156794 0.042018
v 0.246109 -0.110911 0.042018
v 0.263018 -0.060767 0.042018
v 0.269819 -0.008287 0.042018
v 0.266252 0.044511 0.042018
v 0.252452 0.095599 0.042018
v 0.228951 0.143013 0.042018
v 0.196651 0.184931 0.042018
v 0.156794 0.219743 0.042018
v 0.110911 0.246109 0.042018
v 0.060767 0.263018 0.042018
v 0.008287 0.269819 0.042018
v -0.044512 0.266252 0.042018
v -0.095599 0.252452 0.042018
v -0.143013 0.228950 0.042018
v -0.184931 0.196651 0.042018
v -0.219743 0.156794 0.042018
v -0.246109 0.110911 0.042018
v -0.263018 0.060767 0.042018
v -0.269819 0.008287 0.042018
v -0.266252 -0.044512 0.042018
v -0.252452 -0.095599 0.042018
v -0.228951 -0.143013 0.042018
v -0.228951 -0.143013 0.036230
v -0.196651 -0.184931 0.036230
v -0.156794 -0.219742 0.036230
v -0.110912 -0.246109 0.036230
v -0.060767 -0.263018 0.036230
v -0.008287 -0.269819 0.036230
v 0.044511 -0.266251 0.036230
v 0.095599 -0.252452 0.036230
v 0.143013 -0.228951 0.036230
v 0.184931 -0.196651 0.036230
v 0.219742 -0.156794 0.036230
v 0.246109 -0.110911 0.036230
v 0.263018 -0.060767 0.036230
v 0.269819 -0.008287 0.036230
v 0.266252 0.044511 0.036230
v 0.252452 0.095599 0.036230
v 0.228951 0.143013 0.036230
v 0.196651 0.184931 0.036230
v 0.156794 0.219743 0.036230
v 0.110911 0.246109 0.036230
v 0.060767 0.263018 0.036230
v 0.008287 0.269819 0.036230
v -0.044512 0.266252 0.036230
v -0.095599 0.252452 0.036230
v -0.143013 0.228950 0.036230
v -0.184931 0.196651 0.036230
v -0.219743 0.156794 0.036230
v -0.246109 0.110911 0.036230
v -0.263018 0.060767 0.036230
v -0.269819 0.008287 0.036230
v -0.266252 -0.044512 0.036230
v -0.252452 -0.095599 0.036230
v -0.226547 -0.141512 -0.032254
v -0.226547 -0.141512 -0.038977
v -0.249802 -0.094596 -0.038977
v -0.263457 -0.044044 -0.038977
v -0.266987 0.008200 -0.038977
v -0.260257 0.060129 -0.038977
v -0.243526 0.109747 -0.038977
v -0.217436 0.155148 -0.038977
v -0.182990 0.194586 -0.038977
v -0.141512 0.226547 -0.038977
v -0.094596 0.249802 -0.038977
v -0.044044 0.263457 -0.038977
v 0.008200 0.266987 -0.038977
v 0.060129 0.260257 -0.038977
v 0.109747 0.243526 -0.038977
v 0.155148 0.217436 -0.038977
v 0.194586 0.182990 -0.038977
v 0.226547 0.141512 -0.038977
v 0.249802 0.094596 -0.038977
v 0.263457 0.044044 -0.038977
v 0.266987 -0.008200 -0.038977
v 0.260257 -0.060129 -0.038977
v 0.243526 -0.109747 -0.038977
v 0.217436 -0.155148 -0.038977
v 0.182990 -0.194587 -0.038977
v 0.141512 -0.226547 -0.038977
v 0.094595 -0.249802 -0.038977
v 0.044044 -0.263456 -0.038977
v -0.008200 -0.266987 -0.038977
v -0.060129 -0.260257 -0.038977
v -0.109747 -0.243526 -0.038977
v -0.155148 -0.217436 -0.038977
v -0.194587 -0.182990 -0.038977
v -0.194587 -0.182990 -0.032254
v -0.155148 -0.217436 -0.032254
v -0.109747 -0.243526 -0.032254
v -0.060129 -0.260257 -0.032254
v -0.008200 -0.266987 -0.032254
v 0.044044 -0.263456 -0.032254
v 0.094595 -0.249802 -0.032254
v 0.141512 -0.226547 -0.032254
v 0.182990 -0.194587 -0.032254
v 0.217436 -0.155148 -0.032254
v 0.243526 -0.109747 -0.032254
v 0.260257 -0.060129 -0.032254
v 0.266987 -0.008200 -0.032254
v 0.263457 0.044044 -0.032254
v 0.249802 0.094596 -0.032254
v 0.226547 0.141512 -0.032254
v 0.194586 0.182990 -0.032254
v 0.155148 0.217436 -0.032254
v 0.109747 0.243526 -0.032254
v 0.060129 0.260257 -0.032254
v 0.008200 0.266987 -0.032254
v -0.044044 0.263457 -0.032254
v -0.094596 0.249802 -0.032254
v -0.141512 0.226547 -0.032254
v -0.182990 0.194586 -0.032254
v -0.217436 0.155148 -0.032254
v -0.243526 0.109747 -0.032254
v -0.260257 0.060129 -0.032254
v -0.266987 0.008200 -0.032254
v -0.263457 -0.044044 -0.032254
v -0.249802 -0.094596 -0.032254
v -0.226547 -0.141512 0.004464
v -0.226547 -0.141512 -0.002392
v -0.249802 -0.094596 -0.002392
v -0.263457 -0.044044 -0.002392
v -0.266987 0.008200 -0.002392
v -0.260257 0.060129 -0.002392
v -0.243526 0.109747 -0.002392
v -0.217436 0.155148 -0.002392
v -0.182990 0.194586 -0.002392
v -0.141512 0.226547 -0.002392
v -0.094596 0.249802 -0.002392
v -0.044044 0.263457 -0.002392
v 0.008200 0.266987 -0.002392
v 0.060129 0.260257 -0.002392
v 0.109747 0.243526 -0.002392
v 0.155148 0.217436 -0.002392
v 0.194587 0.182990 -0.002392
v 0.226547 0.141512 -0.002392
v 0.249802 0.094596 -0.002392
v 0.263457 0.044044 -0.002392
v 0.266987 -0.008200 -0.002392
v 0.260257 -0.060129 -0.002392
v 0.243526 -0.109747 -0.002392
v 0.217436 -0.155148 -0.002392
v 0.182990 -0.194587 -0.002392
v 0.141512 -0.226547 -0.002392
v 0.094595 -0.249802 -0.002392
v 0.044044 -0.263456 -0.002392
v -0.008200 -0.266987 -0.002392
v -0.060129 -0.260257 -0.002392
v -0.109747 -0.243526 -0.002392
v -0.155148 -0.217436 -0.002392
v -0.194587 -0.182990 -0.002392
v -0.194587 -0.182990 0.004464
v -0.155148 -0.217436 0.004464
v -0.109747 -0.243526 0.004464
v -0.060129 -0.260257 0.004464
v -0.008200 -0.266987 0.004464
v 0.044044 -0.263456 0.004464
v 0.094595 -0.249802 0.004464
v 0.141512 -0.226547 0.004464
v 0.182990 -0.194587 0.004464
v 0.217436 -0.155148 0.004464
v 0.243526 -0.109747 0.004464
v 0.260257 -0.060129 0.004464
v 0.266987 -0.008200 0.004464
v 0.263457 0.044044 0.004464
v 0.249802 0.094596 0.004464
v 0.226547 0.141512 0.004464
v 0.194587 0.182990 0.004464
v 0.155148 0.217436 0.004464
v 0.109747 0.243526 0.004464
v 0.060129 0.260257 0.004464
v 0.008200 0.266987 0.004464
v -0.044044 0.263457 0.004464
v -0.094596 0.249802 0.004464
v -0.141512 0.226547 0.004464
v -0.182990 0.194586 0.004464
v -0.217436 0.155148 0.004464
v -0.243526 0.109747 0.004464
v -0.260257 0.060129 0.004464
v -0.266987 0.008200 0.004464
v -0.263457 -0.044044 0.004464
v -0.249802 -0.094596 0.004464
v -0.194587 -0.182990 0.035864
v -0.194587 -0.182990 0.041592
v -0.155148 -0.217436 0.035864
v -0.155148 -0.217436 0.041592
v -0.109747 -0.243526 0.035864
v -0.109747 -0.243526 0.041592
v -0.060129 -0.260257 0.035864
v -0.060129 -0.260257 0.041592
v -0.008200 -0.266987 0.035864
v -0.008200 -0.266987 0.041592
v 0.044044 -0.263456 0.035864
v 0.044044 -0.263456 0.041592
v 0.094595 -0.249802 0.035864
v 0.094595 -0.249802 0.041592
v 0.141512 -0.226547 0.035864
v 0.141512 -0.226547 0.041592
v 0.182990 -0.194587 0.035864
v 0.182990 -0.194587 0.041592
v 0.217436 -0.155148 0.035864
v 0.217436 -0.155148 0.041592
v 0.243526 -0.109747 0.035864
v 0.243526 -0.109747 0.041592
v 0.260257 -0.060129 0.035864
v 0.260257 -0.060129 0.041592
v 0.266987 -0.008200 0.035864
v 0.266987 -0.008200 0.041592
v 0.263457 0.044044 0.035864
v 0.263457 0.044044 0.041592
v 0.249802 0.094596 0.035864
v 0.249802 0.094596 0.041592
v 0.226547 0.141512 0.035864
v 0.226547 0.141512 0.041592
v 0.194587 0.182990 0.035864
v 0.194587 0.182990 0.041592
v 0.155148 0.217436 0.035864
v 0.155148 0.217436 0.041592
v 0.109747 0.243526 0.035864
v 0.109747 0.243526 0.041592
v 0.060129 0.260257 0.035864
v 0.060129 0.260257 0.041592
v 0.008200 0.266987 0.035864
v 0.008200 0.266987 0.041592
v -0.044044 0.263457 0.035864
v -0.044044 0.263457 0.041592
v -0.094596 0.249802 0.035864
v -0.094596 0.249802 0.041592
v -0.141512 0.226547 0.035864
v -0.141512 0.226547 0.041592
v -0.182990 0.194586 0.035864
v -0.182990 0.194586 0.041592
v -0.217436 0.155148 0.035864
v -0.217436 0.155148 0.041592
v -0.243526 0.109747 0.035864
v -0.243526 0.109747 0.041592
v -0.260257 0.060129 0.035864
v -0.260257 0.060129 0.041592
v -0.266987 0.008200 0.035864
v -0.266987 0.008200 0.041592
v -0.263457 -0.044044 0.035864
v -0.263457 -0.044044 0.041592
v -0.249802 -0.094596 0.035864
v -0.249802 -0.094596 0.041592
v -0.226547 -0.141512 0.041592
v -0.226547 -0.141512 0.035864
v -0.228951 -0.143013 -0.040720
v -0.196651 -0.184931 -0.040720
v -0.156794 -0.219742 -0.040720
v -0.110912 -0.246109 -0.040720
v -0.060767 -0.263018 -0.040720
v -0.008287 -0.269819 -0.040720
v 0.044511 -0.266251 -0.040720
v 0.095599 -0.252452 -0.040720
v 0.143013 -0.228951 -0.040720
v 0.184931 -0.196651 -0.040720
v 0.219742 -0.156794 -0.040720
v 0.246109 -0.110911 -0.040720
v 0.263018 -0.060767 -0.040720
v 0.269819 -0.008287 -0.040720
v 0.266251 0.044511 -0.040720
v 0.252452 0.095599 -0.040720
v 0.228951 0.143013 -0.040720
v 0.196651 0.184931 -0.040720
v 0.156794 0.219743 -0.040720
v 0.110911 0.246109 -0.040720
v 0.060767 0.263018 -0.040720
v 0.008287 0.269819 -0.040720
v -0.044512 0.266252 -0.040720
v -0.095599 0.252452 -0.040720
v -0.143013 0.228950 -0.040720
v -0.184931 0.196651 -0.040720
v -0.219743 0.156794 -0.040720
v -0.246109 0.110911 -0.040720
v -0.263018 0.060767 -0.040720
v -0.269819 0.008287 -0.040720
v -0.266252 -0.044512 -0.040720
v -0.252452 -0.095599 -0.040720
v -0.228951 -0.143013 -0.031600
v -0.196651 -0.184931 -0.031600
v -0.156794 -0.219742 -0.031600
v -0.110912 -0.246109 -0.031600
v -0.060767 -0.263018 -0.031600
v -0.008287 -0.269819 -0.031600
v 0.044511 -0.266251 -0.031600
v 0.095599 -0.252452 -0.031600
v 0.143013 -0.228951 -0.031600
v 0.184931 -0.196651 -0.031600
v 0.219742 -0.156794 -0.031600
v 0.246109 -0.110911 -0.031600
v 0.263018 -0.060767 -0.031600
v 0.269819 -0.008287 -0.031600
v 0.266251 0.044511 -0.031600
v 0.252452 0.095599 -0.031600
v 0.228951 0.143013 -0.031600
v 0.196651 0.184931 -0.031600
v 0.156794 0.219743 -0.031600
v 0.110911 0.246109 -0.031600
v 0.060767 0.263018 -0.031600
v 0.008287 0.269819 -0.031600
v -0.044512 0.266252 -0.031600
v -0.095599 0.252452 -0.031600
v -0.143013 0.228950 -0.031600
v -0.184931 0.196651 -0.031600
v -0.219743 0.156794 -0.031600
v -0.246109 0.110911 -0.031600
v -0.263018 0.060767 -0.031600
v -0.269819 0.008287 -0.031600
v -0.266251 -0.044512 -0.031600
v -0.252452 -0.095599 -0.031600
v -0.196651 -0.184931 -0.003752
v -0.156794 -0.219742 -0.003752
v -0.110912 -0.246109 -0.003752
v -0.060767 -0.263018 -0.003752
v -0.008287 -0.269819 -0.003752
v 0.044511 -0.266251 -0.003752
v 0.095599 -0.252452 -0.003752
v 0.143013 -0.228951 -0.003752
v 0.184931 -0.196651 -0.003752
v 0.219742 -0.156794 -0.003752
v 0.246109 -0.110911 -0.003752
v 0.263018 -0.060767 -0.003752
v 0.269819 -0.008287 -0.003752
v 0.266252 0.044511 -0.003752
v 0.252452 0.095599 -0.003752
v 0.228951 0.143013 -0.003752
v 0.196651 0.184931 -0.003752
v 0.156794 0.219743 -0.003752
v 0.110911 0.246109 -0.003752
v 0.060767 0.263018 -0.003752
v 0.008287 0.269819 -0.003752
v -0.044512 0.266252 -0.003752
v -0.095599 0.252452 -0.003752
v -0.143013 0.228950 -0.003752
v -0.184931 0.196651 -0.003752
v -0.219743 0.156794 -0.003752
v -0.246109 0.110911 -0.003752
v -0.263018 0.060767 -0.003752
v -0.269819 0.008287 -0.003752
v -0.266251 -0.044512 -0.003752
v -0.252452 -0.095599 -0.003752
v -0.228951 -0.143013 -0.003752
v -0.228951 -0.143013 0.006264
v -0.196651 -0.184931 0.006264
v -0.156794 -0.219742 0.006264
v -0.110912 -0.246109 0.006264
v -0.060767 -0.263018 0.006264
v -0.008287 -0.269819 0.006264
v 0.044511 -0.266251 0.006264
v 0.095599 -0.252452 0.006264
v 0.143013 -0.228951 0.006264
v 0.184931 -0.196651 0.006264
v 0.219742 -0.156794 0.006264
v 0.246109 -0.110911 0.006264
v 0.263018 -0.060767 0.006264
v 0.269819 -0.008287 0.006264
v 0.266252 0.044511 0.006264
v 0.252452 0.095599 0.006264
v 0.228951 0.143013 0.006264
v 0.196651 0.184931 0.006264
v 0.156794 0.219743 0.006264
v 0.110911 0.246109 0.006264
v 0.060767 0.263018 0.006264
v 0.008287 0.269819 0.006264
v -0.044512 0.266252 0.006264
v -0.095599 0.252452 0.006264
v -0.143013 0.228950 0.006264
v -0.184931 0.196651 0.006264
v -0.219743 0.156794 0.006264
v -0.246109 0.110911 0.006264
v -0.263018 0.060767 0.006264
v -0.269819 0.008287 0.006264
v -0.266251 -0.044512 0.006264
v -0.252452 -0.095599 0.006264
v -0.196651 -0.184931 0.034661
v -0.156794 -0.219742 0.034661
v -0.110912 -0.246109 0.034661
v -0.060767 -0.263018 0.034661
v -0.008287 -0.269819 0.034661
v 0.044511 -0.266251 0.034661
v 0.095599 -0.252452 0.034661
v 0.143013 -0.228951 0.034661
v 0.184931 -0.196651 0.034661
v 0.219742 -0.156794 0.034661
v 0.246109 -0.110911 0.034661
v 0.263018 -0.060767 0.034661
v 0.269819 -0.008287 0.034661
v 0.266252 0.044511 0.034661
v 0.252452 0.095599 0.034661
v 0.228951 0.143013 0.034661
v 0.196651 0.184931 0.034661
v 0.156794 0.219743 0.034661
v 0.110911 0.246109 0.034661
v 0.060767 0.263018 0.034661
v 0.008287 0.269819 0.034661
v -0.044512 0.266252 0.034661
v -0.095599 0.252452 0.034661
v -0.143013 0.228950 0.034661
v -0.184931 0.196651 0.034661
v -0.219743 0.156794 0.034661
v -0.246109 0.110911 0.034661
v -0.263018 0.060767 0.034661
v -0.269819 0.008287 0.034661
v -0.266252 -0.044512 0.034661
v -0.252452 -0.095599 0.034661
v -0.228951 -0.143013 0.034661
v -0.196651 -0.184931 0.044501
v -0.156794 -0.219742 0.044501
v -0.110912 -0.246109 0.044501
v -0.060767 -0.263018 0.044501
v -0.008287 -0.269819 0.044501
v 0.044511 -0.266251 0.044501
v 0.095599 -0.252452 0.044501
v 0.143013 -0.228951 0.044501
v 0.184931 -0.196651 0.044501
v 0.219742 -0.156794 0.044501
v 0.246109 -0.110911 0.044501
v 0.263018 -0.060767 0.044501
v 0.269819 -0.008287 0.044501
v 0.266252 0.044511 0.044501
v 0.252452 0.095599 0.044501
v 0.228951 0.143013 0.044501
v 0.196651 0.184931 0.044501
v 0.156794 0.219743 0.044501
v 0.110911 0.246109 0.044501
v 0.060767 0.263018 0.044501
v 0.008287 0.269819 0.044501
v -0.044512 0.266252 0.044501
v -0.095599 0.252452 0.044501
v -0.143013 0.228950 0.044501
v -0.184931 0.196651 0.044501
v -0.219743 0.156794 0.044501
v -0.246109 0.110911 0.044501
v -0.263018 0.060767 0.044501
v -0.269819 0.008287 0.044501
v -0.266252 -0.044512 0.044501
v -0.252452 -0.095599 0.044501
v -0.228951 -0.143013 0.044501
v 0.119903 0.074379 0.037678
v 0.119903 0.074379 0.057696
v 0.132259 0.049449 0.037678
v 0.132259 0.049449 0.057696
v 0.139515 0.022588 0.037678
v 0.139515 0.022588 0.057696
v 0.141391 -0.005173 0.037678
v 0.141391 -0.005173 0.057696
v 0.137815 -0.032766 0.037678
v 0.137815 -0.032766 0.057696
v 0.128925 -0.059131 0.037678
v 0.128925 -0.059131 0.057696
v 0.115061 -0.083256 0.037678
v 0.115061 -0.083256 0.057696
v 0.096758 -0.104212 0.037678
v 0.096758 -0.104212 0.057696
v 0.074718 -0.121195 0.037678
v 0.074718 -0.121195 0.057696
v 0.049788 -0.133551 0.037678
v 0.049788 -0.133551 0.057696
v 0.022927 -0.140807 0.037678
v 0.022927 -0.140807 0.057696
v -0.004833 -0.142683 0.037678
v -0.004833 -0.142683 0.057696
v -0.032427 -0.139107 0.037678
v -0.032427 -0.139107 0.057696
v -0.058792 -0.130216 0.037678
v -0.058792 -0.130216 0.057696
v -0.082916 -0.116353 0.037678
v -0.082916 -0.116353 0.057696
v -0.103873 -0.098050 0.037678
v -0.103873 -0.098050 0.057696
v -0.120855 -0.076010 0.037678
v -0.120855 -0.076010 0.057696
v -0.133212 -0.051080 0.037678
v -0.133212 -0.051080 0.057696
v -0.140468 -0.024219 0.037678
v -0.140468 -0.024219 0.057696
v -0.142344 0.003542 0.037678
v -0.142344 0.003542 0.057696
v -0.138768 0.031135 0.037678
v -0.138768 0.031135 0.057696
v -0.129877 0.057500 0.037678
v -0.129877 0.057500 0.057696
v -0.116014 0.081625 0.037678
v -0.116014 0.081625 0.057696
v -0.097710 0.102581 0.037678
v -0.097710 0.102581 0.057696
v -0.075670 0.119564 0.037678
v -0.075670 0.119564 0.057696
v -0.050741 0.131920 0.037678
v -0.050741 0.131920 0.057696
v -0.023880 0.139176 0.037678
v -0.023880 0.139176 0.057696
v 0.003881 0.141052 0.037678
v 0.003881 0.141052 0.057696
v 0.031474 0.137476 0.037678
v 0.031474 0.137476 0.057696
v 0.057840 0.128585 0.037678
v 0.057840 0.128585 0.057696
v 0.081964 0.114722 0.037678
v 0.081964 0.114722 0.057696
v 0.102920 0.096419 0.037678
v 0.102920 0.096419 0.057696
v 0.105428 0.065337 0.029285
v 0.116299 0.043405 0.029285
v 0.122682 0.019774 0.029285
v 0.124332 -0.004649 0.029285
v 0.121186 -0.028924 0.029285
v 0.113365 -0.052119 0.029285
v 0.101169 -0.073343 0.029285
v 0.085066 -0.091779 0.029285
v 0.065676 -0.106720 0.029285
v 0.043744 -0.117591 0.029286
v 0.020113 -0.123974 0.029286
v -0.004310 -0.125624 0.029286
v -0.028585 -0.122478 0.029286
v -0.051780 -0.114657 0.029286
v -0.073004 -0.102460 0.029286
v -0.091440 -0.086358 0.029286
v -0.106380 -0.066968 0.029286
v -0.117251 -0.045036 0.029286
v -0.123635 -0.021405 0.029286
v -0.125285 0.003018 0.029286
v -0.122139 0.027293 0.029286
v -0.114317 0.050488 0.029286
v -0.102121 0.071712 0.029286
v -0.086019 0.090148 0.029286
v -0.066629 0.105089 0.029285
v -0.044697 0.115960 0.029285
v -0.021065 0.122343 0.029285
v 0.003357 0.123993 0.029285
v 0.027632 0.120847 0.029285
v 0.050828 0.113026 0.029285
v 0.072051 0.100829 0.029285
v 0.090487 0.084727 0.029285
v 0.097153 0.060168 0.004203
v 0.107175 0.039950 0.004203
v 0.113059 0.018165 0.004203
v 0.114581 -0.004349 0.004203
v 0.111680 -0.026728 0.004203
v 0.104470 -0.048111 0.004203
v 0.093227 -0.067676 0.004203
v 0.078382 -0.084672 0.004203
v 0.060508 -0.098445 0.004203
v 0.040289 -0.108467 0.004203
v 0.018504 -0.114351 0.004203
v -0.004010 -0.115872 0.004203
v -0.026389 -0.112972 0.004203
v -0.047771 -0.105762 0.004203
v -0.067337 -0.094518 0.004203
v -0.084333 -0.079674 0.004203
v -0.098106 -0.061799 0.004203
v -0.108127 -0.041581 0.004203
v -0.114012 -0.019796 0.004203
v -0.115533 0.002718 0.004203
v -0.112633 0.025097 0.004203
v -0.105423 0.046480 0.004203
v -0.094179 0.066045 0.004203
v -0.079335 0.083041 0.004203
v -0.061460 0.096814 0.004203
v -0.041242 0.106835 0.004203
v -0.019457 0.112720 0.004203
v 0.003058 0.114241 0.004203
v 0.025436 0.111341 0.004203
v 0.046819 0.104131 0.004203
v 0.066384 0.092887 0.004203
v 0.083380 0.078043 0.004203
v 0.088218 0.054587 -0.003397
v 0.097323 0.036219 -0.003397
v 0.102669 0.016428 -0.003397
v 0.104051 -0.004026 -0.003397
v 0.101416 -0.024356 -0.003397
v 0.094866 -0.043782 -0.003397
v 0.084651 -0.061557 -0.003397
v 0.071166 -0.076997 -0.003397
v 0.054927 -0.089510 -0.003397
v 0.036559 -0.098615 -0.003397
v 0.016767 -0.103961 -0.003397
v -0.003687 -0.105343 -0.003397
v -0.024017 -0.102708 -0.003397
v -0.043443 -0.096157 -0.003397
v -0.061218 -0.085943 -0.003397
v -0.076658 -0.072457 -0.003397
v -0.089171 -0.056218 -0.003397
v -0.098275 -0.037850 -0.003397
v -0.103621 -0.018059 -0.003397
v -0.105003 0.002395 -0.003397
v -0.102369 0.022725 -0.003397
v -0.095818 0.042151 -0.003397
v -0.085604 0.059926 -0.003397
v -0.072118 0.075366 -0.003397
v -0.055879 0.087879 -0.003397
v -0.037511 0.096983 -0.003397
v -0.017720 0.102329 -0.003397
v 0.002734 0.103712 -0.003397
v 0.023065 0.101077 -0.003397
v 0.042491 0.094526 -0.003397
v 0.060265 0.084312 -0.003397
v 0.075706 0.070826 -0.003397
v 0.115097 -0.052900 0.030220
v 0.123037 -0.029352 0.030220
v -0.074107 -0.104007 0.030220
v -0.052560 -0.116389 0.030220
v -0.087320 0.091532 0.030220
v -0.103667 0.072815 0.030220
v 0.118075 0.044078 0.030220
v 0.107039 0.066343 0.030220
v 0.091871 0.086028 0.030220
v 0.020426 -0.125847 0.030220
v 0.044417 -0.119367 0.030220
v -0.127183 0.003076 0.030220
v -0.125508 -0.021718 0.030220
v 0.028060 0.122698 0.030220
v 0.003416 0.125892 0.030220
v 0.102715 -0.074446 0.030220
v -0.092824 -0.087659 0.030220
v -0.067635 0.106700 0.030220
v 0.124556 0.020087 0.030220
v -0.004368 -0.127523 0.030220
v -0.123990 0.027721 0.030220
v 0.051608 0.114757 0.030220
v 0.086368 -0.093163 0.030220
v -0.107992 -0.067975 0.030220
v -0.045369 0.117736 0.030220
v 0.126231 -0.004707 0.030220
v -0.029012 -0.124329 0.030220
v -0.116049 0.051269 0.030220
v 0.073154 0.102376 0.030220
v 0.066683 -0.108331 0.030220
v -0.119028 -0.045709 0.030220
v -0.021379 0.124216 0.030220
v -0.044205 0.114661 0.025716
v -0.065893 0.103911 0.025716
v -0.028272 -0.121125 0.025716
v -0.004267 -0.124236 0.025716
v -0.020836 0.120973 0.025716
v -0.051209 -0.113391 0.025716
v 0.003315 0.122605 0.025716
v -0.072197 -0.101330 0.025716
v 0.115000 0.042913 0.025716
v 0.104250 0.064602 0.025716
v 0.027320 0.119494 0.025716
v -0.090428 -0.085407 0.025716
v 0.121313 0.019545 0.025716
v 0.050257 0.111760 0.025716
v -0.105203 -0.066233 0.025716
v 0.122945 -0.004606 0.025716
v 0.071245 0.099699 0.025716
v -0.115953 -0.044544 0.025716
v 0.119834 -0.028612 0.025716
v 0.089476 0.083776 0.025716
v -0.122265 -0.021176 0.025716
v 0.112099 -0.051549 0.025716
v -0.123897 0.002975 0.025716
v 0.100038 -0.072536 0.025716
v -0.120786 0.026981 0.025716
v 0.084115 -0.090768 0.025716
v -0.113052 0.049918 0.025716
v 0.064941 -0.105542 0.025716
v -0.100991 0.070905 0.025716
v 0.043253 -0.116292 0.025716
v -0.085067 0.089137 0.025716
v 0.019884 -0.122604 0.025716
v -0.041671 0.107969 0.007318
v -0.026661 -0.114153 0.007318
v -0.019657 0.113915 0.007318
v -0.048269 -0.106867 0.007318
v 0.003095 0.115452 0.007318
v -0.068041 -0.095505 0.007318
v 0.108308 0.040379 0.007318
v 0.025709 0.112522 0.007318
v -0.085215 -0.080504 0.007318
v 0.114254 0.018365 0.007318
v 0.047317 0.105235 0.007318
v -0.099134 -0.062441 0.007318
v 0.115792 -0.004387 0.007318
v 0.067088 0.093874 0.007318
v -0.109260 -0.042010 0.007318
v 0.112861 -0.027001 0.007318
v 0.084263 0.078873 0.007318
v -0.115207 -0.019996 0.007318
v 0.105575 -0.048609 0.007318
v -0.116744 0.002755 0.007318
v 0.094213 -0.068380 0.007318
v -0.113814 0.025370 0.007318
v 0.079213 -0.085555 0.007318
v -0.106527 0.046978 0.007318
v 0.061150 -0.099473 0.007318
v -0.095166 0.066749 0.007318
v 0.040718 -0.109600 0.007318
v -0.080165 0.083923 0.007318
v 0.018704 -0.115546 0.007318
v -0.062102 0.097842 0.007318
v -0.004047 -0.117084 0.007318
v 0.098181 0.060810 0.007318
v 0.105810 0.039433 0.003150
v 0.095916 0.059395 0.003150
v 0.025108 0.109919 0.003150
v 0.003013 0.112783 0.003150
v -0.083270 -0.078675 0.003150
v -0.066489 -0.093331 0.003150
v 0.111620 0.017924 0.003150
v 0.046220 0.102800 0.003150
v -0.096868 -0.061026 0.003150
v 0.113122 -0.004305 0.003150
v 0.065537 0.091700 0.003150
v -0.106763 -0.041064 0.003150
v 0.110259 -0.026399 0.003150
v 0.082317 0.077043 0.003150
v -0.112572 -0.019555 0.003150
v 0.103140 -0.047511 0.003150
v -0.114075 0.002674 0.003150
v 0.092039 -0.066828 0.003150
v -0.111211 0.024768 0.003150
v 0.077383 -0.083609 0.003150
v -0.104092 0.045880 0.003150
v 0.059735 -0.097207 0.003150
v -0.092991 0.065197 0.003150
v 0.039773 -0.107102 0.003150
v -0.078335 0.081978 0.003150
v 0.018264 -0.112912 0.003150
v -0.060687 0.095576 0.003150
v -0.003965 -0.114414 0.003150
v -0.040725 0.105471 0.003150
v -0.026060 -0.111550 0.003150
v -0.019216 0.111281 0.003150
v -0.047172 -0.104432 0.003150
v 0.135636 -0.032263 0.036579
v -0.057873 -0.128178 0.036579
v -0.114193 0.080326 0.036579
v 0.118006 0.073194 0.036579
v 0.101291 0.094887 0.036579
v 0.048997 -0.131460 0.036579
v -0.138262 -0.023850 0.036579
v 0.003812 0.138817 0.036579
v 0.126886 -0.058213 0.036579
v -0.081618 -0.114533 0.036579
v -0.096179 0.100952 0.036579
v 0.130168 0.048657 0.036579
v 0.022558 -0.138601 0.036579
v -0.140108 0.003473 0.036579
v 0.030971 0.135297 0.036579
v 0.113241 -0.081957 0.036579
v -0.102244 -0.096518 0.036579
v -0.074486 0.117667 0.036579
v 0.137310 0.022219 0.036579
v -0.004765 -0.140448 0.036579
v -0.136589 0.030632 0.036579
v 0.056921 0.126547 0.036579
v 0.095226 -0.102583 0.036579
v -0.118959 -0.074825 0.036579
v -0.049949 0.129829 0.036579
v 0.139156 -0.005104 0.036579
v -0.031923 -0.136928 0.036579
v -0.127838 0.056582 0.036579
v 0.080665 0.112902 0.036579
v 0.073533 -0.119298 0.036579
v -0.131121 -0.050288 0.036579
v -0.023511 0.136970 0.036579
v 0.119903 0.074379 0.041627
v 0.132259 0.049449 0.041627
v 0.139515 0.022588 0.041627
v 0.141391 -0.005173 0.041627
v 0.137815 -0.032766 0.041627
v 0.128925 -0.059131 0.041627
v 0.115061 -0.083256 0.041627
v 0.096758 -0.104212 0.041627
v 0.074718 -0.121195 0.041627
v 0.049788 -0.133551 0.041627
v 0.022927 -0.140807 0.041627
v -0.004833 -0.142683 0.041627
v -0.032427 -0.139107 0.041627
v -0.058792 -0.130216 0.041627
v -0.082916 -0.116353 0.041627
v -0.103873 -0.098050 0.041627
v -0.120855 -0.076010 0.041627
v -0.133212 -0.051080 0.041627
v -0.140468 -0.024219 0.041627
v -0.142344 0.003542 0.041627
v -0.138768 0.031135 0.041627
v -0.129877 0.057500 0.041627
v -0.116014 0.081625 0.041627
v -0.097710 0.102581 0.041627
v -0.075670 0.119564 0.041627
v -0.050741 0.131920 0.041627
v -0.023880 0.139176 0.041627
v 0.003881 0.141052 0.041627
v 0.031474 0.137476 0.041627
v 0.057840 0.128585 0.041627
v 0.081964 0.114722 0.041627
v 0.102920 0.096419 0.041627
v 0.026112 -0.063301 -0.029547
v 0.032345 -0.063793 -0.037961
v 0.032712 -0.068010 -0.029547
v 0.037467 -0.063951 -0.037961
v 0.040708 -0.066674 -0.029547
v 0.041200 -0.060440 -0.037961
v 0.045418 -0.060074 -0.029547
v 0.041358 -0.055318 -0.037961
v 0.044081 -0.052077 -0.029547
v 0.039974 -0.053102 -0.037961
v 0.037481 -0.047368 -0.029547
v 0.035302 -0.050997 -0.037961
v 0.029484 -0.048704 -0.029547
v 0.030509 -0.052812 -0.037961
v 0.024775 -0.055304 -0.029547
v 0.028404 -0.057484 -0.037961
v -0.148635 -0.056285 -0.036532
v -0.156760 -0.026206 -0.036532
v -0.158860 0.004879 -0.036532
v -0.154856 0.035778 -0.036532
v -0.144901 0.065301 -0.036532
v -0.129377 0.092315 -0.036532
v -0.108881 0.115781 -0.036532
v -0.084201 0.134798 -0.036532
v -0.056286 0.148635 -0.036532
v -0.026207 0.156760 -0.036532
v 0.004879 0.158860 -0.036532
v 0.035777 0.154856 -0.036532
v 0.065300 0.144901 -0.036532
v 0.092314 0.129377 -0.036532
v 0.115781 0.108881 -0.036532
v 0.134798 0.084201 -0.036532
v 0.148634 0.056286 -0.036532
v 0.156759 0.026207 -0.036532
v 0.158860 -0.004879 -0.036532
v 0.154855 -0.035777 -0.036532
v 0.144900 -0.065300 -0.036532
v 0.129376 -0.092314 -0.036532
v 0.108881 -0.115781 -0.036532
v 0.084201 -0.134798 -0.036532
v 0.056285 -0.148634 -0.036532
v 0.026206 -0.156759 -0.036532
v -0.004879 -0.158859 -0.036532
v -0.035778 -0.154855 -0.036532
v -0.065301 -0.144900 -0.036532
v -0.092315 -0.129376 -0.036532
v -0.115781 -0.108880 -0.036532
v -0.134798 -0.084201 -0.036532
v -0.145680 -0.055166 -0.022881
v -0.153643 -0.025685 -0.022881
v -0.155702 0.004782 -0.022881
v -0.151777 0.035066 -0.022881
v -0.142020 0.064003 -0.022881
v -0.126805 0.090480 -0.022881
v -0.106717 0.113480 -0.022881
v -0.082527 0.132118 -0.022881
v -0.055167 0.145680 -0.022881
v -0.025686 0.153643 -0.022881
v 0.004782 0.155702 -0.022881
v 0.035066 0.151777 -0.022881
v 0.064002 0.142020 -0.022881
v 0.090479 0.126805 -0.022881
v 0.113479 0.106717 -0.022881
v 0.132118 0.082527 -0.022881
v 0.145679 0.055167 -0.022881
v 0.153643 0.025686 -0.022881
v 0.155701 -0.004782 -0.022881
v 0.151777 -0.035066 -0.022881
v 0.142019 -0.064002 -0.022881
v 0.126804 -0.090479 -0.022881
v 0.106716 -0.113479 -0.022881
v 0.082527 -0.132118 -0.022881
v 0.055166 -0.145679 -0.022881
v 0.025685 -0.153642 -0.022881
v -0.004782 -0.155701 -0.022881
v -0.035067 -0.151776 -0.022881
v -0.064003 -0.142019 -0.022881
v -0.090480 -0.126804 -0.022881
v -0.113480 -0.106716 -0.022881
v -0.132118 -0.082527 -0.022881
v -0.125115 -0.047379 -0.009965
v -0.131954 -0.022059 -0.009965
v -0.133722 0.004107 -0.009965
v -0.130352 0.030116 -0.009965
v -0.121972 0.054968 -0.009965
v -0.108904 0.077707 -0.009965
v -0.091652 0.097460 -0.009965
v -0.070877 0.113468 -0.009965
v -0.047379 0.125115 -0.009965
v -0.022060 0.131954 -0.009965
v 0.004107 0.133722 -0.009965
v 0.030116 0.130352 -0.009965
v 0.054967 0.121972 -0.009965
v 0.077706 0.108904 -0.009965
v 0.097459 0.091652 -0.009965
v 0.113467 0.070877 -0.009965
v 0.125114 0.047379 -0.009965
v 0.131954 0.022060 -0.009965
v 0.133722 -0.004107 -0.009965
v 0.130351 -0.030116 -0.009965
v 0.121971 -0.054967 -0.009965
v 0.108904 -0.077706 -0.009965
v 0.091651 -0.097459 -0.009965
v 0.070877 -0.113467 -0.009965
v 0.047378 -0.125114 -0.009965
v 0.022059 -0.131953 -0.009965
v -0.004107 -0.133722 -0.009965
v -0.030116 -0.130351 -0.009965
v -0.054968 -0.121971 -0.009965
v -0.077707 -0.108904 -0.009965
v -0.097460 -0.091651 -0.009965
v -0.113468 -0.070877 -0.009965
v -0.120537 -0.046035 0.006022
v -0.127363 -0.021576 0.006218
v -0.128864 0.003776 0.006022
v -0.125660 0.028503 0.006022
v -0.117693 0.052131 0.006022
v -0.105224 0.074250 0.006218
v -0.088359 0.093240 0.006022
v -0.068608 0.108459 0.006022
v -0.046268 0.119533 0.006022
v -0.021810 0.126355 0.006218
v 0.003543 0.127860 0.006022
v 0.028271 0.124655 0.006022
v 0.051898 0.116688 0.006022
v 0.074016 0.104215 0.006218
v 0.093008 0.087355 0.006022
v 0.108227 0.067604 0.006022
v 0.119300 0.045263 0.006022
v 0.126121 0.020801 0.006218
v 0.127627 -0.004547 0.006022
v 0.124423 -0.029275 0.006022
v 0.116456 -0.052902 0.006022
v 0.103981 -0.075025 0.006218
v 0.087122 -0.094012 0.006022
v 0.067371 -0.109231 0.006022
v 0.045031 -0.120304 0.006022
v 0.020567 -0.127129 0.006218
v -0.004780 -0.128632 0.006022
v -0.029508 -0.125427 0.006022
v -0.053135 -0.117460 0.006022
v -0.075259 -0.104990 0.006218
v -0.094245 -0.088127 0.006022
v -0.109464 -0.068375 0.006022
v -0.086883 -0.032901 -0.039427
v -0.091632 -0.015318 -0.039427
v -0.092860 0.002852 -0.039427
v -0.090519 0.020914 -0.039427
v -0.084700 0.038171 -0.039427
v -0.075626 0.053962 -0.039427
v -0.063645 0.067679 -0.039427
v -0.049219 0.078795 -0.039427
v -0.032901 0.086883 -0.039427
v -0.015319 0.091632 -0.039427
v 0.002852 0.092860 -0.039427
v 0.020913 0.090519 -0.039427
v 0.038170 0.084700 -0.039427
v 0.053961 0.075626 -0.039427
v 0.067678 0.063645 -0.039427
v 0.078794 0.049219 -0.039427
v 0.086882 0.032901 -0.039427
v 0.091631 0.015319 -0.039427
v 0.092859 -0.002852 -0.039427
v 0.090519 -0.020913 -0.039427
v 0.084699 -0.038170 -0.039427
v 0.075625 -0.053961 -0.039427
v 0.063645 -0.067678 -0.039427
v 0.049218 -0.078794 -0.039427
v 0.032901 -0.086882 -0.039427
v 0.015318 -0.091631 -0.039427
v -0.002852 -0.092859 -0.039427
v -0.020914 -0.090518 -0.039427
v -0.038171 -0.084699 -0.039427
v -0.053962 -0.075625 -0.039427
v -0.067679 -0.063644 -0.039427
v -0.078795 -0.049218 -0.039427
v -0.078707 -0.029804 -0.030457
v -0.083009 -0.013877 -0.031226
v -0.084121 0.002584 -0.038192
v -0.082001 0.018945 -0.038192
v -0.076729 0.034579 -0.038192
v -0.068509 0.048884 -0.031226
v -0.057656 0.061310 -0.030457
v -0.044587 0.071380 -0.030457
v -0.029805 0.078707 -0.030457
v -0.013878 0.083009 -0.031226
v 0.002583 0.084121 -0.038192
v 0.018945 0.082001 -0.038192
v 0.034578 0.076729 -0.038192
v 0.048883 0.068509 -0.031226
v 0.061309 0.057656 -0.030457
v 0.071379 0.044587 -0.030457
v 0.078706 0.029805 -0.030457
v 0.083008 0.013878 -0.031226
v 0.084121 -0.002583 -0.038192
v 0.082000 -0.018945 -0.038192
v 0.076728 -0.034578 -0.038192
v 0.068508 -0.048883 -0.031226
v 0.057655 -0.061309 -0.030457
v 0.044587 -0.071379 -0.030457
v 0.029804 -0.078706 -0.030457
v 0.013877 -0.083008 -0.031226
v -0.002584 -0.084120 -0.038192
v -0.018946 -0.082000 -0.038192
v -0.034579 -0.076728 -0.038192
v -0.048884 -0.068508 -0.031226
v -0.061310 -0.057655 -0.030457
v -0.071380 -0.044586 -0.030457
v -0.038680 -0.014647 -0.033167
v -0.040794 -0.006819 -0.033167
v -0.041341 0.001270 -0.033167
v -0.040299 0.009311 -0.033167
v -0.037708 0.016994 -0.033167
v -0.033668 0.024024 -0.033167
v -0.028335 0.030130 -0.033167
v -0.021912 0.035079 -0.033167
v -0.014648 0.038680 -0.033167
v -0.006820 0.040795 -0.033167
v 0.001269 0.041341 -0.033167
v 0.009310 0.040299 -0.033167
v 0.016993 0.037708 -0.033167
v 0.024023 0.033668 -0.033167
v 0.030130 0.028335 -0.033167
v 0.035079 0.021912 -0.033167
v 0.038679 0.014648 -0.033167
v 0.040794 0.006820 -0.033167
v 0.041340 -0.001269 -0.033167
v 0.040298 -0.009310 -0.033167
v 0.037708 -0.016993 -0.033167
v 0.033668 -0.024023 -0.033167
v 0.028334 -0.030130 -0.033167
v 0.021912 -0.035079 -0.033167
v 0.014647 -0.038679 -0.033167
v 0.006820 -0.040794 -0.033167
v -0.001270 -0.041340 -0.033167
v -0.009311 -0.040298 -0.033167
v -0.016994 -0.037707 -0.033167
v -0.024024 -0.033668 -0.033167
v -0.030130 -0.028334 -0.033167
v -0.035079 -0.021911 -0.033167
v -0.032154 -0.012176 -0.052085
v -0.033911 -0.005669 -0.052085
v -0.034366 0.001056 -0.052085
v -0.033500 0.007740 -0.052085
v -0.031346 0.014127 -0.052085
v -0.027988 0.019970 -0.052085
v -0.023554 0.025047 -0.052085
v -0.018215 0.029161 -0.052085
v -0.012176 0.032154 -0.052085
v -0.005670 0.033912 -0.052085
v 0.001055 0.034366 -0.052085
v 0.007739 0.033500 -0.052085
v 0.014126 0.031346 -0.052085
v 0.019970 0.027988 -0.052085
v 0.025046 0.023554 -0.052085
v 0.029160 0.018215 -0.052085
v 0.032153 0.012176 -0.052085
v 0.033911 0.005670 -0.052085
v 0.034365 -0.001055 -0.052085
v 0.033499 -0.007739 -0.052085
v 0.031345 -0.014126 -0.052085
v 0.027987 -0.019970 -0.052085
v 0.023553 -0.025046 -0.052085
v 0.018215 -0.029160 -0.052085
v 0.012176 -0.032153 -0.052085
v 0.005669 -0.033911 -0.052085
v -0.001056 -0.034365 -0.052085
v -0.007740 -0.033499 -0.052085
v -0.014127 -0.031345 -0.052085
v -0.019970 -0.027987 -0.052085
v -0.025047 -0.023553 -0.052085
v -0.029161 -0.018214 -0.052085
v -0.026195 -0.009919 -0.062215
v -0.027627 -0.004618 -0.062215
v -0.027997 0.000860 -0.062215
v -0.027292 0.006306 -0.062215
v -0.025537 0.011509 -0.062215
v -0.022801 0.016270 -0.062215
v -0.019189 0.020405 -0.062215
v -0.014840 0.023757 -0.062215
v -0.009920 0.026195 -0.062215
v -0.004619 0.027627 -0.062215
v 0.000860 0.027997 -0.062215
v 0.006305 0.027292 -0.062215
v 0.011508 0.025537 -0.062215
v 0.016269 0.022801 -0.062215
v 0.020405 0.019189 -0.062215
v 0.023756 0.014840 -0.062215
v 0.026195 0.009920 -0.062215
v 0.027626 0.004619 -0.062215
v 0.027997 -0.000859 -0.062215
v 0.027291 -0.006305 -0.062215
v 0.025536 -0.011508 -0.062215
v 0.022801 -0.016269 -0.062215
v 0.019189 -0.020404 -0.062215
v 0.014839 -0.023756 -0.062215
v 0.009919 -0.026194 -0.062215
v 0.004618 -0.027626 -0.062215
v -0.000860 -0.027996 -0.062215
v -0.006306 -0.027291 -0.062215
v -0.011509 -0.025536 -0.062215
v -0.016270 -0.022800 -0.062215
v -0.020405 -0.019188 -0.062215
v -0.023757 -0.014839 -0.062215
v -0.000000 0.000000 -0.062215
v -0.172682 -0.065391 -0.047193
v -0.182121 -0.030446 -0.047193
v -0.184562 0.005669 -0.047193
v -0.179909 0.041566 -0.047193
v -0.168344 0.075866 -0.047193
v -0.150308 0.107250 -0.047193
v -0.126497 0.134513 -0.047193
v -0.097824 0.156607 -0.047193
v -0.065392 0.172682 -0.047193
v -0.030447 0.182121 -0.047193
v 0.005668 0.184562 -0.047193
v 0.041565 0.179910 -0.047193
v 0.075865 0.168344 -0.047193
v 0.107250 0.150308 -0.047193
v 0.134512 0.126497 -0.047193
v 0.156606 0.097824 -0.047193
v 0.172681 0.065392 -0.047193
v 0.182121 0.030447 -0.047193
v 0.184561 -0.005668 -0.047193
v 0.179909 -0.041565 -0.047193
v 0.168343 -0.075865 -0.047193
v 0.150308 -0.107250 -0.047193
v 0.126496 -0.134512 -0.047193
v 0.097823 -0.156606 -0.047193
v 0.065391 -0.172681 -0.047193
v 0.030446 -0.182120 -0.047193
v -0.005669 -0.184561 -0.047193
v -0.041566 -0.179909 -0.047193
v -0.075866 -0.168343 -0.047193
v -0.107250 -0.150307 -0.047193
v -0.134513 -0.126496 -0.047193
v -0.156607 -0.097823 -0.047193
v 0.040960 -0.029226 -0.032283
v 0.045874 -0.020673 -0.031475
v -0.017820 0.047057 -0.032600
v -0.026658 0.042677 -0.032600
v 0.034471 -0.036655 -0.032600
v -0.008297 0.049630 -0.032283
v 0.026657 -0.042676 -0.032600
v 0.001544 0.050295 -0.031475
v 0.017819 -0.047056 -0.032600
v 0.011327 0.049027 -0.031475
v 0.008297 -0.049629 -0.032283
v 0.020674 0.045875 -0.031475
v -0.001545 -0.050294 -0.031475
v 0.029226 0.040960 -0.032283
v -0.011327 -0.049026 -0.031475
v 0.036655 0.034472 -0.032600
v -0.047057 -0.017819 -0.034788
v -0.042677 -0.026657 -0.032600
v -0.020674 -0.045874 -0.031475
v 0.042676 0.026658 -0.032600
v -0.050294 0.001545 -0.031475
v -0.049629 -0.008297 -0.030095
v -0.029227 -0.040959 -0.032283
v 0.047056 0.017820 -0.032600
v -0.049027 0.011327 -0.031475
v -0.036656 -0.034471 -0.032600
v 0.049629 0.008297 -0.032283
v -0.045875 0.020674 -0.031475
v 0.050294 -0.001544 -0.031475
v -0.040960 0.029227 -0.032283
v 0.049026 -0.011326 -0.031475
v -0.034471 0.036656 -0.032600
v 0.047466 0.106364 -0.018307
v -0.004119 -0.116911 -0.018307
v 0.018956 -0.115442 -0.018361
v 0.067559 0.094923 -0.018361
v 0.084912 0.079645 -0.018307
v -0.109443 -0.041758 -0.018307
v -0.048089 -0.106752 -0.018307
v -0.117028 0.003613 -0.018307
v -0.115559 -0.019461 -0.018361
v -0.068180 -0.095310 -0.018361
v 0.108821 0.041371 -0.018307
v -0.085535 -0.080033 -0.018307
v 0.114938 0.019074 -0.018361
v -0.106870 0.047584 -0.018307
v 0.116406 -0.004001 -0.018307
v -0.095428 0.067676 -0.018361
v -0.080150 0.085030 -0.018307
v 0.106247 -0.047971 -0.018307
v 0.094806 -0.068063 -0.018361
v -0.041876 0.108938 -0.018307
v 0.079528 -0.085417 -0.018307
v -0.019578 0.115055 -0.018361
v 0.003496 0.116523 -0.018307
v 0.041253 -0.109326 -0.018307
v 0.039628 0.088727 -0.028733
v -0.003368 -0.097373 -0.028733
v 0.056300 0.079024 -0.028894
v -0.022072 -0.094949 -0.028733
v 0.070896 0.066416 -0.028733
v -0.091099 -0.034774 -0.028733
v -0.039943 -0.088923 -0.028733
v 0.082408 0.051476 -0.028733
v -0.097433 0.003112 -0.028733
v -0.056611 -0.079217 -0.028894
v 0.090784 0.034578 -0.028733
v -0.095009 0.021816 -0.028733
v -0.071212 -0.066612 -0.028733
v 0.095711 0.015930 -0.028894
v -0.088983 0.039688 -0.028733
v 0.097117 -0.003308 -0.028733
v -0.079276 0.056359 -0.028894
v 0.094693 -0.022012 -0.028733
v -0.066672 0.070956 -0.028733
v 0.088667 -0.039884 -0.028733
v -0.051732 0.082468 -0.028733
v 0.078965 -0.056552 -0.028894
v -0.034834 0.090843 -0.028733
v 0.066356 -0.071152 -0.028733
v -0.016182 0.095770 -0.028894
v 0.051417 -0.082663 -0.028733
v 0.003053 0.097177 -0.028733
v 0.034518 -0.091039 -0.028733
v 0.021756 0.094753 -0.028733
v 0.015871 -0.095963 -0.028894
v -0.082723 -0.051672 -0.028733
v -0.096022 -0.016123 -0.028894
v -0.104678 -0.050552 -0.009350
v -0.115394 0.013296 -0.009342
v -0.113048 0.025673 -0.008787
v -0.109737 0.037859 -0.009325
v -0.072149 0.090606 -0.009351
v -0.061746 0.097691 -0.008793
v -0.050792 0.103975 -0.009325
v 0.013142 0.114708 -0.009348
v 0.025512 0.112351 -0.008795
v 0.037695 0.109053 -0.009330
v 0.090509 0.071374 -0.009349
v 0.097580 0.060954 -0.008810
v 0.103843 0.050028 -0.009349
v 0.114529 -0.013967 -0.009335
v 0.112150 -0.026356 -0.008802
v 0.108844 -0.038499 -0.009353
v 0.071128 -0.091251 -0.009344
v 0.060695 -0.098324 -0.008820
v 0.049786 -0.104553 -0.009369
v -0.014100 -0.115240 -0.009309
v -0.026523 -0.112867 -0.008766
v -0.038694 -0.109540 -0.009327
v -0.091348 -0.071893 -0.009350
v -0.098430 -0.061483 -0.008812
v 0.041562 0.106378 -0.014823
v -0.009397 -0.114405 -0.014827
v 0.086824 0.074054 -0.014834
v -0.105328 -0.045981 -0.014838
v -0.042294 -0.106781 -0.014851
v -0.114503 0.008870 -0.014850
v 0.104635 0.045541 -0.014834
v -0.087525 -0.074483 -0.014838
v -0.106941 0.041704 -0.014826
v 0.113825 -0.009326 -0.014822
v -0.074631 0.086930 -0.014854
v 0.106229 -0.042102 -0.014847
v -0.046088 0.104798 -0.014820
v 0.073919 -0.087411 -0.014819
v 0.008750 0.113935 -0.014847
v 0.045422 -0.105173 -0.014853
v 0.034231 0.103265 -0.016734
v -0.014629 -0.108325 -0.016752
v -0.024608 -0.105661 -0.017023
v 0.086323 0.066061 -0.016731
v -0.097873 -0.049000 -0.016724
v -0.034760 -0.103659 -0.016767
v 0.091506 0.057159 -0.016987
v -0.108410 0.014255 -0.016751
v 0.097232 0.048597 -0.016731
v -0.105767 0.024239 -0.017003
v -0.086968 -0.066459 -0.016724
v -0.103781 0.034356 -0.016736
v 0.107818 -0.014543 -0.016728
v 0.105179 -0.024497 -0.016993
v -0.066504 0.086470 -0.016751
v 0.103166 -0.034615 -0.016743
v -0.057580 0.091667 -0.017000
v -0.049027 0.097410 -0.016730
v 0.066019 -0.086814 -0.016710
v 0.057131 -0.091975 -0.016974
v 0.014140 0.107893 -0.016749
v 0.048561 -0.097695 -0.016731
v 0.024121 0.105259 -0.017000
v -0.092142 -0.057556 -0.016979
v -0.105791 -0.017792 -0.023627
v -0.100271 -0.038266 -0.023520
v -0.107231 0.003363 -0.023520
v -0.102230 -0.046260 -0.016103
v -0.111647 0.010191 -0.016125
v -0.044016 -0.097837 -0.023520
v -0.062395 -0.087264 -0.023627
v -0.078373 -0.073322 -0.023520
v -0.039852 -0.104782 -0.016135
v -0.086417 -0.071576 -0.016103
v -0.050612 -0.112106 -0.006143
v -0.071719 -0.100150 -0.006071
v -0.089890 -0.084080 -0.006143
v -0.042393 -0.107963 -0.011985
v -0.088648 -0.074899 -0.011997
v -0.121461 -0.020518 -0.006071
v -0.114990 -0.043897 -0.006143
v -0.122946 0.003694 -0.006143
v -0.106195 -0.046808 -0.011997
v -0.115603 0.009300 -0.011996
v 0.017414 -0.105703 -0.023627
v -0.003743 -0.107142 -0.023520
v 0.037886 -0.100182 -0.023520
v -0.010616 -0.111558 -0.016114
v 0.045776 -0.102060 -0.016114
v 0.019762 -0.121286 -0.006071
v -0.004449 -0.122771 -0.006143
v 0.043142 -0.114815 -0.006143
v -0.009965 -0.115479 -0.011962
v 0.046141 -0.106054 -0.012017
v -0.097926 0.043636 -0.023520
v -0.087352 0.062017 -0.023627
v -0.073411 0.077993 -0.023520
v -0.104929 0.039362 -0.016104
v -0.071670 0.085871 -0.016127
v -0.112281 0.049857 -0.006143
v -0.100326 0.070963 -0.006071
v -0.084255 0.089135 -0.006143
v -0.108150 0.041662 -0.011973
v -0.075112 0.087968 -0.012003
v -0.038355 0.099891 -0.023520
v -0.017880 0.105413 -0.023627
v 0.003274 0.106850 -0.023520
v -0.046312 0.101745 -0.016097
v 0.010077 0.111112 -0.016122
v -0.044072 0.114235 -0.006143
v -0.020694 0.120705 -0.006071
v 0.003520 0.122192 -0.006143
v -0.046979 0.105580 -0.011970
v 0.009165 0.114973 -0.011998
v 0.043547 0.097546 -0.023520
v 0.061929 0.086974 -0.023627
v 0.077904 0.073031 -0.023520
v 0.039228 0.104398 -0.016100
v 0.085751 0.071169 -0.016104
v 0.049682 0.111526 -0.006143
v 0.070787 0.099569 -0.006071
v 0.088960 0.083500 -0.006143
v 0.041506 0.107524 -0.011974
v 0.087875 0.074425 -0.011993
v 0.099802 0.037974 -0.023520
v 0.105325 0.017502 -0.023627
v 0.106762 -0.003655 -0.023520
v 0.101571 0.045842 -0.016104
v 0.111026 -0.010556 -0.016097
v 0.114060 0.043317 -0.006143
v 0.120529 0.019937 -0.006071
v 0.122017 -0.004274 -0.006143
v 0.105429 0.046323 -0.011993
v 0.114828 -0.009879 -0.011978
v 0.097457 -0.043927 -0.023520
v 0.086886 -0.062307 -0.023627
v 0.072942 -0.078285 -0.023520
v 0.104278 -0.039671 -0.016118
v 0.071085 -0.086285 -0.016084
v 0.111351 -0.050437 -0.006143
v 0.099394 -0.071544 -0.006071
v 0.083325 -0.089715 -0.006143
v 0.107341 -0.042183 -0.012002
v 0.074226 -0.088549 -0.011984
v 0.047306 -0.021319 -0.031375
v -0.027490 0.044008 -0.032500
v -0.044008 -0.027489 -0.032500
v -0.051178 -0.008555 -0.030148
v 0.042238 -0.030138 -0.032234
v -0.018376 0.048526 -0.032500
v 0.035546 -0.037799 -0.032500
v -0.008556 0.051178 -0.032234
v 0.027489 -0.044007 -0.032500
v 0.001593 0.051864 -0.031375
v 0.018375 -0.048525 -0.032500
v 0.011680 0.050557 -0.031375
v 0.008555 -0.051177 -0.032234
v 0.021319 0.047306 -0.031375
v -0.001593 -0.051863 -0.031375
v 0.030138 0.042238 -0.032234
v -0.011681 -0.050556 -0.031375
v 0.037799 0.035547 -0.032500
v -0.048525 -0.018375 -0.034587
v -0.021319 -0.047306 -0.031375
v 0.044007 0.027490 -0.032500
v -0.051864 0.001593 -0.031375
v -0.030139 -0.042237 -0.032234
v 0.048525 0.018376 -0.032500
v -0.050556 0.011681 -0.031375
v -0.037800 -0.035546 -0.032500
v 0.051177 0.008556 -0.032234
v -0.047306 0.021319 -0.031375
v 0.051863 -0.001592 -0.031375
v -0.042238 0.030139 -0.032234
v 0.050556 -0.011680 -0.031375
v -0.035547 0.037800 -0.032500
v 0.075114 -0.033851 -0.038304
v -0.043649 0.069878 -0.030569
v -0.069878 -0.043648 -0.030569
v -0.081263 -0.013585 -0.031167
v 0.067067 -0.047854 -0.031282
v -0.029178 0.077051 -0.030569
v 0.056442 -0.060019 -0.030569
v -0.013586 0.081263 -0.031282
v 0.043649 -0.069877 -0.030569
v 0.002529 0.082352 -0.038304
v 0.029177 -0.077050 -0.030569
v 0.018546 0.080276 -0.038304
v 0.013585 -0.081262 -0.031282
v 0.033851 0.075115 -0.038304
v -0.002530 -0.082351 -0.038304
v 0.047855 0.067068 -0.031282
v -0.018547 -0.080275 -0.038304
v 0.060019 0.056443 -0.030569
v -0.077051 -0.029177 -0.030683
v -0.033852 -0.075114 -0.038304
v 0.069877 0.043649 -0.030569
v -0.082352 0.002530 -0.038304
v -0.047855 -0.067067 -0.031282
v 0.077050 0.029178 -0.030569
v -0.080276 0.018547 -0.038304
v -0.060020 -0.056442 -0.030569
v 0.081262 0.013586 -0.031282
v -0.075115 0.033852 -0.038304
v 0.082351 -0.002529 -0.038304
v -0.067068 0.047855 -0.031282
v 0.080275 -0.018546 -0.038304
v -0.056443 0.060020 -0.030569
v 0.068482 0.062602 -0.039427
v 0.062038 0.056710 -0.030457
v 0.030488 0.027870 -0.033167
v 0.025344 0.023168 -0.052085
v 0.020647 0.018875 -0.062215
v 0.037091 0.033906 -0.032600
v 0.071729 0.065335 -0.028733
v 0.086698 0.065417 -0.016749
v 0.038248 0.034964 -0.032500
v 0.060732 0.055517 -0.030569
v 0.086320 0.034035 -0.039427
v 0.078197 0.030832 -0.030457
v 0.038429 0.015153 -0.033167
v 0.031945 0.012596 -0.052085
v 0.026025 0.010262 -0.062215
v 0.046752 0.018434 -0.032600
v 0.090202 0.035752 -0.028733
v 0.096834 0.049192 -0.016749
v 0.048211 0.019009 -0.032500
v 0.076552 0.030184 -0.030569
v 0.062507 -0.068554 -0.039427
v 0.056625 -0.062103 -0.030457
v 0.027828 -0.030520 -0.033167
v 0.023133 -0.025370 -0.052085
v 0.018846 -0.020669 -0.062215
v 0.033855 -0.037130 -0.032600
v 0.065179 -0.072059 -0.028733
v 0.065318 -0.087220 -0.016731
v 0.034911 -0.038288 -0.032500
v 0.055434 -0.060796 -0.030569
v 0.034787 -0.085947 -0.039427
v 0.031513 -0.077859 -0.030457
v 0.015487 -0.038263 -0.033167
v 0.012874 -0.031807 -0.052085
v 0.010488 -0.025913 -0.062215
v 0.018841 -0.046550 -0.032600
v 0.036471 -0.090071 -0.028733
v 0.049551 -0.097034 -0.016759
v 0.019429 -0.048003 -0.032500
v 0.030850 -0.076221 -0.030569
v -0.068561 -0.062500 -0.039427
v -0.062109 -0.056618 -0.030457
v -0.030523 -0.027824 -0.033167
v -0.025373 -0.023130 -0.052085
v -0.020671 -0.018843 -0.062215
v -0.037134 -0.033851 -0.032600
v -0.072125 -0.065426 -0.028733
v -0.087379 -0.065752 -0.016745
v -0.038292 -0.034907 -0.032500
v -0.060802 -0.055427 -0.030569
v -0.085961 -0.034759 -0.039427
v -0.077872 -0.031488 -0.030457
v -0.038270 -0.015474 -0.033167
v -0.031813 -0.012863 -0.052085
v -0.025917 -0.010480 -0.062215
v -0.046558 -0.018826 -0.034538
v -0.090145 -0.036699 -0.028733
v -0.097220 -0.049975 -0.016753
v -0.048011 -0.019413 -0.034349
v -0.076234 -0.030826 -0.030670
v -0.062326 0.068695 -0.039427
v -0.056461 0.062231 -0.030457
v -0.027747 0.030583 -0.033167
v -0.023066 0.025423 -0.052085
v -0.018791 0.020712 -0.062215
v -0.033757 0.037207 -0.032600
v -0.065305 0.072009 -0.028733
v -0.065687 0.086945 -0.016774
v -0.034810 0.038368 -0.032500
v -0.055273 0.060922 -0.030569
v -0.034393 0.086143 -0.039427
v -0.031157 0.078037 -0.030457
v -0.015312 0.038351 -0.033167
v -0.012728 0.031880 -0.052085
v -0.010370 0.025972 -0.062215
v -0.018628 0.046657 -0.032600
v -0.036379 0.090078 -0.028733
v -0.049809 0.096885 -0.016755
v -0.019209 0.048113 -0.032500
v -0.030501 0.076395 -0.030569
v -0.143082 0.068465 -0.036532
v -0.140238 0.067104 -0.022881
v -0.120441 0.057632 -0.009965
v -0.116232 0.054722 0.006045
v -0.083637 0.040021 -0.039427
v -0.075766 0.036255 -0.037376
v -0.037235 0.017817 -0.033167
v -0.030953 0.014811 -0.052085
v -0.025217 0.012066 -0.062215
v -0.166231 0.079542 -0.047193
v -0.045299 0.021676 -0.031569
v -0.105529 0.049937 -0.018314
v -0.087846 0.041641 -0.028752
v -0.096687 0.045789 -0.023533
v -0.110881 0.052329 -0.006134
v -0.046713 0.022352 -0.031476
v -0.074172 0.035492 -0.033667
v -0.158567 0.000537 -0.036532
v -0.155414 0.000527 -0.022881
v -0.133475 0.000452 -0.009965
v -0.128655 0.000235 0.006049
v -0.092688 0.000314 -0.039427
v -0.083966 0.000285 -0.037219
v -0.041265 0.000140 -0.033167
v -0.034302 0.000117 -0.052085
v -0.027946 0.000095 -0.062215
v -0.184221 0.000624 -0.047193
v -0.050202 0.000170 -0.031282
v -0.116823 0.000391 -0.018315
v -0.097236 0.000426 -0.028756
v -0.107029 0.000408 -0.023535
v -0.122739 0.000313 -0.006133
v -0.051768 0.000176 -0.031204
v -0.082199 0.000279 -0.033493
v -0.068275 -0.143191 -0.036532
v -0.066918 -0.140344 -0.022881
v -0.057472 -0.120532 -0.009965
v -0.055571 -0.116087 0.006044
v -0.039910 -0.083700 -0.039427
v -0.036154 -0.075823 -0.037425
v -0.017768 -0.037263 -0.033167
v -0.014770 -0.030976 -0.052085
v -0.012033 -0.025235 -0.062215
v -0.079321 -0.166357 -0.047193
v -0.021616 -0.045333 -0.031564
v -0.050301 -0.105492 -0.018313
v -0.041779 -0.087854 -0.028751
v -0.046040 -0.096673 -0.023532
v -0.052936 -0.110790 -0.006135
v -0.022290 -0.046748 -0.031470
v -0.035393 -0.074228 -0.033717
v -0.001004 -0.158598 -0.036532
v -0.000984 -0.155445 -0.022881
v -0.000845 -0.133501 -0.009965
v -0.001620 -0.128444 0.006046
v -0.000587 -0.092706 -0.039427
v -0.000532 -0.083982 -0.037324
v -0.000261 -0.041272 -0.033167
v -0.000217 -0.034308 -0.052085
v -0.000177 -0.027950 -0.062215
v -0.001166 -0.184257 -0.047193
v -0.000318 -0.050211 -0.031575
v -0.001242 -0.116728 -0.018314
v -0.000969 -0.097197 -0.028753
v -0.001105 -0.106962 -0.023534
v -0.001431 -0.122586 -0.006134
v -0.000328 -0.051777 -0.031482
v -0.000520 -0.082215 -0.033614
v 0.158656 -0.001864 -0.036532
v 0.155502 -0.001827 -0.022881
v 0.133550 -0.001569 -0.009965
v 0.127481 -0.002089 0.006041
v 0.092740 -0.001090 -0.039427
v 0.084013 -0.000987 -0.037517
v 0.041287 -0.000485 -0.033167
v 0.034321 -0.000403 -0.052085
v 0.027961 -0.000328 -0.062215
v 0.184324 -0.002166 -0.047193
v 0.050229 -0.000590 -0.031553
v 0.116263 -0.001764 -0.018313
v 0.096981 -0.001443 -0.028749
v 0.106622 -0.001603 -0.023531
v 0.121872 -0.001926 -0.006136
v 0.051797 -0.000608 -0.031459
v 0.082245 -0.000966 -0.033809
v 0.143186 -0.068283 -0.036532
v 0.140339 -0.066925 -0.022881
v 0.120528 -0.057478 -0.009965
v 0.115078 -0.055345 0.006044
v 0.083697 -0.039914 -0.039427
v 0.075821 -0.036157 -0.037423
v 0.037262 -0.017769 -0.033167
v 0.030975 -0.014771 -0.052085
v 0.025234 -0.012034 -0.062215
v 0.166352 -0.079330 -0.047193
v 0.045332 -0.021618 -0.031564
v 0.104984 -0.050189 -0.018313
v 0.087596 -0.041724 -0.028751
v 0.096290 -0.045957 -0.023532
v 0.110031 -0.052767 -0.006135
v 0.046746 -0.022292 -0.031470
v 0.074226 -0.035397 -0.033715
v 0.067647 0.143552 -0.036532
v 0.066302 0.140698 -0.022881
v 0.056943 0.120837 -0.009965
v 0.053820 0.115605 0.006039
v 0.039542 0.083912 -0.039427
v 0.035821 0.076015 -0.037587
v 0.017604 0.037357 -0.033167
v 0.014634 0.031054 -0.052085
v 0.011922 0.025300 -0.062215
v 0.078592 0.166777 -0.047193
v 0.021417 0.045448 -0.031545
v 0.049212 0.105370 -0.018312
v 0.041076 0.087884 -0.028747
v 0.045144 0.096627 -0.023530
v 0.051516 0.110488 -0.006136
v 0.022085 0.046866 -0.031450
v 0.035067 0.074416 -0.033880
v 0.001866 0.158657 -0.036532
v 0.001829 0.155503 -0.022881
v 0.001570 0.133551 -0.009965
v 0.001086 0.127714 0.006041
v 0.001090 0.092741 -0.039427
v 0.000988 0.084013 -0.037517
v 0.000485 0.041288 -0.033167
v 0.000403 0.034322 -0.052085
v 0.000329 0.027961 -0.062215
v 0.002168 0.184325 -0.047193
v 0.000590 0.050230 -0.031553
v 0.001260 0.116381 -0.018312
v 0.001188 0.097041 -0.028749
v 0.001224 0.106711 -0.023531
v 0.001173 0.122048 -0.006136
v 0.000609 0.051797 -0.031458
v 0.000967 0.082246 -0.033809
v -0.044018 0.051850 -0.003675
v -0.040688 0.049177 -0.003675
v -0.044018 0.051850 -0.033089
v -0.044804 0.055766 -0.003675
v -0.044804 0.055766 -0.033089
v -0.045380 0.059994 -0.003675
v -0.045380 0.059994 -0.033089
v -0.043204 0.063304 -0.003675
v -0.043204 0.063304 -0.033089
v -0.040583 0.066716 -0.003675
v -0.040583 0.066716 -0.033089
v -0.036533 0.067471 -0.003675
v -0.036533 0.067471 -0.033089
v -0.032439 0.068078 -0.003675
v -0.032439 0.068078 -0.033089
v -0.029212 0.065851 -0.003675
v -0.029212 0.065851 -0.033089
v -0.025717 0.063282 -0.003675
v -0.025717 0.063282 -0.033089
v -0.024931 0.059366 -0.003675
v -0.024931 0.059366 -0.033089
v -0.024355 0.055137 -0.003675
v -0.026645 0.051641 -0.003675
v -0.024355 0.055137 -0.033089
v -0.026645 0.051641 -0.033089
v -0.029151 0.048415 -0.033089
v -0.029151 0.048415 -0.003675
v -0.033202 0.047660 -0.033089
v -0.033202 0.047660 -0.003675
v -0.037296 0.047054 -0.033089
v -0.037296 0.047054 -0.003675
v -0.040688 0.049177 -0.033089
v -0.067732 -0.041874 -0.003675
v -0.068518 -0.037958 -0.003675
v -0.067732 -0.041874 -0.033089
v -0.064403 -0.044547 -0.003675
v -0.061010 -0.046671 -0.003675
v -0.064403 -0.044547 -0.033089
v -0.061010 -0.046671 -0.033089
v -0.056917 -0.046064 -0.033089
v -0.052866 -0.045309 -0.033089
v -0.056917 -0.046064 -0.003675
v -0.052866 -0.045309 -0.003675
v -0.050359 -0.042083 -0.003675
v -0.048070 -0.038587 -0.003675
v -0.050359 -0.042083 -0.033089
v -0.048070 -0.038587 -0.033089
v -0.048645 -0.034359 -0.033089
v -0.049431 -0.030443 -0.033089
v -0.048645 -0.034359 -0.003675
v -0.049431 -0.030443 -0.003675
v -0.052927 -0.027873 -0.003675
v -0.056153 -0.025646 -0.003675
v -0.052927 -0.027873 -0.033089
v -0.056153 -0.025646 -0.033089
v -0.060247 -0.026253 -0.033089
v -0.064298 -0.027008 -0.033089
v -0.060247 -0.026253 -0.003675
v -0.064298 -0.027008 -0.003675
v -0.066919 -0.030421 -0.003675
v -0.069094 -0.033730 -0.003675
v -0.066919 -0.030421 -0.033089
v -0.069094 -0.033730 -0.033089
v -0.068518 -0.037958 -0.033089
v 0.025949 -0.063224 -0.003675
v 0.029279 -0.065897 -0.003675
v 0.025949 -0.063224 -0.033089
v 0.025164 -0.059308 -0.003675
v 0.025164 -0.059308 -0.033089
v 0.024588 -0.055079 -0.003675
v 0.024588 -0.055079 -0.033089
v 0.026763 -0.051770 -0.003675
v 0.026763 -0.051770 -0.033089
v 0.029384 -0.048357 -0.003675
v 0.033435 -0.047603 -0.003675
v 0.029384 -0.048357 -0.033089
v 0.033435 -0.047603 -0.033089
v 0.037529 -0.046996 -0.033089
v 0.037529 -0.046996 -0.003675
v 0.040755 -0.049223 -0.033089
v 0.040755 -0.049223 -0.003675
v 0.044251 -0.051792 -0.033089
v 0.044251 -0.051792 -0.003675
v 0.045037 -0.055708 -0.033089
v 0.045037 -0.055708 -0.003675
v 0.045612 -0.059937 -0.033089
v 0.045612 -0.059937 -0.003675
v 0.043323 -0.063433 -0.033089
v 0.043323 -0.063433 -0.003675
v 0.040816 -0.066659 -0.033089
v 0.040816 -0.066659 -0.003675
v 0.036765 -0.067413 -0.033089
v 0.036765 -0.067413 -0.003675
v 0.032671 -0.068020 -0.033089
v 0.032671 -0.068020 -0.003675
v 0.029279 -0.065897 -0.033089
v 0.047600 0.031124 -0.003675
v 0.050930 0.028451 -0.003675
v 0.047600 0.031124 -0.033089
v 0.046814 0.035040 -0.003675
v 0.046814 0.035040 -0.033089
v 0.046239 0.039269 -0.003675
v 0.046239 0.039269 -0.033089
v 0.048414 0.042578 -0.003675
v 0.048414 0.042578 -0.033089
v 0.051035 0.045991 -0.003675
v 0.051035 0.045991 -0.033089
v 0.055086 0.046745 -0.003675
v 0.055086 0.046745 -0.033089
v 0.059180 0.047352 -0.003675
v 0.059180 0.047352 -0.033089
v 0.062406 0.045125 -0.003675
v 0.062406 0.045125 -0.033089
v 0.065901 0.042556 -0.003675
v 0.065901 0.042556 -0.033089
v 0.066687 0.038640 -0.003675
v 0.066687 0.038640 -0.033089
v 0.067263 0.034411 -0.003675
v 0.067263 0.034411 -0.033089
v 0.064974 0.030916 -0.003675
v 0.064974 0.030916 -0.033089
v 0.062467 0.027689 -0.003675
v 0.062467 0.027689 -0.033089
v 0.058416 0.026935 -0.003675
v 0.058416 0.026935 -0.033089
v 0.054322 0.026328 -0.003675
v 0.054322 0.026328 -0.033089
v 0.050930 0.028451 -0.033089
v -0.043870 0.051913 -0.029547
v -0.041577 0.057730 -0.037961
v -0.037636 0.051421 -0.037961
v -0.037270 0.047203 -0.029547
v -0.045207 0.059909 -0.029547
v -0.039472 0.062402 -0.037961
v -0.040497 0.066509 -0.029547
v -0.034679 0.064217 -0.037961
v -0.032500 0.067846 -0.029547
v -0.030008 0.062112 -0.037961
v -0.025900 0.063137 -0.029547
v -0.028623 0.059896 -0.037961
v -0.024564 0.055140 -0.029547
v -0.028781 0.054774 -0.037961
v -0.029273 0.048540 -0.029547
v -0.032514 0.051263 -0.037961
v 0.047612 0.031083 -0.029547
v 0.049904 0.036900 -0.037961
v 0.053846 0.030591 -0.037961
v 0.054212 0.026373 -0.029547
v 0.046275 0.039079 -0.029547
v 0.052010 0.041572 -0.037961
v 0.050985 0.045679 -0.029547
v 0.056802 0.043387 -0.037961
v 0.058981 0.047016 -0.029547
v 0.061474 0.041282 -0.037961
v 0.065581 0.042307 -0.029547
v 0.062858 0.039066 -0.037961
v 0.066918 0.034310 -0.029547
v 0.062701 0.033944 -0.037961
v 0.062209 0.027710 -0.029547
v 0.058968 0.030433 -0.037961
v -0.067692 -0.041935 -0.029547
v -0.065399 -0.036117 -0.037961
v -0.061458 -0.042427 -0.037961
v -0.061092 -0.046644 -0.029547
v -0.069029 -0.033938 -0.029547
v -0.063294 -0.031445 -0.037961
v -0.064319 -0.027338 -0.029547
v -0.058502 -0.029630 -0.037961
v -0.056322 -0.026001 -0.029547
v -0.053830 -0.031736 -0.037961
v -0.049723 -0.030710 -0.029547
v -0.052446 -0.033952 -0.037961
v -0.048386 -0.038707 -0.029547
v -0.052603 -0.039074 -0.037961
v -0.053095 -0.045307 -0.029547
v -0.056336 -0.042584 -0.037961
vn -0.8075 -0.5044 -0.3060
vn -0.7285 -0.6851 -0.0000
vn -0.8481 -0.5298 -0.0000
vn -0.6935 -0.6522 -0.3060
vn -0.5808 -0.8140 -0.0000
vn -0.5530 -0.7750 -0.3060
vn -0.4109 -0.9117 -0.0000
vn -0.3912 -0.8680 -0.3060
vn -0.2251 -0.9743 -0.0000
vn -0.2143 -0.9276 -0.3060
vn -0.0307 -0.9995 -0.0000
vn -0.1649 0.9863 -0.0000
vn -0.3372 0.8903 -0.3060
vn -0.3541 0.9352 -0.0000
vn 0.1570 -0.9390 -0.3060
vn 0.3541 -0.9352 -0.0000
vn 0.1649 -0.9863 -0.0000
vn 0.3372 -0.8903 -0.3060
vn 0.5298 -0.8481 -0.0000
vn 0.5044 -0.8075 -0.3060
vn 0.6851 -0.7285 -0.0000
vn 0.6522 -0.6935 -0.3060
vn 0.8140 -0.5808 -0.0000
vn 0.2251 0.9743 -0.0000
vn 0.0238 0.7739 -0.6329
vn 0.0307 0.9995 -0.0000
vn 0.8680 -0.3912 -0.3060
vn 0.9743 -0.2251 -0.0000
vn 0.9117 -0.4109 -0.0000
vn 0.9276 -0.2143 -0.3060
vn 0.9995 -0.0307 -0.0000
vn 0.9516 -0.0292 -0.3060
vn 0.9863 0.1649 -0.0000
vn 0.9390 0.1570 -0.3060
vn 0.9352 0.3541 -0.0000
vn 0.8903 0.3372 -0.3060
vn 0.8481 0.5298 -0.0000
vn 0.8075 0.5044 -0.3060
vn 0.7285 0.6851 -0.0000
vn 0.6935 0.6522 -0.3060
vn 0.5808 0.8140 -0.0000
vn 0.5530 0.7750 -0.3060
vn 0.4109 0.9117 -0.0000
vn 0.3912 0.8680 -0.3060
vn 0.2143 0.9276 -0.3060
vn 0.0292 0.9516 -0.3060
vn -0.5298 0.8481 -0.0000
vn -0.5044 0.8075 -0.3060
vn -0.6851 0.7285 -0.0000
vn -0.9995 0.0307 -0.0000
vn -0.9390 -0.1570 -0.3060
vn -0.7638 -0.1277 0.6327
vn -0.8680 0.3912 -0.3060
vn -0.9743 0.2251 -0.0000
vn -0.9117 0.4109 -0.0000
vn -0.9276 0.2143 -0.3060
vn -0.9352 -0.3541 -0.0000
vn -0.4613 0.1066 -0.8808
vn -0.9308 0.3656 -0.0000
vn -0.0775 -0.0130 -0.9969
vn 0.0135 0.0051 -0.9999
vn -0.0735 -0.0278 -0.9969
vn 0.4670 0.0781 -0.8808
vn 0.0735 0.0278 -0.9969
vn 0.4428 0.1677 -0.8808
vn -0.0145 -0.4733 -0.8808
vn 0.0781 -0.4670 -0.8808
vn -0.1677 0.4428 -0.8808
vn -0.2509 0.4016 -0.8808
vn -0.2750 -0.3854 -0.8808
vn 0.7750 -0.5530 -0.3060
vn 0.4317 -0.1945 -0.8808
vn 0.1945 0.4317 -0.8808
vn 0.1066 0.4613 -0.8808
vn -0.4733 0.0145 -0.8808
vn -0.9516 0.0292 -0.3060
vn 0.1677 -0.4428 -0.8808
vn 0.4016 0.2508 -0.8808
vn -0.3244 0.3449 -0.8808
vn -0.6522 0.6935 -0.3060
vn -0.1945 -0.4317 -0.8808
vn 0.4613 -0.1066 -0.8808
vn 0.0145 0.4733 -0.8808
vn -0.4670 -0.0781 -0.8808
vn 0.2508 -0.4016 -0.8808
vn 0.3449 0.3244 -0.8808
vn -0.3854 0.2750 -0.8808
vn -0.7750 0.5530 -0.3060
vn -0.1066 -0.4613 -0.8808
vn 0.4733 -0.0145 -0.8808
vn -0.0781 0.4670 -0.8808
vn -0.1570 0.9390 -0.3060
vn -0.4428 -0.1677 -0.8808
vn -0.8903 -0.3372 -0.3060
vn 0.3244 -0.3449 -0.8808
vn 0.2750 0.3854 -0.8808
vn -0.4317 0.1945 -0.8808
vn -0.0292 -0.9516 -0.3060
vn -0.3449 -0.3244 -0.8808
vn -0.4016 -0.2508 -0.8808
vn 0.3854 -0.2750 -0.8808
vn -0.0105 -0.0099 -0.9999
vn -0.1991 -0.2790 -0.9394
vn -0.0084 -0.0118 -0.9999
vn -0.0572 -0.0538 -0.9969
vn -0.0456 -0.0640 -0.9969
vn -0.0765 0.0177 -0.9969
vn -0.0785 0.0024 -0.9969
vn 0.0666 0.0416 -0.9969
vn -0.0323 -0.0716 -0.9969
vn 0.0572 0.0538 -0.9969
vn -0.0177 -0.0765 -0.9969
vn 0.0456 0.0640 -0.9969
vn -0.0024 -0.0785 -0.9969
vn -0.0666 -0.0416 -0.9969
vn 0.0323 0.0716 -0.9969
vn 0.0130 -0.0775 -0.9969
vn 0.0177 0.0765 -0.9969
vn 0.0278 -0.0735 -0.9969
vn 0.0024 0.0785 -0.9969
vn 0.0416 -0.0666 -0.9969
vn -0.0130 0.0775 -0.9969
vn 0.0538 -0.0572 -0.9969
vn -0.0278 0.0735 -0.9969
vn 0.0640 -0.0456 -0.9969
vn -0.0416 0.0666 -0.9969
vn 0.0716 -0.0323 -0.9969
vn -0.0538 0.0572 -0.9969
vn 0.0765 -0.0177 -0.9969
vn -0.0640 0.0456 -0.9969
vn 0.0785 -0.0024 -0.9969
vn -0.0716 0.0323 -0.9969
vn 0.0775 0.0130 -0.9969
vn -0.0105 -0.3426 -0.9394
vn -0.1719 -0.7440 -0.6458
vn -0.0234 -0.7632 -0.6457
vn 0.0033 0.0141 -0.9999
vn 0.0105 0.3426 -0.9394
vn 0.0004 0.0145 -0.9999
vn 0.0123 0.0077 -0.9999
vn 0.3205 0.1214 -0.9394
vn 0.2907 0.1816 -0.9394
vn -0.0059 -0.0132 -0.9999
vn -0.1408 -0.3125 -0.9394
vn -0.0565 0.3380 -0.9394
vn -0.0024 0.0143 -0.9999
vn -0.0772 -0.3339 -0.9394
vn -0.0033 -0.0141 -0.9999
vn -0.0051 0.0135 -0.9999
vn -0.1214 0.3205 -0.9394
vn -0.0004 -0.0145 -0.9999
vn -0.1816 0.2907 -0.9394
vn -0.0077 0.0123 -0.9999
vn 0.0024 -0.0143 -0.9999
vn 0.0565 -0.3380 -0.9394
vn -0.2348 0.2497 -0.9394
vn -0.0099 0.0105 -0.9999
vn 0.0051 -0.0135 -0.9999
vn 0.1214 -0.3205 -0.9394
vn -0.0118 0.0084 -0.9999
vn -0.2790 0.1991 -0.9394
vn 0.0077 -0.0123 -0.9999
vn 0.1816 -0.2907 -0.9394
vn -0.0132 0.0059 -0.9999
vn -0.3125 0.1408 -0.9394
vn 0.2348 -0.2497 -0.9394
vn 0.0099 -0.0105 -0.9999
vn -0.3339 0.0772 -0.9394
vn -0.0141 0.0033 -0.9999
vn 0.0118 -0.0084 -0.9999
vn 0.2790 -0.1991 -0.9394
vn -0.3426 0.0105 -0.9394
vn -0.0145 0.0004 -0.9999
vn 0.3125 -0.1408 -0.9394
vn 0.0132 -0.0059 -0.9999
vn -0.3380 -0.0565 -0.9394
vn -0.0143 -0.0024 -0.9999
vn 0.2497 0.2348 -0.9394
vn 0.0105 0.0099 -0.9999
vn 0.3339 -0.0772 -0.9394
vn 0.0141 -0.0033 -0.9999
vn -0.0135 -0.0051 -0.9999
vn -0.3205 -0.1214 -0.9394
vn 0.1991 0.2790 -0.9394
vn 0.0084 0.0118 -0.9999
vn 0.3426 -0.0105 -0.9394
vn 0.0145 -0.0004 -0.9999
vn -0.0123 -0.0077 -0.9999
vn -0.2907 -0.1816 -0.9394
vn 0.1408 0.3125 -0.9394
vn 0.0059 0.0132 -0.9999
vn 0.0143 0.0024 -0.9999
vn 0.3380 0.0565 -0.9394
vn -0.2497 -0.2348 -0.9394
vn 0.0772 0.3339 -0.9394
vn -0.6215 0.4435 -0.6458
vn -0.8717 0.3928 -0.2929
vn -0.6961 0.3137 -0.6457
vn -0.2704 0.7141 -0.6457
vn -0.4045 0.6476 -0.6458
vn 0.1259 -0.7531 -0.6457
vn -0.5231 0.5562 -0.6457
vn 0.2704 -0.7141 -0.6457
vn 0.4045 -0.6476 -0.6458
vn 0.5231 -0.5562 -0.6457
vn -0.7440 0.1719 -0.6457
vn 0.6216 -0.4435 -0.6457
vn -0.7632 0.0234 -0.6458
vn 0.6961 -0.3137 -0.6457
vn -0.7531 -0.1259 -0.6457
vn 0.5562 0.5231 -0.6457
vn 0.7439 -0.1719 -0.6458
vn -0.7141 -0.2704 -0.6457
vn 0.4435 0.6215 -0.6458
vn 0.7632 -0.0234 -0.6457
vn -0.6476 -0.4045 -0.6458
vn 0.3137 0.6961 -0.6457
vn 0.7531 0.1259 -0.6457
vn -0.5562 -0.5231 -0.6457
vn 0.1719 0.7440 -0.6457
vn 0.7141 0.2704 -0.6457
vn -0.4435 -0.6215 -0.6457
vn 0.0234 0.7632 -0.6457
vn 0.6476 0.4045 -0.6457
vn -0.3137 -0.6961 -0.6457
vn -0.1259 0.7531 -0.6458
vn 0.3386 -0.8942 -0.2929
vn 0.5065 -0.8109 -0.2929
vn 0.6550 -0.6965 -0.2929
vn -0.9316 0.2152 -0.2929
vn 0.7783 -0.5554 -0.2929
vn -0.9557 0.0294 -0.2929
vn 0.8717 -0.3928 -0.2929
vn -0.9430 -0.1577 -0.2929
vn 0.8109 0.5065 -0.2929
vn 0.6965 0.6550 -0.2929
vn 0.9316 -0.2152 -0.2929
vn -0.8942 -0.3386 -0.2929
vn 0.5554 0.7783 -0.2929
vn 0.9557 -0.0293 -0.2929
vn -0.8109 -0.5065 -0.2929
vn 0.3928 0.8717 -0.2929
vn 0.9430 0.1577 -0.2929
vn -0.6965 -0.6550 -0.2929
vn 0.2152 0.9316 -0.2929
vn 0.8942 0.3386 -0.2929
vn -0.5554 -0.7783 -0.2929
vn 0.0294 0.9557 -0.2929
vn -0.3928 -0.8717 -0.2929
vn -0.1577 0.9430 -0.2929
vn -0.2152 -0.9316 -0.2929
vn -0.3386 0.8942 -0.2929
vn -0.0294 -0.9557 -0.2929
vn -0.5065 0.8109 -0.2929
vn 0.1577 -0.9430 -0.2929
vn -0.6550 0.6965 -0.2929
vn -0.7783 0.5554 -0.2929
vn 0.0456 0.0640 0.9969
vn -0.0105 -0.0099 0.9999
vn 0.0572 0.0538 0.9969
vn -0.2829 -0.3965 0.8734
vn -0.0572 -0.0538 0.9969
vn -0.3548 -0.3337 0.8734
vn 0.0135 0.0051 0.9999
vn 0.3380 0.0565 0.9394
vn 0.0143 0.0024 0.9999
vn 0.4804 0.0803 0.8734
vn 0.0735 0.0278 0.9969
vn 0.0775 0.0130 0.9969
vn 0.1096 0.4746 0.8734
vn 0.0323 0.0716 0.9969
vn 0.2001 0.4441 0.8734
vn -0.4131 -0.2581 0.8734
vn -0.0666 -0.0416 0.9969
vn 0.4869 -0.0150 0.8733
vn 0.0785 -0.0024 0.9969
vn 0.2829 0.3965 0.8734
vn -0.4555 -0.1725 0.8733
vn -0.0735 -0.0278 0.9969
vn 0.0765 -0.0177 0.9969
vn 0.4746 -0.1096 0.8734
vn 0.3548 0.3337 0.8734
vn -0.0775 -0.0130 0.9969
vn -0.4804 -0.0803 0.8734
vn 0.0716 -0.0323 0.9969
vn 0.4441 -0.2001 0.8734
vn 0.4131 0.2581 0.8734
vn 0.0666 0.0416 0.9969
vn -0.0785 0.0024 0.9969
vn -0.4869 0.0150 0.8734
vn 0.3965 -0.2829 0.8733
vn 0.0640 -0.0456 0.9969
vn -0.0765 0.0177 0.9969
vn -0.4746 0.1096 0.8734
vn 0.0538 -0.0572 0.9969
vn 0.3337 -0.3548 0.8734
vn -0.0716 0.0323 0.9969
vn -0.4441 0.2001 0.8734
vn 0.0416 -0.0666 0.9969
vn 0.2581 -0.4131 0.8734
vn -0.0640 0.0456 0.9969
vn -0.3965 0.2829 0.8734
vn 0.0278 -0.0735 0.9969
vn 0.1725 -0.4555 0.8734
vn -0.3337 0.3548 0.8734
vn -0.0538 0.0572 0.9969
vn 0.0803 -0.4804 0.8733
vn 0.0130 -0.0775 0.9969
vn -0.2581 0.4131 0.8733
vn -0.0416 0.0666 0.9969
vn -0.0024 -0.0785 0.9969
vn -0.0150 -0.4869 0.8734
vn -0.0278 0.0735 0.9969
vn -0.1725 0.4555 0.8734
vn -0.0177 -0.0765 0.9969
vn -0.1096 -0.4746 0.8734
vn -0.0803 0.4804 0.8734
vn -0.0130 0.0775 0.9969
vn -0.0323 -0.0716 0.9969
vn -0.2001 -0.4441 0.8734
vn 0.0150 0.4869 0.8733
vn 0.0024 0.0785 0.9969
vn -0.0456 -0.0640 0.9969
vn 0.4555 0.1725 0.8734
vn 0.0177 0.0765 0.9969
vn 0.3339 -0.0772 0.9394
vn 0.6961 -0.3137 0.6457
vn 0.3125 -0.1408 0.9394
vn -0.0141 0.0033 0.9999
vn -0.3125 0.1408 0.9394
vn -0.0132 0.0059 0.9999
vn -0.0123 -0.0077 0.9999
vn -0.2497 -0.2348 0.9394
vn -0.2907 -0.1816 0.9394
vn 0.0145 -0.0004 0.9999
vn 0.3426 -0.0105 0.9394
vn -0.2790 0.1991 0.9394
vn -0.0118 0.0084 0.9999
vn 0.0141 -0.0033 0.9999
vn -0.2348 0.2497 0.9394
vn -0.0099 0.0105 0.9999
vn 0.0132 -0.0059 0.9999
vn -0.1816 0.2907 0.9394
vn -0.0077 0.0123 0.9999
vn 0.2790 -0.1991 0.9394
vn 0.0118 -0.0084 0.9999
vn -0.1214 0.3205 0.9394
vn -0.0051 0.0135 0.9999
vn 0.0099 -0.0105 0.9999
vn 0.2348 -0.2497 0.9394
vn -0.0024 0.0143 0.9999
vn -0.0565 0.3380 0.9394
vn 0.1816 -0.2907 0.9394
vn 0.0077 -0.0123 0.9999
vn 0.0004 0.0145 0.9999
vn 0.0105 0.3426 0.9394
vn 0.1214 -0.3205 0.9394
vn 0.0051 -0.0135 0.9999
vn 0.0033 0.0141 0.9999
vn 0.0772 0.3339 0.9394
vn 0.0024 -0.0143 0.9999
vn 0.0565 -0.3380 0.9394
vn 0.1408 0.3125 0.9394
vn 0.0059 0.0132 0.9999
vn -0.0105 -0.3426 0.9394
vn -0.0004 -0.0145 0.9999
vn 0.0084 0.0118 0.9999
vn 0.1991 0.2790 0.9394
vn -0.3205 -0.1214 0.9394
vn -0.0135 -0.0051 0.9999
vn -0.0772 -0.3339 0.9394
vn -0.0033 -0.0141 0.9999
vn 0.2497 0.2348 0.9394
vn 0.0105 0.0099 0.9999
vn -0.0143 -0.0024 0.9999
vn -0.3380 -0.0565 0.9394
vn -0.1408 -0.3125 0.9394
vn -0.0059 -0.0132 0.9999
vn 0.0123 0.0077 0.9999
vn 0.2907 0.1816 0.9394
vn -0.3426 0.0105 0.9394
vn -0.0145 0.0004 0.9999
vn -0.1991 -0.2790 0.9394
vn -0.0084 -0.0118 0.9999
vn 0.3205 0.1214 0.9394
vn -0.3339 0.0772 0.9394
vn -0.1259 0.7531 0.6457
vn 0.0294 0.9557 0.2929
vn 0.0234 0.7632 0.6457
vn -0.5231 0.5562 0.6457
vn -0.4045 0.6476 0.6457
vn 0.6215 -0.4435 0.6457
vn -0.2704 0.7141 0.6458
vn 0.5231 -0.5562 0.6457
vn 0.4045 -0.6476 0.6457
vn 0.2704 -0.7141 0.6457
vn 0.1719 0.7440 0.6457
vn 0.1259 -0.7531 0.6457
vn 0.3137 0.6961 0.6458
vn -0.0234 -0.7632 0.6457
vn 0.4435 0.6215 0.6458
vn -0.7141 -0.2704 0.6457
vn -0.1719 -0.7440 0.6458
vn 0.5562 0.5231 0.6458
vn -0.7531 -0.1259 0.6457
vn -0.3137 -0.6961 0.6457
vn 0.6476 0.4045 0.6458
vn -0.7632 0.0234 0.6458
vn -0.4435 -0.6215 0.6457
vn 0.7141 0.2704 0.6457
vn -0.7440 0.1719 0.6457
vn -0.5562 -0.5231 0.6457
vn 0.7531 0.1259 0.6457
vn -0.6961 0.3137 0.6457
vn -0.6476 -0.4045 0.6457
vn 0.7632 -0.0234 0.6458
vn -0.6215 0.4435 0.6458
vn 0.7440 -0.1719 0.6458
vn 0.5065 -0.8109 0.2929
vn 0.3386 -0.8942 0.2929
vn 0.2152 0.9316 0.2929
vn 0.1577 -0.9430 0.2929
vn 0.3928 0.8717 0.2929
vn -0.0294 -0.9557 0.2929
vn 0.5554 0.7783 0.2929
vn -0.8109 -0.5065 0.2929
vn -0.8942 -0.3386 0.2929
vn -0.2152 -0.9316 0.2929
vn 0.6965 0.6550 0.2929
vn -0.9430 -0.1577 0.2929
vn -0.3928 -0.8717 0.2929
vn 0.8109 0.5065 0.2929
vn -0.9557 0.0294 0.2929
vn -0.5554 -0.7783 0.2929
vn 0.8942 0.3386 0.2929
vn -0.9316 0.2152 0.2929
vn -0.6965 -0.6550 0.2929
vn 0.9430 0.1577 0.2929
vn -0.8717 0.3928 0.2929
vn 0.9557 -0.0294 0.2929
vn -0.7783 0.5554 0.2929
vn 0.9316 -0.2152 0.2929
vn -0.6550 0.6965 0.2929
vn 0.8717 -0.3928 0.2929
vn -0.5065 0.8109 0.2929
vn 0.7783 -0.5554 0.2929
vn -0.3386 0.8942 0.2929
vn 0.6550 -0.6965 0.2929
vn -0.1577 0.9430 0.2929
vn -0.3929 -0.8719 0.2921
vn -0.2153 -0.9318 0.2921
vn -0.0294 -0.9559 0.2921
vn 0.1577 -0.9433 0.2921
vn 0.3387 -0.8944 0.2921
vn 0.5067 -0.8111 0.2921
vn 0.6552 -0.6967 0.2922
vn 0.7785 -0.5555 0.2921
vn 0.8719 -0.3929 0.2921
vn 0.9318 -0.2153 0.2921
vn 0.9559 -0.0294 0.2922
vn 0.9433 0.1577 0.2921
vn 0.8944 0.3387 0.2921
vn 0.8111 0.5067 0.2921
vn 0.6967 0.6552 0.2921
vn 0.5555 0.7785 0.2921
vn 0.3929 0.8719 0.2921
vn 0.2153 0.9318 0.2921
vn 0.0294 0.9559 0.2921
vn -0.1577 0.9433 0.2921
vn -0.3387 0.8944 0.2921
vn -0.5067 0.8111 0.2921
vn -0.6552 0.6967 0.2921
vn -0.7785 0.5555 0.2921
vn -0.8719 0.3929 0.2921
vn -0.9318 0.2153 0.2921
vn -0.9559 0.0294 0.2921
vn -0.9433 -0.1577 0.2921
vn -0.8944 -0.3387 0.2921
vn -0.8111 -0.5067 0.2921
vn -0.6967 -0.6552 0.2921
vn -0.5555 -0.7785 0.2921
vn 0.4249 0.5955 -0.6817
vn 0.2827 0.6273 -0.7256
vn 0.3006 0.6670 -0.6817
vn -0.7060 0.3182 0.6327
vn -0.7207 0.1665 0.6730
vn -0.6744 0.3039 0.6730
vn -0.6303 0.4497 -0.6329
vn -0.6742 0.3038 -0.6732
vn -0.7059 0.3181 -0.6329
vn -0.5336 -0.5018 0.6808
vn -0.4003 -0.5609 0.7247
vn -0.5020 -0.4721 0.7247
vn 0.5330 0.5012 -0.6817
vn 0.3997 0.5601 -0.7256
vn -0.7545 0.1743 0.6327
vn -0.7393 0.0227 0.6730
vn -0.7205 0.1665 -0.6732
vn -0.7544 0.1743 -0.6329
vn -0.4254 -0.5962 0.6808
vn -0.2831 -0.6283 0.7247
vn 0.5836 0.3645 -0.7256
vn 0.5013 0.4714 -0.7256
vn -0.7740 0.0238 0.6327
vn -0.7296 -0.1220 0.6730
vn -0.7391 0.0227 -0.6732
vn -0.7739 0.0238 -0.6329
vn -0.3009 -0.6678 0.6808
vn -0.1551 -0.6714 0.7247
vn 0.6205 0.3876 -0.6817
vn 0.6435 0.2437 -0.7256
vn -0.7242 -0.2742 0.6327
vn -0.7294 -0.1219 -0.6732
vn -0.7636 -0.1277 -0.6329
vn -0.1649 -0.7136 0.6808
vn -0.0212 -0.6888 0.7247
vn 0.7216 0.1206 -0.6817
vn 0.6842 0.2591 -0.6817
vn -0.6568 -0.4103 0.6327
vn -0.6917 -0.2620 0.6730
vn -0.7241 -0.2742 -0.6329
vn -0.6916 -0.2619 -0.6732
vn -0.0225 -0.7321 0.6808
vn 0.1136 -0.6797 0.7247
vn 0.6878 -0.0211 -0.7256
vn 0.6787 0.1135 -0.7256
vn -0.6567 -0.4102 -0.6329
vn -0.6272 -0.3918 -0.6732
vn 0.1208 -0.7224 0.6808
vn 0.2440 -0.6444 0.7247
vn 0.7312 -0.0225 -0.6817
vn 0.6704 -0.1549 -0.7256
vn 0.2594 -0.6850 0.6808
vn 0.3651 -0.5845 0.7247
vn 0.7128 -0.1647 -0.6817
vn 0.6273 -0.2827 -0.7256
vn 0.5018 -0.5336 0.6808
vn 0.3880 -0.6212 0.6808
vn 0.6670 -0.3006 -0.6817
vn 0.5601 -0.3997 -0.7256
vn 0.5962 -0.4254 0.6808
vn 0.4721 -0.5020 0.7247
vn 0.5955 -0.4249 -0.6817
vn 0.4714 -0.5013 -0.7256
vn 0.6678 -0.3009 0.6808
vn 0.5609 -0.4003 0.7247
vn 0.5012 -0.5329 -0.6817
vn 0.3645 -0.5836 -0.7256
vn -0.5820 -0.3636 -0.7274
vn -0.4999 -0.4701 -0.7274
vn 0.1743 0.7544 -0.6329
vn -0.2820 -0.6257 -0.7274
vn -0.1545 -0.6686 -0.7274
vn -0.0211 -0.6859 -0.7274
vn 0.1132 -0.6769 -0.7274
vn 0.2430 -0.6418 -0.7274
vn 0.3636 -0.5820 -0.7274
vn 0.4701 -0.4999 -0.7274
vn -0.5012 0.5330 -0.6817
vn 0.6257 -0.2820 -0.7274
vn 0.6686 -0.1545 -0.7274
vn 0.6859 -0.0211 -0.7274
vn 0.0211 0.6859 -0.7274
vn 0.6418 0.2430 -0.7274
vn 0.5820 0.3636 -0.7274
vn 0.4999 0.4701 -0.7274
vn 0.3986 0.5586 -0.7274
vn 0.2820 0.6257 -0.7274
vn -0.8140 0.5808 -0.0000
vn -0.6859 0.0211 -0.7274
vn -0.1132 0.6769 -0.7274
vn -0.2430 0.6418 -0.7274
vn -0.3636 0.5820 -0.7274
vn -0.4701 0.4999 -0.7274
vn -0.5586 0.3986 -0.7274
vn -0.6257 0.2820 -0.7274
vn -0.9863 -0.1649 -0.0000
vn -0.6769 -0.1132 -0.7274
vn -0.6418 -0.2430 -0.7274
vn 0.7136 -0.1649 0.6808
vn 0.6283 -0.2831 0.7247
vn 0.2591 -0.6842 -0.6817
vn 0.3876 -0.6205 -0.6817
vn 0.7321 -0.0225 0.6808
vn 0.6714 -0.1551 0.7247
vn 0.1206 -0.7216 -0.6817
vn 0.2437 -0.6435 -0.7256
vn -0.5924 -0.2243 -0.7738
vn -0.5373 -0.3356 -0.7738
vn 0.7224 0.1208 0.6808
vn 0.6888 -0.0212 0.7247
vn -0.0225 -0.7312 -0.6817
vn 0.1135 -0.6787 -0.7256
vn -0.6248 -0.1045 -0.7738
vn -0.5811 -0.3630 0.7284
vn -0.4605 -0.4331 0.7748
vn -0.5362 -0.3349 0.7748
vn 0.6444 0.2440 0.7247
vn 0.6797 0.1136 0.7247
vn -0.1647 -0.7128 -0.6817
vn -0.0211 -0.6878 -0.7256
vn -0.4992 -0.4694 0.7284
vn -0.3672 -0.5146 0.7748
vn 0.6212 0.3880 0.6808
vn 0.6850 0.2594 0.6808
vn -0.3006 -0.6670 -0.6817
vn -0.1549 -0.6704 -0.7256
vn -0.6686 0.1545 -0.7274
vn -0.6332 0.0194 -0.7738
vn -0.3980 -0.5578 0.7284
vn -0.2597 -0.5764 0.7748
vn 0.5336 0.5018 0.6808
vn 0.5845 0.3651 0.7247
vn -0.4249 -0.5955 -0.6817
vn -0.2827 -0.6273 -0.7256
vn -0.6172 0.1426 -0.7738
vn -0.2815 -0.6247 0.7284
vn -0.1423 -0.6160 0.7748
vn 0.4003 0.5609 0.7247
vn 0.5020 0.4721 0.7247
vn -0.5329 -0.5012 -0.6817
vn -0.3997 -0.5601 -0.7256
vn -0.5775 0.2603 -0.7738
vn -0.1542 -0.6676 0.7284
vn -0.0194 -0.6319 0.7748
vn 0.4254 0.5962 0.6808
vn 0.2831 0.6283 0.7247
vn -0.6205 -0.3876 -0.6817
vn -0.5013 -0.4714 -0.7256
vn -0.5156 0.3679 -0.7738
vn -0.0210 -0.6849 0.7284
vn 0.1042 -0.6235 0.7748
vn 0.1649 0.7136 0.6808
vn 0.3009 0.6678 0.6808
vn -0.4340 0.4615 -0.7738
vn 0.1130 -0.6758 0.7284
vn 0.2239 -0.5912 0.7748
vn 0.3078 -0.9514 -0.0000
vn 0.3996 -0.9167 -0.0000
vn 0.1647 0.7128 -0.6817
vn -0.1206 0.7216 -0.6817
vn -0.2591 0.6842 -0.6817
vn -0.5955 0.4249 -0.6817
vn -0.6670 0.3006 -0.6817
vn -0.7128 0.1647 -0.6817
vn -0.7312 0.0225 -0.6817
vn -0.7216 -0.1206 -0.6817
vn -0.6842 -0.2591 -0.6817
vn -0.4102 0.6567 -0.6329
vn -0.2742 0.7241 -0.6329
vn -0.1277 0.7636 -0.6329
vn 0.4497 0.6302 -0.6329
vn 0.5640 0.5304 -0.6329
vn 0.6567 0.4102 -0.6329
vn 0.7241 0.2742 -0.6329
vn 0.7636 0.1277 -0.6329
vn 0.7739 -0.0238 -0.6329
vn 0.7544 -0.1743 -0.6329
vn 0.7059 -0.3181 -0.6329
vn 0.6303 -0.4497 -0.6329
vn 0.5304 -0.5640 -0.6329
vn 0.4102 -0.6567 -0.6329
vn 0.2742 -0.7241 -0.6329
vn 0.1277 -0.7636 -0.6329
vn -0.0238 -0.7739 -0.6329
vn -0.1743 -0.7544 -0.6329
vn -0.3181 -0.7059 -0.6329
vn -0.4497 -0.6302 -0.6329
vn -0.5640 -0.5304 -0.6329
vn 0.0225 0.7321 0.6808
vn 0.1551 0.6714 0.7247
vn -0.3356 0.5373 -0.7738
vn 0.3630 -0.5811 0.7284
vn 0.2427 -0.6408 0.7284
vn -0.1208 0.7224 0.6808
vn 0.0212 0.6888 0.7247
vn -0.2243 0.5924 -0.7738
vn 0.4694 -0.4992 0.7284
vn 0.3349 -0.5362 0.7748
vn -0.2440 0.6444 0.7247
vn -0.1136 0.6797 0.7247
vn 0.0194 0.6332 -0.7738
vn -0.1045 0.6248 -0.7738
vn 0.5578 -0.3980 0.7284
vn 0.4331 -0.4605 0.7748
vn -0.3880 0.6212 0.6808
vn -0.2594 0.6850 0.6808
vn 0.1426 0.6172 -0.7738
vn 0.5764 -0.2597 0.7748
vn 0.5146 -0.3672 0.7748
vn -0.4721 0.5020 0.7247
vn -0.3651 0.5845 0.7247
vn 0.1545 0.6686 -0.7274
vn 0.2603 0.5775 -0.7738
vn 0.6676 -0.1542 0.7284
vn 0.6247 -0.2815 0.7284
vn -0.5018 0.5336 0.6808
vn -0.5609 0.4003 0.7247
vn -0.5388 -0.5067 0.6730
vn -0.6273 -0.3919 0.6730
vn 0.6849 -0.0210 0.7284
vn 0.6160 -0.1423 0.7748
vn -0.5962 0.4254 0.6808
vn -0.6283 0.2831 0.7247
vn -0.5641 -0.5305 0.6327
vn -0.4296 -0.6021 0.6730
vn -0.5387 -0.5066 -0.6732
vn 0.3679 0.5156 -0.7738
vn 0.6758 0.1130 0.7284
vn 0.6319 -0.0194 0.7748
vn -0.6678 0.3009 0.6808
vn -0.6714 0.1551 0.7247
vn -0.4498 -0.6304 0.6327
vn -0.3039 -0.6744 0.6730
vn -0.4295 -0.6020 -0.6732
vn 0.5373 0.3356 -0.7738
vn 0.4615 0.4340 -0.7738
vn 0.5912 0.2239 0.7748
vn 0.6235 0.1042 0.7748
vn -0.7136 0.1649 0.6808
vn -0.6888 0.0212 0.7247
vn -0.3182 -0.7060 0.6327
vn -0.1665 -0.7207 0.6730
vn -0.3038 -0.6742 -0.6732
vn -0.6021 0.4296 0.6730
vn -0.5067 0.5388 0.6730
vn -0.3919 0.6273 0.6730
vn -0.2620 0.6917 0.6730
vn -0.1220 0.7296 0.6730
vn 0.0227 0.7393 0.6730
vn 0.1665 0.7207 0.6730
vn 0.3039 0.6744 0.6730
vn 0.4296 0.6021 0.6730
vn 0.5388 0.5067 0.6730
vn 0.6273 0.3919 0.6730
vn 0.6917 0.2620 0.6730
vn 0.5924 0.2243 -0.7738
vn 0.7296 0.1220 0.6730
vn 0.6248 0.1044 -0.7738
vn 0.7393 -0.0227 0.6730
vn 0.6332 -0.0194 -0.7738
vn 0.7207 -0.1665 0.6730
vn 0.6172 -0.1426 -0.7738
vn 0.6744 -0.3039 0.6730
vn 0.5775 -0.2603 -0.7738
vn 0.6021 -0.4296 0.6730
vn 0.5156 -0.3679 -0.7738
vn 0.5067 -0.5388 0.6730
vn 0.4340 -0.4615 -0.7738
vn 0.3919 -0.6273 0.6730
vn 0.3356 -0.5373 -0.7738
vn 0.2619 -0.6917 0.6730
vn 0.2243 -0.5924 -0.7738
vn 0.1220 -0.7296 0.6730
vn 0.1044 -0.6248 -0.7738
vn -0.0227 -0.7393 0.6730
vn -0.0194 -0.6332 -0.7738
vn -0.1426 -0.6172 -0.7738
vn -0.2603 -0.5775 -0.7738
vn -0.3679 -0.5156 -0.7738
vn -0.4615 -0.4340 -0.7738
vn -0.6444 -0.2440 0.7247
vn -0.5836 -0.3645 -0.7256
vn -0.6435 -0.2437 -0.7256
vn -0.6797 -0.1136 0.7247
vn -0.6787 -0.1135 -0.7256
vn -0.6878 0.0211 -0.7256
vn -0.6704 0.1549 -0.7256
vn -0.6273 0.2827 -0.7256
vn -0.5601 0.3997 -0.7256
vn -0.4714 0.5013 -0.7256
vn -0.3645 0.5836 -0.7256
vn -0.2437 0.6435 -0.7256
vn -0.1135 0.6787 -0.7256
vn 0.0211 0.6878 -0.7256
vn 0.1549 0.6704 -0.7256
vn -0.5912 -0.2239 0.7748
vn -0.6235 -0.1042 0.7748
vn -0.6319 0.0194 0.7748
vn -0.6160 0.1423 0.7748
vn -0.5764 0.2597 0.7748
vn -0.5146 0.3672 0.7748
vn -0.6020 0.4295 -0.6732
vn -0.4331 0.4605 0.7748
vn -0.5066 0.5387 -0.6732
vn -0.3349 0.5362 0.7748
vn -0.3918 0.6272 -0.6732
vn -0.2239 0.5912 0.7748
vn -0.2619 0.6916 -0.6732
vn -0.1042 0.6235 0.7748
vn -0.1219 0.7294 -0.6732
vn 0.0194 0.6319 0.7748
vn 0.0227 0.7391 -0.6732
vn 0.1423 0.6159 0.7748
vn 0.1665 0.7205 -0.6732
vn 0.2597 0.5764 0.7748
vn 0.3038 0.6742 -0.6732
vn 0.3672 0.5146 0.7748
vn 0.4295 0.6020 -0.6732
vn 0.4605 0.4331 0.7748
vn 0.5387 0.5066 -0.6732
vn 0.5362 0.3349 0.7748
vn 0.6272 0.3918 -0.6732
vn 0.6916 0.2619 -0.6732
vn 0.7294 0.1219 -0.6732
vn 0.7391 -0.0227 -0.6732
vn 0.7205 -0.1665 -0.6732
vn 0.6742 -0.3038 -0.6732
vn 0.6020 -0.4295 -0.6732
vn 0.5066 -0.5387 -0.6732
vn 0.3918 -0.6272 -0.6732
vn 0.2619 -0.6916 -0.6732
vn 0.1219 -0.7294 -0.6732
vn -0.0227 -0.7391 -0.6732
vn -0.1665 -0.7205 -0.6732
vn -0.6212 -0.3880 0.6808
vn -0.5844 -0.3651 0.7247
vn -0.5304 0.5640 -0.6329
vn -0.6304 0.4498 0.6327
vn -0.5305 0.5641 0.6327
vn 0.0225 0.7312 -0.6817
vn -0.4103 0.6568 0.6327
vn -0.2742 0.7242 0.6327
vn -0.1277 0.7638 0.6327
vn -0.3876 0.6205 -0.6817
vn 0.0238 0.7740 0.6327
vn 0.3181 0.7059 -0.6329
vn 0.1743 0.7545 0.6327
vn -0.6408 -0.2427 0.7284
vn 0.3182 0.7060 0.6327
vn -0.6758 -0.1130 0.7284
vn 0.4498 0.6304 0.6327
vn -0.6849 0.0210 0.7284
vn -0.3986 -0.5586 -0.7274
vn 0.5641 0.5305 0.6327
vn -0.6676 0.1542 0.7284
vn 0.6568 0.4103 0.6327
vn -0.6247 0.2815 0.7284
vn 0.7242 0.2742 0.6327
vn -0.5578 0.3980 0.7284
vn 0.7638 0.1277 0.6327
vn -0.4694 0.4992 0.7284
vn 0.7740 -0.0238 0.6327
vn -0.3630 0.5811 0.7284
vn 0.7545 -0.1743 0.6327
vn -0.2427 0.6408 0.7284
vn 0.7060 -0.3182 0.6327
vn -0.1130 0.6758 0.7284
vn 0.6304 -0.4498 0.6327
vn 0.0210 0.6849 0.7284
vn 0.5586 -0.3986 -0.7274
vn 0.5305 -0.5641 0.6327
vn 0.1542 0.6676 0.7284
vn 0.4103 -0.6568 0.6327
vn 0.2815 0.6247 0.7284
vn 0.2742 -0.7242 0.6327
vn 0.3980 0.5578 0.7284
vn 0.1277 -0.7638 0.6327
vn -0.6850 -0.2594 0.6808
vn 0.4992 0.4694 0.7284
vn 0.6769 0.1132 -0.7274
vn -0.0238 -0.7740 0.6327
vn -0.7224 -0.1208 0.6808
vn 0.5811 0.3630 0.7284
vn -0.1743 -0.7545 0.6327
vn -0.7321 0.0225 0.6808
vn 0.6408 0.2427 0.7284
vn 0.7275 -0.0223 0.6857
vn 0.8572 -0.0263 -0.5143
vn 0.6807 0.2578 0.6857
vn -0.5875 0.6248 -0.5142
vn -0.3023 0.3215 -0.8974
vn -0.3592 0.2563 -0.8974
vn 0.2131 -0.9770 -0.0000
vn 0.6636 -0.2991 0.6857
vn 0.5925 -0.4228 0.6857
vn 0.4986 -0.5302 0.6857
vn 0.3856 -0.6173 0.6857
vn -0.4228 -0.5925 0.6857
vn -0.4981 -0.6982 -0.5143
vn 0.1200 -0.7179 0.6857
vn -0.1639 -0.7092 0.6857
vn -0.2991 -0.6636 0.6857
vn -0.7275 0.0223 0.6857
vn -0.9968 0.0797 -0.0000
vn 0.2563 0.3592 -0.8974
vn 0.2984 0.6620 -0.6875
vn 0.1813 0.4023 -0.8974
vn -0.6173 -0.3856 0.6857
vn -0.6807 -0.2578 0.6857
vn -0.0993 -0.4300 -0.8974
vn -0.0135 -0.4411 -0.8974
vn -0.7092 0.1639 0.6857
vn -0.6636 0.2991 0.6857
vn -0.4986 0.5302 0.6857
vn -0.3856 0.6173 0.6857
vn 0.6173 0.3856 0.6857
vn -0.1200 0.7179 0.6857
vn -0.3078 0.9514 -0.0000
vn 0.0223 0.7275 0.6857
vn 0.2991 0.6636 0.6857
vn -0.7179 -0.1200 0.6857
vn 0.7179 0.1200 0.6857
vn 0.4228 0.5925 0.6857
vn 0.4023 -0.1813 -0.8974
vn 0.7075 -0.1635 -0.6875
vn 0.4300 -0.0993 -0.8974
vn -0.3301 0.8716 -0.3625
vn -0.4225 0.6763 -0.6034
vn -0.4937 0.7904 -0.3625
vn -0.9192 -0.1537 -0.3626
vn -0.8716 -0.3301 -0.3625
vn -0.7162 -0.1197 -0.6875
vn -0.5912 0.4217 -0.6875
vn 0.4127 0.1563 -0.8974
vn 0.6159 0.3847 -0.6875
vn 0.3743 0.2338 -0.8974
vn -0.1523 0.6674 -0.7290
vn 0.5290 0.4975 -0.6875
vn 0.0728 -0.4353 -0.8974
vn 0.2572 -0.6791 -0.6875
vn 0.1563 -0.4127 -0.8974
vn -0.4411 0.0135 -0.8974
vn -0.4353 -0.0728 -0.8974
vn 0.0993 0.4300 -0.8974
vn 0.0223 0.7258 -0.6875
vn 0.0135 0.4411 -0.8974
vn 0.3592 -0.2563 -0.8974
vn 0.6620 -0.2984 -0.6875
vn -0.2563 -0.3592 -0.8974
vn -0.5290 -0.4975 -0.6875
vn -0.4218 -0.5911 -0.6875
vn -0.1414 0.8459 -0.5143
vn 0.7162 0.1197 -0.6875
vn 0.6791 0.2572 -0.6875
vn 0.1197 -0.7162 -0.6875
vn -0.4300 0.0993 -0.8974
vn -0.7258 0.0223 -0.6875
vn 0.1635 0.7075 -0.6875
vn 0.4975 -0.5290 -0.6875
vn 0.5911 -0.4218 -0.6875
vn -0.3743 -0.2338 -0.8974
vn -0.3215 -0.3023 -0.8974
vn -0.1563 0.4127 -0.8974
vn -0.3847 0.6159 -0.6875
vn 0.4321 0.6579 -0.6168
vn 0.3214 0.3024 -0.8974
vn -0.0223 -0.7258 -0.6875
vn -0.4023 0.1813 -0.8974
vn -0.7075 0.1635 -0.6875
vn 0.2338 -0.3743 -0.8974
vn 0.3023 -0.3215 -0.8974
vn -0.0728 0.4353 -0.8974
vn -0.2572 0.6791 -0.6875
vn -0.4127 -0.1563 -0.8974
vn -0.6159 -0.3847 -0.6875
vn 0.4938 -0.7904 -0.3625
vn 0.4225 -0.6763 -0.6034
vn 0.6385 -0.6789 -0.3625
vn -0.6040 -0.5795 -0.5471
vn -0.1635 -0.7075 -0.6875
vn -0.6621 0.2984 -0.6875
vn -0.2337 0.3743 -0.8974
vn 0.3847 -0.6159 -0.6875
vn -0.6791 -0.2572 -0.6875
vn -0.1197 0.7162 -0.6875
vn 0.5472 0.2072 -0.8110
vn 0.2753 0.1720 -0.9458
vn 0.4962 0.3100 -0.8110
vn -0.2098 -0.9080 -0.3625
vn -0.0245 -0.7970 -0.6034
vn -0.0286 -0.9315 -0.3625
vn -0.1537 0.9192 -0.3625
vn -0.2824 0.7457 -0.6034
vn -0.3276 -0.7270 -0.6034
vn -0.1795 -0.7770 -0.6034
vn 0.0286 0.9315 -0.3625
vn -0.1315 0.7865 -0.6034
vn -0.5413 -0.7587 -0.3625
vn -0.3829 -0.8497 -0.3625
vn 0.8716 0.3301 -0.3625
vn 0.6763 0.4225 -0.6034
vn 0.7904 0.4937 -0.3625
vn 0.2098 0.9081 -0.3625
vn 0.0245 0.7970 -0.6034
vn -0.5809 -0.5463 -0.6034
vn -0.4632 -0.6491 -0.6034
vn 0.9192 0.1537 -0.3625
vn 0.7457 0.2824 -0.6034
vn -0.7904 -0.4937 -0.3625
vn -0.6789 -0.6385 -0.3625
vn 0.7970 -0.0245 -0.6034
vn 0.7865 0.1315 -0.6034
vn 0.5413 0.7587 -0.3625
vn 0.3276 0.7270 -0.6034
vn 0.3829 0.8497 -0.3625
vn -0.6763 -0.4225 -0.6034
vn 0.9081 -0.2098 -0.3625
vn 0.9315 -0.0286 -0.3625
vn 0.6789 0.6385 -0.3625
vn 0.4632 0.6491 -0.6034
vn -0.7458 -0.2823 -0.6034
vn 0.8497 -0.3829 -0.3625
vn 0.7770 -0.1795 -0.6034
vn 0.5809 0.5463 -0.6034
vn -0.9315 0.0286 -0.3625
vn -0.7865 -0.1315 -0.6034
vn 0.7587 -0.5413 -0.3625
vn 0.7270 -0.3276 -0.6034
vn -0.7770 0.1795 -0.6034
vn -0.7970 0.0245 -0.6034
vn 0.5463 -0.5809 -0.6034
vn 0.6491 -0.4632 -0.6034
vn -0.8497 0.3829 -0.3625
vn -0.9081 0.2098 -0.3625
vn -0.5290 -0.6981 -0.4826
vn -0.2984 -0.6621 -0.6875
vn -0.6491 0.4632 -0.6034
vn -0.7270 0.3276 -0.6034
vn 0.3301 -0.8716 -0.3625
vn 0.9363 -0.2286 -0.2667
vn -0.7587 0.5413 -0.3625
vn -0.5463 0.5809 -0.6034
vn 0.1537 -0.9192 -0.3625
vn 0.2824 -0.7457 -0.6034
vn -0.6385 0.6789 -0.3625
vn 0.1315 -0.7865 -0.6034
vn -0.2365 -0.2224 -0.9458
vn -0.2224 0.2365 -0.9458
vn 0.2365 0.2224 -0.9458
vn 0.1317 0.5701 -0.8110
vn 0.0100 0.3245 -0.9458
vn 0.0180 0.5848 -0.8110
vn -0.3398 -0.4763 -0.8110
vn -0.1885 -0.2642 -0.9458
vn 0.3202 0.0535 -0.9458
vn 0.3036 0.1150 -0.9458
vn 0.1885 0.2642 -0.9459
vn 0.0621 0.7483 -0.6604
vn -0.4962 -0.3100 -0.8110
vn -0.4262 -0.4008 -0.8110
vn 0.5848 -0.0180 -0.8110
vn 0.5771 0.0965 -0.8110
vn -0.3036 -0.1149 -0.9458
vn 0.5701 -0.1317 -0.8110
vn 0.3245 -0.0100 -0.9458
vn 0.4262 0.4008 -0.8110
vn 0.3113 0.2967 -0.9028
vn -0.4763 0.3398 -0.8110
vn 0.2959 -0.1334 -0.9458
vn 0.3163 -0.0731 -0.9458
vn -0.5848 0.0180 -0.8110
vn -0.3202 -0.0535 -0.9458
vn -0.5771 -0.0965 -0.8110
vn 0.5334 -0.2404 -0.8110
vn 0.2642 -0.1885 -0.9458
vn -0.3163 0.0731 -0.9458
vn -0.3245 0.0100 -0.9458
vn 0.4763 -0.3398 -0.8110
vn 0.2224 -0.2365 -0.9458
vn -0.5334 0.2404 -0.8110
vn -0.5701 0.1317 -0.8110
vn 0.3100 -0.4962 -0.8110
vn 0.4008 -0.4262 -0.8110
vn -0.2959 0.1334 -0.9458
vn 0.1150 -0.3036 -0.9458
vn 0.1720 -0.2753 -0.9458
vn -0.1334 -0.2959 -0.9458
vn -0.2404 -0.5334 -0.8110
vn 0.0965 -0.5771 -0.8110
vn 0.2072 -0.5472 -0.8110
vn -0.2356 0.9617 -0.1402
vn -0.1720 0.2753 -0.9458
vn -0.0180 -0.5848 -0.8110
vn 0.0535 -0.3202 -0.9458
vn -0.2072 0.5472 -0.8110
vn -0.3100 0.4962 -0.8110
vn -0.1317 -0.5701 -0.8110
vn -0.0100 -0.3245 -0.9458
vn -0.0535 0.3202 -0.9458
vn -0.1150 0.3036 -0.9458
vn -0.0731 -0.3163 -0.9458
vn -0.0965 0.5771 -0.8110
vn 0.1795 0.7770 -0.6034
vn 0.4411 -0.0135 -0.8974
vn 0.4353 0.0728 -0.8974
vn 0.0448 -0.5025 -0.8634
vn -0.6969 0.3565 -0.6222
vn 0.1334 0.2959 -0.9458
vn -0.4975 0.5290 -0.6875
vn -0.9391 0.1411 -0.3135
vn -0.9741 -0.2023 -0.1008
vn -0.4367 0.0850 -0.8956
vn 0.4218 0.5911 -0.6875
vn 0.7258 -0.0223 -0.6875
vn -0.9878 -0.1136 -0.1063
vn -0.1813 -0.4023 -0.8974
vn 0.7819 -0.3524 -0.5143
vn 0.8356 -0.1931 -0.5143
vn 0.7274 0.4544 -0.5142
vn 0.6248 0.5875 -0.5143
vn 0.1414 -0.8459 -0.5142
vn 0.3037 -0.8021 -0.5142
vn -0.8459 -0.1414 -0.5142
vn 0.0263 0.8572 -0.5143
vn 0.6981 -0.4981 -0.5142
vn -0.4544 0.7274 -0.5142
vn -0.7054 -0.2696 -0.6555
vn 0.8021 0.3037 -0.5142
vn -0.0263 -0.8572 -0.5142
vn -0.8356 0.1931 -0.5142
vn -0.8572 0.0263 -0.5143
vn 0.1931 0.8356 -0.5143
vn -0.7274 -0.4544 -0.5142
vn -0.6248 -0.5875 -0.5143
vn -0.3037 0.8021 -0.5142
vn 0.8459 0.1414 -0.5143
vn -0.7819 0.3524 -0.5142
vn 0.4981 0.6981 -0.5142
vn 0.3524 0.7819 -0.5143
vn 0.4544 -0.7274 -0.5143
vn 0.5875 -0.6248 -0.5143
vn -0.8021 -0.3037 -0.5142
vn -0.3524 -0.7819 -0.5143
vn -0.1931 -0.8356 -0.5142
vn -0.6981 0.4981 -0.5143
vn -0.7534 -0.4706 0.4593
vn -0.6090 -0.0253 -0.7928
vn -0.2898 -0.5362 -0.7928
vn 0.2130 -0.5701 -0.7935
vn -0.1975 -0.8597 0.4711
vn 0.4682 -0.7475 0.4711
vn 0.5538 -0.2525 -0.7935
vn 0.8597 -0.1975 0.4711
vn 0.3952 0.4495 -0.8011
vn 0.5773 0.1579 -0.8011
vn 0.7461 0.4660 0.4755
vn 0.1996 0.8592 0.4711
vn 0.0160 0.6084 -0.7935
vn -0.4664 0.7487 0.4711
vn -0.4189 0.4415 -0.7935
vn -0.8592 0.1996 0.4711
vn 0.7314 -0.1690 -0.6606
vn 0.8138 -0.0250 -0.5806
vn 0.7503 -0.0230 -0.6606
vn 0.4360 0.6111 -0.6606
vn 0.5931 0.5578 -0.5806
vn 0.4729 0.6628 -0.5806
vn -0.7020 -0.2659 -0.6607
vn -0.8031 -0.1343 -0.5806
vn -0.7614 -0.2883 -0.5806
vn 0.6844 -0.3084 -0.6606
vn 0.7933 -0.1833 -0.5806
vn 0.6367 0.3977 -0.6606
vn 0.5469 0.5143 -0.6606
vn -0.7623 -0.0515 -0.6452
vn -0.8138 0.0250 -0.5806
vn -0.8050 -0.0544 -0.5908
vn 0.1731 -0.3492 -0.9209
vn 0.1146 -0.3622 -0.9250
vn 0.2022 -0.3236 -0.9243
vn 0.7404 0.1238 -0.6607
vn 0.7614 0.2883 -0.5806
vn 0.7021 0.2659 -0.6606
vn -0.7503 0.0230 -0.6606
vn -0.7933 0.1833 -0.5806
vn 0.5143 -0.5469 -0.6607
vn 0.6628 -0.4729 -0.5806
vn 0.6111 -0.4360 -0.6606
vn -0.6844 0.3084 -0.6606
vn -0.7314 0.1690 -0.6606
vn 0.3977 -0.6367 -0.6606
vn 0.5578 -0.5931 -0.5806
vn -0.6625 0.3807 -0.6452
vn -0.6628 0.4729 -0.5806
vn -0.6996 0.4020 -0.5908
vn 0.2659 -0.7020 -0.6607
vn 0.4314 -0.6906 -0.5806
vn -0.6111 0.4360 -0.6606
vn -0.5578 0.5931 -0.5806
vn 0.1238 -0.7404 -0.6606
vn 0.2883 -0.7614 -0.5806
vn -0.3977 0.6367 -0.6607
vn -0.5143 0.5469 -0.6606
vn 0.0515 -0.7623 -0.6452
vn -0.0250 -0.8138 -0.5806
vn 0.0544 -0.8050 -0.5908
vn -0.2883 0.7614 -0.5806
vn -0.4314 0.6906 -0.5806
vn -0.1690 -0.7314 -0.6606
vn -0.0230 -0.7503 -0.6606
vn -0.1238 0.7404 -0.6606
vn -0.2659 0.7021 -0.6606
vn -0.3084 -0.6844 -0.6606
vn -0.1833 -0.7933 -0.5806
vn -0.0515 0.7623 -0.6452
vn 0.0250 0.8138 -0.5806
vn -0.0544 0.8050 -0.5908
vn -0.3807 -0.6625 -0.6452
vn -0.4729 -0.6628 -0.5806
vn -0.4020 -0.6996 -0.5908
vn 0.1690 0.7314 -0.6606
vn 0.0230 0.7504 -0.6606
vn -0.4360 -0.6111 -0.6607
vn -0.5931 -0.5578 -0.5806
vn 0.6906 0.4314 -0.5806
vn 0.3084 0.6844 -0.6607
vn 0.1833 0.7933 -0.5806
vn -0.5469 -0.5143 -0.6606
vn -0.6906 -0.4314 -0.5806
vn 0.7623 0.0515 -0.6452
vn 0.8050 0.0544 -0.5908
vn 0.0388 -0.0503 -0.9980
vn 0.0437 -0.0349 -0.9984
vn -0.2752 0.2619 -0.9250
vn -0.6367 -0.3977 -0.6606
vn 0.6283 -0.4518 -0.6333
vn -0.6918 0.3110 -0.6517
vn -0.7377 0.1695 -0.6535
vn 0.5256 -0.5601 -0.6403
vn -0.6236 0.4417 -0.6450
vn -0.6674 0.3832 -0.6386
vn 0.2706 -0.7145 -0.6451
vn 0.4047 -0.6503 -0.6429
vn -0.5234 0.5566 -0.6452
vn 0.1233 -0.7541 -0.6450
vn -0.0239 -0.7581 -0.6517
vn 0.0516 -0.7678 -0.6387
vn -0.2728 0.7180 -0.6403
vn -0.4069 0.6490 -0.6429
vn -0.1712 -0.7373 -0.6535
vn -0.1343 0.8031 -0.5806
vn -0.3110 -0.6881 -0.6556
vn 0.0226 0.7727 -0.6344
vn -0.0512 0.7812 -0.6221
vn -0.4416 -0.6153 -0.6531
vn -0.3799 -0.6644 -0.6436
vn 0.6606 0.4126 -0.6272
vn 0.3187 0.7079 -0.6304
vn 0.1736 0.7554 -0.6319
vn -0.5485 -0.5160 -0.6580
vn 0.7759 -0.0242 -0.6304
vn 0.7853 0.0527 -0.6169
vn 0.4020 0.6996 -0.5908
vn 0.4519 0.6369 -0.6246
vn 0.3919 0.6825 -0.6170
vn -0.7043 -0.2666 -0.6580
vn -0.6388 -0.3990 -0.6578
vn 0.7550 -0.1754 -0.6319
vn 0.5683 0.5331 -0.6268
vn -0.7466 -0.1269 -0.6531
vn 0.7423 -0.3345 -0.5806
vn -0.7548 0.0224 -0.6555
vn -0.7637 -0.0500 -0.6436
vn 0.6996 -0.4020 -0.5908
vn 0.6796 -0.3886 -0.6222
vn 0.8031 0.1343 -0.5806
vn 0.7283 0.2768 -0.6268
vn 0.0167 -0.1122 -0.9935
vn -0.0080 -0.1631 -0.9866
vn -0.1502 0.0643 -0.9866
vn 0.0647 -0.1412 -0.9879
vn -0.0007 -0.0454 -0.9990
vn -0.1182 0.1939 -0.9739
vn -0.0456 -0.2048 -0.9777
vn -0.1304 0.7629 -0.6333
vn 0.0131 0.1756 -0.9844
vn -0.1142 -0.0943 -0.9890
vn 0.0027 0.0692 -0.9976
vn -0.0603 -0.0789 -0.9951
vn -0.0100 -0.0322 -0.9994
vn -0.0613 0.1710 -0.9834
vn -0.0459 -0.1405 -0.9890
vn 0.1924 -0.0006 -0.9813
vn 0.2134 0.1333 -0.9678
vn 0.0568 0.2377 -0.9697
vn 0.1777 0.0655 -0.9819
vn 0.0816 0.0015 -0.9967
vn 0.0371 0.0725 -0.9967
vn -0.1464 0.0204 -0.9890
vn -0.1719 -0.1074 -0.9792
vn 0.2385 -0.0532 -0.9697
vn 0.0830 0.1225 -0.9890
vn 0.1268 -0.1302 -0.9834
vn 0.0839 0.1731 -0.9813
vn -0.0333 0.0050 -0.9994
vn 0.1078 -0.0789 -0.9910
vn 0.0633 -0.0279 -0.9976
vn 0.1465 0.0209 -0.9890
vn -0.1348 -0.0612 -0.9890
vn 0.1635 -0.0653 -0.9844
vn -0.2040 0.0489 -0.9777
vn 0.1224 -0.1912 -0.9739
vn -0.0412 0.0193 -0.9990
vn -0.0935 0.0642 -0.9935
vn 0.2706 0.7198 -0.6392
vn 0.1192 0.5140 -0.8494
vn 0.1874 0.8121 -0.5526
vn 0.0485 -0.7388 -0.6722
vn -0.0146 -0.5202 -0.8539
vn 0.0519 -0.4703 -0.8810
vn 0.4300 0.6028 -0.6722
vn 0.2560 0.4168 -0.8722
vn 0.3719 0.6500 -0.6627
vn -0.0714 -0.7568 -0.6498
vn -0.1163 -0.5054 -0.8550
vn 0.1866 0.1667 -0.9682
vn 0.2471 0.2114 -0.9456
vn -0.7375 -0.3663 -0.5674
vn -0.2184 -0.0891 -0.9718
vn -0.1618 -0.0802 -0.9836
vn -0.1858 -0.8031 -0.5661
vn -0.2135 -0.4726 -0.8550
vn 0.6624 0.5098 -0.5489
vn 0.2076 0.1296 -0.9696
vn 0.1545 0.1190 -0.9808
vn -0.7362 -0.0483 -0.6750
vn -0.5184 0.0154 -0.8550
vn -0.4645 -0.0537 -0.8840
vn -0.4234 -0.5930 -0.6849
vn -0.2510 -0.4012 -0.8809
vn -0.3663 -0.6404 -0.6750
vn 0.7487 0.3716 -0.5490
vn 0.2316 0.0946 -0.9682
vn 0.1747 0.0866 -0.9808
vn -0.8033 0.1853 -0.5660
vn -0.7556 0.0712 -0.6511
vn -0.1759 -0.1572 -0.9718
vn -0.2365 -0.2020 -0.9504
vn 0.7303 0.1220 -0.6722
vn 0.7016 0.3181 -0.6377
vn -0.7114 0.2677 -0.6498
vn -0.5052 0.1172 -0.8550
vn -0.6524 -0.5022 -0.5676
vn -0.1951 -0.1219 -0.9732
vn -0.1430 -0.1102 -0.9836
vn 0.7473 0.0491 -0.6627
vn 0.5291 -0.0151 -0.8484
vn 0.4848 0.0487 -0.8733
vn -0.5965 0.4248 -0.6810
vn -0.4018 0.2527 -0.8802
vn -0.6426 0.3677 -0.6722
vn -0.7187 -0.1204 -0.6849
vn -0.6903 -0.3126 -0.6525
vn 0.7656 -0.0726 -0.6392
vn 0.5142 -0.1183 -0.8494
vn -0.4864 0.5883 -0.6460
vn -0.2046 0.2389 -0.9492
vn 0.8120 -0.1878 -0.5526
vn 0.4808 -0.2170 -0.8495
vn -0.4397 0.7033 -0.5587
vn -0.1142 0.1482 -0.9823
vn -0.5056 0.6571 -0.5591
vn 0.6481 -0.3704 -0.6654
vn 0.2089 -0.2427 -0.9473
vn 0.4087 -0.2551 -0.8763
vn 0.5996 -0.4287 -0.6758
vn 0.1635 -0.1817 -0.9697
vn -0.1222 0.7269 -0.6758
vn -0.0915 0.2267 -0.9697
vn -0.3158 0.6966 -0.6442
vn 0.5064 -0.6578 -0.5575
vn 0.1265 -0.2008 -0.9714
vn 0.1150 -0.1493 -0.9821
vn -0.0486 0.7449 -0.6655
vn 0.0159 0.5273 -0.8495
vn -0.0480 0.4819 -0.8749
vn 0.3689 -0.7427 -0.5589
vn 0.0926 -0.2228 -0.9704
vn 0.0831 -0.1676 -0.9823
vn 0.0723 0.7645 -0.6406
vn 0.3153 -0.6952 -0.6460
vn 0.1246 -0.2885 -0.9493
vn -0.0579 0.1892 -0.9802
vn -0.4922 0.3978 -0.7743
vn 0.6351 0.1136 -0.7640
vn 0.4343 -0.0594 -0.8988
vn 0.3361 0.1045 -0.9360
vn -0.0437 0.0101 -0.9990
vn -0.1596 0.1810 -0.9704
vn 0.3980 -0.1183 -0.9097
vn -0.1363 -0.1419 -0.9805
vn 0.2199 -0.2854 -0.9329
vn -0.6294 -0.1226 -0.7673
vn -0.3691 0.7435 -0.5576
vn -0.1250 0.2018 -0.9714
vn -0.3980 0.1178 -0.9098
vn -0.0696 -0.4089 -0.9099
vn -0.2022 0.3236 -0.9243
vn -0.2199 0.2854 -0.9328
vn -0.1892 -0.0579 -0.9802
vn -0.3978 -0.4921 -0.7743
vn -0.1146 0.3622 -0.9250
vn -0.1600 0.3228 -0.9329
vn 0.0677 0.4098 -0.9097
vn 0.1467 -0.1340 -0.9801
vn -0.0101 -0.0437 -0.9990
vn 0.1853 0.0626 -0.9807
vn 0.3745 0.5305 -0.7605
vn 0.1566 -0.6060 -0.7799
vn -0.1161 -0.3981 -0.9100
vn 0.6625 -0.3807 -0.6452
vn 0.0101 0.0437 -0.9990
vn -0.3236 -0.2022 -0.9243
vn -0.2854 -0.2198 -0.9328
vn 0.0650 -0.1832 -0.9809
vn 0.5484 -0.3628 -0.7534
vn -0.1230 0.6292 -0.7675
vn -0.3622 -0.1146 -0.9250
vn -0.3228 -0.1600 -0.9328
vn 0.1178 0.3980 -0.9098
vn -0.4089 0.0696 -0.9099
vn -0.4739 0.2151 -0.8539
vn 0.0437 -0.0101 -0.9990
vn 0.3236 0.2022 -0.9243
vn 0.2854 0.2199 -0.9328
vn 0.1280 0.0093 -0.9917
vn 0.4955 -0.3300 -0.8035
vn 0.5575 -0.3204 -0.7659
vn -0.0282 0.0569 -0.9980
vn -0.2035 0.5374 -0.8184
vn -0.2656 0.5360 -0.8014
vn 0.0551 -0.0398 -0.9977
vn 0.0847 0.0086 -0.9964
vn -0.0116 0.0670 -0.9977
vn -0.0791 0.5901 -0.8035
vn 0.0387 -0.0503 -0.9980
vn 0.3044 -0.4874 -0.8184
vn 0.3651 -0.4738 -0.8014
vn 0.0645 0.1113 -0.9917
vn 0.0209 0.6251 -0.7802
vn -0.0434 0.6420 -0.7655
vn 0.0282 -0.0569 -0.9980
vn 0.2035 -0.5374 -0.8184
vn 0.2656 -0.5360 -0.8014
vn 0.0272 0.1177 -0.9927
vn 0.0447 0.1190 -0.9919
vn 0.0116 -0.0670 -0.9977
vn 0.0793 -0.5899 -0.8035
vn 0.0120 0.1265 -0.9919
vn 0.1412 0.6110 -0.7789
vn -0.0644 -0.1105 -0.9918
vn -0.0215 -0.6247 -0.7806
vn 0.0433 -0.6411 -0.7663
vn -0.0091 0.1285 -0.9917
vn 0.3298 0.4957 -0.8034
vn 0.3208 0.5582 -0.7652
vn -0.0272 -0.1177 -0.9927
vn -0.0448 -0.1189 -0.9919
vn 0.0398 0.0551 -0.9977
vn -0.0086 0.0847 -0.9964
vn 0.0710 -0.1785 -0.9814
vn -0.4379 -0.1726 -0.8823
vn -0.4554 -0.2257 -0.8612
vn -0.0120 -0.1265 -0.9919
vn -0.1412 -0.6110 -0.7789
vn 0.0503 0.0387 -0.9980
vn 0.4874 0.3044 -0.8184
vn 0.4738 0.3651 -0.8013
vn -0.1384 -0.1305 -0.9817
vn -0.6309 0.0151 -0.7758
vn -0.6531 -0.0441 -0.7560
vn 0.0093 -0.1280 -0.9917
vn -0.3300 -0.4955 -0.8035
vn -0.3204 -0.5575 -0.7658
vn 0.0569 0.0282 -0.9980
vn 0.5374 0.2035 -0.8184
vn 0.5360 0.2657 -0.8013
vn -0.1177 0.0272 -0.9927
vn -0.1205 -0.0632 -0.9907
vn -0.0398 -0.0551 -0.9977
vn 0.0086 -0.0847 -0.9964
vn 0.0670 0.0116 -0.9977
vn 0.5901 0.0791 -0.8035
vn -0.5708 0.2549 -0.7805
vn -0.6110 0.1412 -0.7789
vn -0.0503 -0.0387 -0.9980
vn -0.0613 -0.0264 -0.9978
vn 0.1113 -0.0645 -0.9917
vn 0.6251 -0.0210 -0.7802
vn 0.6420 0.0434 -0.7655
vn -0.1278 -0.0093 -0.9918
vn -0.4954 0.3300 -0.8035
vn -0.5573 0.3203 -0.7660
vn -0.0530 0.0534 -0.9972
vn -0.6273 -0.0437 -0.7776
vn 0.1190 -0.0447 -0.9919
vn 0.6110 -0.1412 -0.7789
vn -0.0551 0.0398 -0.9977
vn -0.0847 -0.0086 -0.9964
vn 0.1177 -0.0272 -0.9927
vn 0.5709 -0.2551 -0.7804
vn -0.0387 0.0503 -0.9980
vn -0.3044 0.4874 -0.8184
vn -0.3651 0.4738 -0.8014
vn 0.3182 -0.8402 -0.4391
vn 0.3988 -0.8046 -0.4400
vn 0.0276 0.8980 -0.4391
vn 0.2556 0.5710 -0.7801
vn 0.2022 0.8754 -0.4391
vn -0.0276 -0.8980 -0.4391
vn 0.0606 -0.8960 -0.4400
vn 0.5218 0.7313 -0.4391
vn 0.4474 0.7786 -0.4400
vn -0.2022 -0.8754 -0.4391
vn 0.6545 0.6155 -0.4391
vn -0.8402 -0.3182 -0.4391
vn -0.8046 -0.3988 -0.4400
vn -0.3691 -0.8191 -0.4391
vn 0.7620 0.4760 -0.4391
vn 0.7113 0.5481 -0.4400
vn -0.8980 0.0276 -0.4391
vn -0.8960 -0.0606 -0.4400
vn -0.5218 -0.7313 -0.4391
vn -0.4474 -0.7786 -0.4400
vn 0.8402 0.3182 -0.4391
vn 0.8046 0.3988 -0.4400
vn -0.4186 -0.3937 -0.8184
vn 0.8861 0.1481 -0.4391
vn -0.8191 0.3691 -0.4391
vn -0.8754 0.2022 -0.4391
vn -0.4738 -0.3651 -0.8014
vn -0.7620 -0.4760 -0.4391
vn -0.7113 -0.5481 -0.4400
vn 0.8980 -0.0276 -0.4391
vn 0.8960 0.0605 -0.4400
vn -0.7313 0.5218 -0.4391
vn -0.7786 0.4474 -0.4400
vn -0.8861 -0.1481 -0.4391
vn 0.8754 -0.2022 -0.4391
vn -0.3937 0.4186 -0.8184
vn -0.4760 0.7620 -0.4391
vn -0.5481 0.7113 -0.4400
vn 0.7314 -0.5218 -0.4391
vn 0.7786 -0.4475 -0.4400
vn -0.3182 0.8402 -0.4391
vn -0.3989 0.8046 -0.4400
vn 0.6154 -0.6546 -0.4391
vn 0.4760 -0.7620 -0.4391
vn 0.5480 -0.7114 -0.4400
vn -0.0606 0.8960 -0.4400
vn -0.0156 -0.5057 -0.8625
vn 0.2939 0.4119 -0.8625
vn -0.4732 -0.1792 -0.8625
vn -0.4341 -0.2152 -0.8748
vn -0.2079 -0.4613 -0.8625
vn -0.1139 -0.4930 -0.8625
vn 0.4291 0.2681 -0.8625
vn 0.3837 0.2957 -0.8748
vn -0.2681 0.4291 -0.8625
vn -0.2957 0.3838 -0.8748
vn -0.2939 -0.4119 -0.8625
vn -0.2414 -0.4200 -0.8748
vn 0.4732 0.1792 -0.8625
vn 0.4341 0.2151 -0.8748
vn -0.5057 0.0155 -0.8625
vn -0.3686 -0.3466 -0.8625
vn -0.4930 0.1139 -0.8625
vn -0.4291 -0.2681 -0.8625
vn -0.3838 -0.2957 -0.8748
vn 0.5058 -0.0155 -0.8625
vn 0.4834 0.0327 -0.8748
vn -0.4119 0.2939 -0.8625
vn -0.4200 0.2414 -0.8748
vn 0.4930 -0.1139 -0.8625
vn -0.6155 0.6545 -0.4391
vn 0.4613 -0.2079 -0.8626
vn -0.4472 -0.3242 -0.8336
vn 0.4119 -0.2939 -0.8625
vn 0.4201 -0.2414 -0.8748
vn -0.1792 0.4732 -0.8625
vn -0.2151 0.4341 -0.8748
vn 0.3466 -0.3686 -0.8625
vn -0.1481 0.8861 -0.4391
vn 0.2681 -0.4291 -0.8625
vn 0.2957 -0.3838 -0.8748
vn 0.0155 0.5058 -0.8625
vn -0.0327 0.4833 -0.8748
vn -0.0388 0.0503 -0.9980
vn -0.0335 0.0536 -0.9980
vn -0.0437 0.0349 -0.9984
vn 0.0834 -0.4991 -0.8625
vn 0.1792 -0.4732 -0.8625
vn 0.3691 0.8191 -0.4391
vn 0.1139 0.4930 -0.8625
vn 0.0326 -0.4834 -0.8748
vn 0.2414 0.4200 -0.8748
vn -0.0000 -0.0000 -1.0000
vn -0.4991 -0.0834 -0.8625
vn -0.4834 -0.0326 -0.8748
vn -0.4613 0.2079 -0.8625
vn -0.3466 0.3686 -0.8625
vn -0.0834 0.4991 -0.8625
vn 0.2079 0.4613 -0.8625
vn 0.3686 0.3466 -0.8625
vn 0.4991 0.0834 -0.8625
vn -0.7404 -0.1238 -0.6606
vn -0.3837 -0.0259 -0.9231
vn 0.3334 -0.1916 -0.9231
vn 0.3582 0.1356 -0.9238
vn 0.3777 0.0632 -0.9238
vn -0.3828 0.0118 -0.9238
vn -0.3732 0.0862 -0.9238
vn 0.3118 -0.2224 -0.9238
vn 0.2624 -0.2790 -0.9238
vn -0.3492 0.1574 -0.9238
vn 0.2029 -0.3248 -0.9238
vn -0.3334 0.1916 -0.9231
vn 0.1356 -0.3582 -0.9238
vn -0.3118 0.2224 -0.9238
vn -0.2624 0.2790 -0.9238
vn 0.0632 -0.3777 -0.9238
vn -0.2029 0.3248 -0.9238
vn 0.0259 -0.3837 -0.9231
vn -0.1356 0.3582 -0.9238
vn -0.0862 -0.3732 -0.9238
vn -0.0632 0.3777 -0.9238
vn -0.1574 -0.3492 -0.9238
vn -0.0259 0.3837 -0.9231
vn -0.1916 -0.3334 -0.9231
vn 0.0118 0.3828 -0.9238
vn 0.0862 0.3732 -0.9238
vn -0.2790 -0.2624 -0.9238
vn 0.3248 0.2029 -0.9238
vn 0.1574 0.3492 -0.9238
vn -0.3248 -0.2029 -0.9238
vn 0.3837 0.0259 -0.9231
vn 0.1916 0.3334 -0.9231
vn 0.3807 0.6625 -0.6452
vn -0.3582 -0.1356 -0.9238
vn 0.3732 -0.0862 -0.9238
vn 0.2224 0.3118 -0.9238
vn 0.2790 0.2624 -0.9238
vn -0.3777 -0.0631 -0.9238
vn 0.3492 -0.1574 -0.9238
vn -0.9946 0.1036 -0.0074
vn -0.0398 0.0334 -0.9986
vn -0.0866 0.0200 -0.9960
vn -0.0272 -0.0236 -0.9994
vn -0.0512 -0.0132 -0.9986
vn -0.1499 0.0633 -0.9867
vn -0.1618 0.1193 -0.9796
vn -0.0307 -0.0785 -0.9964
vn -0.0095 -0.0842 -0.9964
vn 0.0003 -0.1239 -0.9923
vn 0.0866 -0.0200 -0.9960
vn -0.1265 0.0120 -0.9919
vn 0.0546 0.0122 -0.9984
vn 0.0723 -0.0449 -0.9964
vn -0.0349 -0.0437 -0.9984
vn 0.0235 -0.0268 -0.9994
vn 0.0491 -0.0891 -0.9948
vn 0.0789 -0.0299 -0.9964
vn 0.0128 -0.1255 -0.9920
vn 0.0200 0.0866 -0.9960
vn -0.0280 -0.2417 -0.9700
vn 0.0349 0.0437 -0.9984
vn -0.0232 0.0254 -0.9994
vn -0.0119 0.0496 -0.9987
vn -0.0805 0.0273 -0.9964
vn -0.0839 0.0059 -0.9965
vn -0.0200 -0.0866 -0.9960
vn 0.0122 -0.0546 -0.9984
vn -0.0449 -0.0723 -0.9964
vn 0.0132 -0.0512 -0.9986
vn 0.0842 -0.0095 -0.9964
vn 0.0335 -0.0536 -0.9980
vn -0.0122 0.0546 -0.9984
vn 0.0449 0.0723 -0.9964
vn 0.0268 0.0235 -0.9994
vn 0.0299 0.0789 -0.9964
vn 0.5038 -0.7503 -0.4281
vn 0.1209 -0.7213 -0.6820
vn 0.4892 -0.5714 -0.6589
vn -0.0568 0.9050 -0.4216
vn 0.2784 0.7027 -0.6548
vn -0.0446 0.7268 -0.6854
vn 0.0502 0.0388 -0.9980
vn 0.0613 0.0264 -0.9978
vn 0.7371 -0.5260 -0.4242
vn 0.2999 -0.6870 -0.6619
vn 0.5989 -0.4270 -0.6775
vn 0.7884 -0.4480 -0.4215
vn 0.6336 -0.3589 -0.6854
vn -0.4531 0.7818 -0.4283
vn -0.5952 0.4250 -0.6820
vn -0.7339 0.5237 -0.4327
vn -0.8864 -0.1482 -0.4385
vn -0.5665 -0.4848 -0.6664
vn -0.7466 -0.4993 -0.4397
vn -0.6290 0.3563 -0.6909
vn -0.7841 0.4456 -0.4320
vn 0.9071 0.0569 -0.4171
vn 0.7016 -0.2759 -0.6570
vn 0.7290 0.0447 -0.6830
vn 0.7555 0.5047 -0.4177
vn 0.7284 0.1219 -0.6742
vn 0.5754 0.4910 -0.6542
vn -0.5220 -0.7316 -0.4385
vn -0.6842 -0.2964 -0.6664
vn -0.4230 -0.5929 -0.6852
vn -0.4445 -0.7823 -0.4364
vn -0.3552 -0.6271 -0.6932
vn -0.8980 -0.0563 -0.4364
vn -0.6953 0.2767 -0.6633
vn -0.7194 -0.0441 -0.6932
vn 0.7850 0.4575 -0.4177
vn 0.4290 0.6011 -0.6742
vn 0.5276 0.7394 -0.4182
vn 0.3600 0.6355 -0.6830
vn 0.4491 0.7902 -0.4171
vn 0.3686 -0.3682 -0.8536
vn 0.1201 -0.7224 -0.6810
vn -0.0277 0.4748 -0.8796
vn -0.0782 0.4671 -0.8807
vn -0.3687 0.3661 -0.8544
vn 0.3855 -0.2752 -0.8807
vn 0.4875 -0.5894 -0.6442
vn 0.4145 -0.2332 -0.8796
vn -0.1692 0.4930 -0.8534
vn -0.3834 0.2735 -0.8821
vn -0.4627 -0.0775 -0.8831
vn -0.3643 -0.3661 -0.8563
vn -0.4116 0.2316 -0.8814
vn 0.4762 0.0279 -0.8789
vn 0.4689 0.0784 -0.8798
vn 0.3700 0.3711 -0.8517
vn -0.2726 -0.3819 -0.8831
vn -0.5837 -0.4832 -0.6525
vn -0.2309 -0.4105 -0.8821
vn -0.4702 -0.0275 -0.8821
vn 0.2761 0.3870 -0.8798
vn 0.5936 0.4909 -0.6377
vn 0.2339 0.4157 -0.8789
vn 0.0276 -0.4715 -0.8814
vn 0.0203 -0.7174 -0.6964
vn 0.1673 -0.4917 -0.8546
vn -0.0554 -0.7464 -0.6631
vn 0.1344 -0.8859 -0.4440
vn -0.1737 -0.8828 -0.4364
vn -0.8697 0.2311 -0.4362
vn -0.7687 0.2646 -0.5823
vn -0.7380 0.5086 -0.4435
vn -0.6371 0.2527 -0.7282
vn -0.7099 0.1640 -0.6850
vn 0.4945 0.5317 -0.6876
vn 0.2300 0.4704 -0.8519
vn -0.2625 -0.7683 -0.5838
vn -0.6397 -0.4988 -0.5848
vn -0.6377 -0.3983 -0.6594
vn 0.7088 0.4428 -0.5492
vn 0.6107 0.3602 -0.7052
vn 0.4519 -0.4959 -0.7415
vn 0.6369 -0.3407 -0.6915
vn -0.0995 -0.8066 -0.5827
vn -0.1696 -0.7340 -0.6577
vn 0.5395 0.7234 -0.4309
vn -0.7762 -0.4519 -0.4397
vn -0.7288 -0.3561 -0.5848
vn -0.8777 -0.1641 -0.4503
vn -0.8059 0.1010 -0.5834
vn -0.7341 0.1695 -0.6576
vn 0.6270 0.2479 -0.7385
vn 0.5917 0.3908 -0.7051
vn -0.0526 -0.6835 -0.7280
vn -0.2675 -0.7103 -0.6511
vn -0.7442 0.0577 -0.6655
vn -0.8822 -0.1296 -0.4526
vn -0.8820 0.1764 -0.4371
vn -0.6982 -0.4359 -0.5680
vn -0.6016 -0.3563 -0.7149
vn -0.0015 0.5225 -0.8526
vn 0.0532 0.6902 -0.7216
vn -0.2145 0.6903 -0.6910
vn 0.8772 -0.2299 -0.4215
vn 0.7767 -0.2646 -0.5717
vn 0.7429 -0.5057 -0.4386
vn -0.3584 0.7345 -0.5763
vn 0.2545 0.6444 -0.7211
vn 0.1658 0.7178 -0.6762
vn -0.2756 -0.6939 -0.6653
vn -0.4934 -0.5204 -0.6969
vn -0.2287 -0.4641 -0.8557
vn -0.5002 0.6449 -0.5779
vn -0.4014 0.6424 -0.6529
vn -0.2530 -0.6366 -0.7285
vn -0.1640 -0.7099 -0.6849
vn 0.4390 -0.7038 -0.5586
vn 0.3590 -0.6065 -0.7095
vn -0.1633 0.8857 -0.4345
vn 0.6936 0.3017 -0.6542
vn 0.7249 0.0248 -0.6884
vn 0.4958 0.1697 -0.8517
vn 0.7535 -0.0584 -0.6549
vn 0.8934 0.1323 -0.4293
vn 0.8901 -0.1757 -0.4206
vn 0.2450 -0.6223 -0.7435
vn 0.3877 -0.5875 -0.7103
vn -0.4911 -0.4489 -0.7465
vn -0.3335 -0.6331 -0.6986
vn 0.2664 0.7768 -0.5707
vn 0.0008 -0.5185 -0.8551
vn 0.2117 -0.6886 -0.6935
vn -0.4869 0.5702 -0.6617
vn -0.7166 0.5350 -0.4476
vn -0.5003 0.7518 -0.4295
vn 0.1030 0.8139 -0.5718
vn 0.1714 0.7420 -0.6481
vn -0.5256 0.4914 -0.6944
vn -0.4654 0.2280 -0.8552
vn 0.4563 -0.7794 -0.4293
vn 0.3601 -0.7328 -0.5774
vn 0.1678 -0.8787 -0.4468
vn -0.3583 0.6062 -0.7101
vn 0.4978 0.4547 -0.7386
vn 0.3402 0.6406 -0.6884
vn 0.2326 0.8769 -0.4207
vn 0.5111 0.7445 -0.4295
vn 0.7385 0.3624 -0.5686
vn -0.2469 0.6233 -0.7420
vn -0.3873 0.5877 -0.7104
vn -0.7152 -0.0220 -0.6986
vn -0.4888 -0.1668 -0.8563
vn 0.7238 -0.5366 -0.4339
vn 0.6497 0.5047 -0.5686
vn 0.6474 0.4044 -0.6460
vn 0.6907 -0.0539 -0.7212
vn 0.7187 -0.2703 -0.6406
vn -0.5172 -0.0019 -0.8559
vn -0.6828 0.0516 -0.7287
vn -0.6834 -0.2144 -0.6978
vn 0.6435 -0.2550 -0.7217
vn 0.7178 -0.1659 -0.6762
vn 0.5261 -0.4952 -0.6913
vn 0.4689 -0.2305 -0.8527
vn 0.0594 0.7516 -0.6570
vn -0.1290 0.8893 -0.4388
vn 0.1782 0.8891 -0.4215
vn 0.8150 -0.1013 -0.5705
vn 0.7420 -0.1715 -0.6481
vn -0.2285 -0.8698 -0.4372
vn -0.5042 -0.7351 -0.4532
vn -0.2979 0.6910 -0.6586
vn -0.0263 0.7229 -0.6904
vn 0.5236 0.0003 -0.8520
vn 0.6945 0.2109 -0.6879
vn -0.6181 -0.2432 -0.7475
vn -0.5828 -0.3844 -0.7159
vn 0.8867 0.1675 -0.4309
vn -0.4518 0.4939 -0.7429
vn -0.6370 0.3329 -0.6953
vn -0.5325 -0.7168 -0.4503
vn 0.5032 -0.6444 -0.5758
vn 0.4013 -0.6426 -0.6527
vn -0.4000 -0.7822 -0.4776
vn -0.7184 -0.1201 -0.6852
vn 0.2737 -0.8415 -0.4658
vn -0.8784 -0.0164 -0.4776
vn 0.1365 0.1310 -0.9819
vn -0.6372 0.6131 -0.4669
vn 0.7883 -0.4093 -0.4594
vn 0.0115 -0.2769 -0.9608
vn 0.0776 -0.4645 -0.8821
vn -0.6139 -0.6268 -0.4798
vn 0.0565 -0.9001 -0.4320
vn 0.1487 -0.8892 -0.4326
vn -0.8327 -0.2745 -0.4808
vn -0.0194 0.8888 -0.4580
vn -0.7844 0.3954 -0.4779
vn -0.1211 0.7255 -0.6775
vn 0.6162 0.6431 -0.4546
vn -0.2747 0.8395 -0.4688
vn 0.8878 0.0179 -0.4598
vn 0.4056 0.7900 -0.4598
vn 0.6343 -0.6145 -0.4692
vn 0.8959 0.1498 -0.4182
vn 0.8483 0.2709 -0.4550
vn 0.0140 -0.8777 -0.4791
vn -0.0986 0.1202 -0.9878
vn -0.6408 -0.2829 -0.7137
vn -0.0311 -0.1045 -0.9940
vn -0.1095 0.0176 -0.9938
vn -0.0435 0.0506 -0.9978
vn -0.5503 -0.4479 -0.7047
vn -0.4584 -0.1581 -0.8746
vn 0.1055 -0.0182 -0.9943
vn 0.0435 -0.0506 -0.9978
vn 0.3578 -0.3489 -0.8662
vn -0.0160 -0.0693 -0.9975
vn 0.5203 0.4554 -0.7224
vn 0.3098 -0.6462 -0.6974
vn 0.0160 0.0693 -0.9975
vn 0.4214 0.1581 -0.8930
vn 0.1072 -0.0331 -0.9937
vn -0.0930 -0.0651 -0.9935
vn 0.0335 0.0398 -0.9986
vn 0.4724 -0.5129 -0.7168
vn -0.2832 0.6409 -0.7135
vn -0.1493 0.8932 -0.4242
vn 0.0693 -0.0160 -0.9975
vn 0.1566 -0.4056 -0.9006
vn -0.1046 0.0311 -0.9940
vn 0.0176 0.1095 -0.9938
vn 0.0506 0.0435 -0.9978
vn 0.0396 -0.0330 -0.9987
vn 0.0385 -0.1388 -0.9896
vn -0.0232 -0.1151 -0.9931
vn -0.4479 0.5502 -0.7047
vn 0.6392 0.2757 -0.7179
vn -0.0883 -0.0351 -0.9955
vn -0.0231 0.1008 -0.9946
vn -0.0693 0.0160 -0.9975
vn -0.1581 0.4583 -0.8746
vn 0.0305 0.1037 -0.9941
vn -0.3353 -0.3250 -0.8843
vn 0.3000 0.1456 -0.9428
vn -0.0264 0.0613 -0.9978
vn -0.0537 -0.0355 -0.9979
vn 0.1369 0.1405 -0.9806
vn 0.0536 0.0335 -0.9980
vn -0.3575 0.4506 -0.8180
vn -0.3253 0.3354 -0.8841
vn -0.3974 -0.4275 -0.8120
vn -0.0141 0.0285 -0.9995
vn 0.6263 0.3912 -0.6743
vn 0.4186 0.3937 -0.8184
vn -0.2619 -0.2752 -0.9250
vn -0.3354 0.6216 -0.7079
vn 0.3881 -0.6214 -0.6806
vn 0.3937 -0.4186 -0.8184
vn -0.6165 -0.3851 -0.6868
vn -0.6545 -0.6155 -0.4391
vn 0.2619 0.2752 -0.9250
vn 0.2752 -0.2619 -0.9250
vn -0.3882 0.6214 -0.6806
vn 0.3313 0.3172 -0.8886
vn 0.7042 -0.3187 -0.6344
vn 0.0490 -0.0913 -0.9946
vn 0.3828 -0.0118 -0.9238
vn -0.2849 -0.1224 -0.9507
vn 0.7706 0.1268 -0.6246
vn -0.1420 0.1363 -0.9804
vn -0.2551 -0.5709 -0.7804
vn 0.3345 0.7423 -0.5806
vn -0.0334 -0.0145 -0.9993
vn -0.0236 0.1315 -0.9910
vn 0.1481 -0.8861 -0.4391
vn 0.0131 -0.0324 -0.9994
vn -0.0974 -0.0195 -0.9951
vn 0.2983 0.1288 -0.9457
vn 0.1265 -0.0120 -0.9919
vn 0.8191 -0.3692 -0.4391
vn -0.7423 0.3345 -0.5806
vn -0.0351 -0.0406 -0.9986
vn -0.2224 -0.3118 -0.9238
vn 0.2186 0.4821 -0.8484
vn -0.3345 -0.7423 -0.5806
vn 0.0324 0.0131 -0.9994
vn -0.0118 -0.3828 -0.9238
vn -0.1272 0.2943 -0.9472
vn 0.1343 -0.8031 -0.5806
vn 0.6260 0.7798 -0.0000
vn 0.9805 0.1968 -0.0000
vn 0.9909 0.1349 -0.0000
vn 0.8356 -0.5493 -0.0000
vn 0.7931 -0.6091 -0.0000
vn 0.1832 -0.9831 -0.0000
vn 0.1466 -0.9892 -0.0000
vn -0.5681 -0.8230 -0.0000
vn -0.5922 -0.8058 -0.0000
vn -0.9805 -0.1968 -0.0000
vn -0.9909 -0.1349 -0.0000
vn -0.8366 0.5479 -0.0000
vn -0.0000 -0.0000 1.0000
vn -0.7896 0.6136 -0.0000
vn -0.1832 0.9831 -0.0000
vn -0.1466 0.9892 -0.0000
vn 0.5306 0.8476 -0.0000
vn 0.7461 0.4661 0.4755
vn 0.5537 -0.2525 -0.7935
vn 0.7092 -0.1639 0.6857
vn 0.2578 -0.6807 0.6857
vn -0.0223 -0.7275 0.6857
vn -0.5302 -0.4986 0.6857
vn -0.5925 0.4228 0.6857
vn -0.2578 0.6807 0.6857
vn 0.5302 0.4986 0.6857
vn 0.1639 0.7092 0.6857
vn -0.2753 -0.1720 -0.9458
vn -0.2642 0.1885 -0.9458
vn 0.0731 0.3163 -0.9458
vn 0.9587 -0.2794 -0.0532
vn 0.9805 0.1967 -0.0000
vt 1.000000 1.000000
vt 0.968750 0.907923
vt 1.000000 0.907923
vt 0.968750 1.000000
vt 0.937500 0.907923
vt 0.937500 1.000000
vt 0.906250 0.907923
vt 0.906250 1.000000
vt 0.875000 0.907923
vt 0.875000 1.000000
vt 0.843750 0.907923
vt 0.312500 0.907923
vt 0.281250 1.000000
vt 0.281250 0.907923
vt 0.812500 1.000000
vt 0.781250 0.907923
vt 0.812500 0.907923
vt 0.781250 1.000000
vt 0.750000 0.907923
vt 0.750000 1.000000
vt 0.718750 0.907923
vt 0.718750 1.000000
vt 0.687500 0.907923
vt 0.375000 0.573152
vt 0.343750 0.582906
vt 0.343750 0.573152
vt 0.656250 1.000000
vt 0.625000 0.907923
vt 0.656250 0.907923
vt 0.625000 1.000000
vt 0.593750 0.907923
vt 0.593750 1.000000
vt 0.562500 0.907923
vt 0.562500 1.000000
vt 0.531250 0.907923
vt 0.531250 1.000000
vt 0.500000 0.907923
vt 0.500000 1.000000
vt 0.468750 0.907923
vt 0.468750 1.000000
vt 0.437500 0.907923
vt 0.437500 1.000000
vt 0.406250 0.907923
vt 0.406250 1.000000
vt 0.375000 0.907923
vt 0.375000 1.000000
vt 0.343750 0.907923
vt 0.343750 1.000000
vt 0.250000 0.907923
vt 0.250000 1.000000
vt 0.218750 0.907923
vt 0.093750 0.907923
vt 0.062500 1.000000
vt 0.062500 0.902757
vt 0.156250 1.000000
vt 0.125000 0.907923
vt 0.156250 0.907923
vt 0.125000 1.000000
vt 0.031250 0.907923
vt 0.000000 1.000000
vt 0.000000 0.907923
vt 0.062500 0.907923
vt 0.031250 1.000000
vt 0.843750 1.000000
vt 0.687500 1.000000
vt 0.093750 1.000000
vt 0.218750 1.000000
vt 0.187500 1.000000
vt 0.312500 1.000000
vt 0.437500 1.000000
vt 0.812500 1.000000
vt 0.375000 1.000000
vt 0.781250 1.000000
vt 0.312500 1.000000
vt 0.718750 1.000000
vt 0.656250 1.000000
vt 0.218750 1.000000
vt 0.593750 1.000000
vt 0.156250 1.000000
vt 0.906250 1.000000
vt 0.906250 0.500000
vt 0.875000 0.500000
vt 0.843750 0.500000
vt 0.812500 0.500000
vt 0.781250 0.500000
vt 0.750000 0.500000
vt 0.718750 0.500000
vt 0.687500 0.500000
vt 0.656250 0.500000
vt 0.625000 0.500000
vt 0.593750 0.500000
vt 0.562500 0.500000
vt 0.531250 0.500000
vt 0.500000 0.500000
vt 0.468750 0.500000
vt 0.437500 0.500000
vt 0.406250 0.500000
vt 0.375000 0.500000
vt 0.343750 0.500000
vt 0.312500 0.500000
vt 0.281250 0.500000
vt 0.250000 0.500000
vt 0.218750 0.500000
vt 0.187500 0.500000
vt 0.156250 0.500000
vt 0.125000 0.500000
vt 0.093750 0.500000
vt 0.062500 0.500000
vt 0.031250 0.500000
vt 0.000000 0.500000
vt 0.968750 0.500000
vt 0.937500 0.500000
vt 0.437500 0.786878
vt 0.406250 0.786879
vt 0.156250 0.902757
vt 0.125000 0.902757
vt 0.187500 0.582906
vt 0.156250 0.582906
vt 0.968750 0.814097
vt 0.937500 0.814097
vt 0.468750 0.786878
vt 0.093750 0.902757
vt 0.125000 0.582906
vt 0.906250 0.814097
vt 0.500000 0.786878
vt 0.093750 0.582906
vt 0.875000 0.814097
vt 0.531250 0.786878
vt 0.031250 0.902757
vt 0.062500 0.582906
vt 0.843750 0.814097
vt 0.562500 0.786879
vt 0.000000 0.902757
vt 0.031250 0.582906
vt 0.812500 0.814097
vt 0.593750 0.786879
vt 0.000000 0.582906
vt 0.781250 0.814097
vt 0.625000 0.786878
vt 0.750000 0.814097
vt 0.656250 0.786878
vt 0.718750 0.814097
vt 0.687500 0.786879
vt 0.687500 0.814097
vt 0.718750 0.786878
vt 0.656250 0.814097
vt 0.750000 0.786878
vt 1.000000 0.876067
vt 0.968750 0.873992
vt 1.000000 0.873992
vt 0.968750 0.876067
vt 0.937500 0.873992
vt 0.406250 0.573152
vt 0.375000 0.582906
vt 0.906250 0.876067
vt 0.875000 0.873992
vt 0.906250 0.873992
vt 0.875000 0.876067
vt 0.843750 0.873992
vt 0.843750 0.876067
vt 0.812500 0.873992
vt 0.812500 0.876067
vt 0.781250 0.873992
vt 0.781250 0.876067
vt 0.750000 0.873992
vt 0.750000 0.876067
vt 0.718750 0.873992
vt 0.718750 0.876067
vt 0.687500 0.873992
vt 0.250000 0.776783
vt 0.218750 0.786878
vt 0.218750 0.776783
vt 0.656250 0.876067
vt 0.625000 0.873992
vt 0.656250 0.873992
vt 0.625000 0.876067
vt 0.593750 0.873992
vt 0.593750 0.876067
vt 0.562500 0.873992
vt 0.375000 0.873992
vt 0.343750 0.876067
vt 0.343750 0.873992
vt 0.531250 0.876067
vt 0.500000 0.873992
vt 0.531250 0.873992
vt 0.500000 0.876067
vt 0.468750 0.873992
vt 0.468750 0.876067
vt 0.437500 0.873992
vt 0.437500 0.876067
vt 0.406250 0.873992
vt 0.406250 0.876067
vt 0.187500 0.907923
vt 0.125000 0.873992
vt 0.093750 0.876067
vt 0.093750 0.873992
vt 0.312500 0.876067
vt 0.281250 0.873992
vt 0.312500 0.873992
vt 0.281250 0.876067
vt 0.250000 0.873992
vt 0.250000 0.876067
vt 0.218750 0.873992
vt 0.218750 0.876067
vt 0.187500 0.873992
vt 0.187500 0.876067
vt 0.156250 0.873992
vt 0.156250 0.876067
vt 0.062500 0.873992
vt 0.062500 0.876067
vt 0.031250 0.873992
vt 0.031250 0.876067
vt 0.000000 0.873992
vt 0.625000 0.814097
vt 0.781250 0.786878
vt 0.593750 0.814097
vt 0.812500 0.786878
vt 0.000000 0.876067
vt 0.562500 0.814097
vt 0.843750 0.786879
vt 1.000000 0.605644
vt 0.968750 0.605644
vt 0.531250 0.814097
vt 0.875000 0.786878
vt 0.937500 0.605644
vt 0.500000 0.814096
vt 0.906250 0.786879
vt 0.125000 0.876067
vt 0.906250 0.605644
vt 0.468750 0.814097
vt 0.937500 0.786878
vt 0.875000 0.605644
vt 0.437500 0.814097
vt 0.968750 0.786879
vt 0.843750 0.605644
vt 0.406250 0.814097
vt 1.000000 0.786879
vt 0.812500 0.605644
vt 0.375000 0.814097
vt 0.781250 0.605644
vt 0.968750 0.776783
vt 1.000000 0.776783
vt 0.937500 0.776783
vt 0.906250 0.776783
vt 0.875000 0.776783
vt 0.843750 0.776783
vt 0.812500 0.776783
vt 0.781250 0.776783
vt 0.718750 0.776783
vt 0.750000 0.776783
vt 0.687500 0.776783
vt 0.656250 0.776783
vt 0.625000 0.776783
vt 0.593750 0.776783
vt 0.562500 0.614605
vt 0.218750 0.614605
vt 0.187500 0.776783
vt 0.187500 0.614605
vt 0.531250 0.776783
vt 0.562500 0.776783
vt 0.500000 0.776782
vt 0.468750 0.776783
vt 0.437500 0.776783
vt 0.406250 0.776783
vt 0.375000 0.776783
vt 0.375000 0.786878
vt 0.343750 0.776783
vt 0.312500 0.786878
vt 0.281250 0.776783
vt 0.312500 0.776783
vt 0.281250 0.786878
vt 0.187500 0.816807
vt 0.156250 0.816807
vt 0.187500 0.786878
vt 0.156250 0.776783
vt 0.156250 0.786879
vt 0.125000 0.776783
vt 0.125000 0.786878
vt 0.093750 0.776783
vt 0.093750 0.786878
vt 0.062500 0.776783
vt 0.062500 0.786879
vt 0.031250 0.776783
vt 0.031250 0.786878
vt 0.000000 0.776783
vt 0.000000 0.573152
vt 0.031250 0.573152
vt 0.062500 0.573152
vt 0.218750 0.573152
vt 0.187500 0.573152
vt 0.093750 0.573152
vt 0.125000 0.573152
vt 0.156250 0.573152
vt 0.250000 0.582906
vt 0.250000 0.573152
vt 0.281250 0.582906
vt 0.281250 0.573152
vt 0.312500 0.582906
vt 0.312500 0.573152
vt 0.593750 0.614605
vt 0.437500 0.582906
vt 0.437500 0.573152
vt 0.468750 0.582906
vt 0.468750 0.573152
vt 0.500000 0.582906
vt 0.500000 0.573152
vt 0.531250 0.582906
vt 0.531250 0.573152
vt 0.562500 0.582906
vt 0.562500 0.573152
vt 0.593750 0.582906
vt 0.593750 0.573152
vt 0.625000 0.582906
vt 0.625000 0.573152
vt 0.656250 0.582906
vt 0.656250 0.573152
vt 0.687500 0.582906
vt 0.687500 0.573152
vt 0.718750 0.582906
vt 0.718750 0.573152
vt 0.750000 0.582906
vt 0.750000 0.573152
vt 0.781250 0.582906
vt 0.781250 0.573152
vt 0.812500 0.582906
vt 0.812500 0.573152
vt 0.843750 0.582906
vt 0.843750 0.573152
vt 0.875000 0.582906
vt 0.875000 0.573152
vt 0.906250 0.582906
vt 0.906250 0.573152
vt 0.937500 0.582906
vt 0.937500 0.573152
vt 0.968750 0.582906
vt 0.968750 0.573152
vt 1.000000 0.582906
vt 1.000000 0.573152
vt 0.343750 0.814097
vt 0.750000 0.605644
vt 0.312500 0.814097
vt 0.718750 0.605644
vt 0.281250 0.814097
vt 0.687500 0.605644
vt 0.250000 0.814097
vt 0.375000 0.876067
vt 0.656250 0.605644
vt 0.218750 0.814097
vt 0.625000 0.605644
vt 0.187500 0.814097
vt 1.000000 0.902757
vt 0.968750 0.902757
vt 0.593750 0.605644
vt 0.156250 0.814097
vt 0.937500 0.902757
vt 0.562500 0.605644
vt 0.125000 0.814097
vt 0.906250 0.902757
vt 0.531250 0.605644
vt 0.093750 0.814097
vt 0.875000 0.902757
vt 0.187500 0.902757
vt 0.218750 0.902757
vt 0.250000 0.902757
vt 0.281250 0.902757
vt 0.312500 0.902757
vt 0.343750 0.902757
vt 0.375000 0.902757
vt 0.406250 0.902757
vt 0.437500 0.902757
vt 0.468750 0.902757
vt 0.500000 0.902757
vt 0.531250 0.902757
vt 0.562500 0.902757
vt 0.562500 0.876067
vt 0.593750 0.902757
vt 0.625000 0.902757
vt 0.656250 0.902757
vt 0.687500 0.902757
vt 0.687500 0.876067
vt 0.718750 0.902757
vt 0.750000 0.902757
vt 0.781250 0.902757
vt 0.812500 0.902757
vt 0.843750 0.902757
vt 0.937500 0.876067
vt 0.031250 0.814097
vt 0.000000 0.786878
vt 0.062500 0.814097
vt 0.250000 0.786878
vt 0.343750 0.786878
vt 0.031250 0.605644
vt 0.062500 0.605644
vt 0.093750 0.605644
vt 0.125000 0.605644
vt 0.156250 0.605644
vt 0.187500 0.605644
vt 0.218750 0.605644
vt 0.218750 0.582906
vt 0.250000 0.605644
vt 0.281250 0.605644
vt 0.312500 0.605644
vt 0.343750 0.605644
vt 0.375000 0.605644
vt 0.406250 0.605644
vt 0.406250 0.582906
vt 0.437500 0.605644
vt 0.468750 0.605644
vt 0.500000 0.605644
vt 1.000000 0.814097
vt 0.000000 0.605644
vt 0.000000 0.814097
vt 0.000000 0.816807
vt 0.031250 0.816807
vt 0.062500 0.816807
vt 0.093750 0.816807
vt 0.125000 0.816807
vt 0.343750 0.816807
vt 0.312500 0.816807
vt 0.218750 0.816807
vt 0.250000 0.816807
vt 0.281250 0.816807
vt 0.375000 0.816807
vt 0.406250 0.816807
vt 0.437500 0.816807
vt 0.468750 0.816807
vt 0.500000 0.816807
vt 0.531250 0.816807
vt 0.562500 0.816807
vt 0.593750 0.816807
vt 0.625000 0.816807
vt 0.656250 0.816807
vt 0.687500 0.816807
vt 0.718750 0.816807
vt 0.750000 0.816807
vt 0.781250 0.816807
vt 0.812500 0.816807
vt 0.843750 0.816807
vt 0.875000 0.816807
vt 0.906250 0.816807
vt 0.937500 0.816807
vt 0.968750 0.816807
vt 1.000000 0.816807
vt 0.000000 0.614605
vt 0.031250 0.614605
vt 0.062500 0.614605
vt 0.093750 0.614605
vt 0.125000 0.614605
vt 0.156250 0.614605
vt 0.250000 0.614605
vt 0.281250 0.614605
vt 0.312500 0.614605
vt 0.343750 0.614605
vt 0.375000 0.614605
vt 0.406250 0.614605
vt 0.437500 0.614605
vt 0.468750 0.614605
vt 0.500000 0.614605
vt 0.531250 0.614605
vt 0.625000 0.614605
vt 0.656250 0.614605
vt 0.687500 0.614605
vt 0.718750 0.614605
vt 0.750000 0.614605
vt 0.781250 0.614605
vt 0.812500 0.614605
vt 0.843750 0.614605
vt 0.875000 0.614605
vt 0.906250 0.614605
vt 0.937500 0.614605
vt 0.968750 0.614605
vt 1.000000 0.614605
vt 1.000000 0.500000
vt 0.937500 0.598624
vt 0.968750 0.598624
vt 0.281250 0.500000
vt 0.875000 0.598624
vt 0.906250 0.598624
vt 0.843750 0.598624
vt 0.812500 0.598624
vt 0.781250 0.598624
vt 0.750000 0.598624
vt 0.718750 0.598624
vt 0.593750 0.598624
vt 0.656250 0.598624
vt 0.687500 0.598624
vt 0.625000 0.598624
vt 0.437500 0.598624
vt 0.406250 0.598624
vt 0.531250 0.598624
vt 0.562500 0.598624
vt 0.062500 0.500000
vt 0.468750 0.598624
vt 0.500000 0.598624
vt 0.656250 0.500000
vt 0.375000 0.598624
vt 0.343750 0.598624
vt 0.312500 0.598624
vt 0.281250 0.598624
vt 0.250000 0.598624
vt 0.218750 0.598624
vt 0.031250 0.598624
vt 0.000000 0.598624
vt 0.156250 0.598624
vt 0.187500 0.598624
vt 0.125000 0.598624
vt 0.093750 0.598624
vt 0.158156 0.028269
vt 0.471731 0.158156
vt 0.341844 0.471731
vt 0.062500 0.598624
vt 0.843750 0.500000
vt 0.437500 0.500000
vt 0.312500 0.500000
vt 1.000000 0.500000
vt 0.406250 0.500000
vt 0.437500 0.500000
vt 0.156250 0.500000
vt 0.500000 0.500000
vt 0.625000 0.500000
vt 0.781250 0.500000
vt 0.468750 0.500000
vt 0.250000 0.500000
vt 0.968750 0.500000
vt 0.625000 0.500000
vt 0.187500 0.500000
vt 0.593750 0.500000
vt 0.468750 0.500000
vt 0.875000 0.500000
vt 0.812500 0.500000
vt 0.796822 0.014612
vt 0.514611 0.203179
vt 0.703179 0.485389
vt 0.125000 0.500000
vt 0.156250 0.500000
vt 0.937500 0.500000
vt 0.375000 0.500000
vt 0.281250 0.500000
vt 0.750000 0.500000
vt 0.937500 0.500000
vt 0.218750 0.500000
vt 0.812500 0.500000
vt 0.687500 0.500000
vt 0.968750 0.500000
vt 0.843750 0.500000
vt 0.437500 0.500000
vt 0.343750 0.500000
vt 0.906250 0.500000
vt 0.281250 0.500000
vt 1.000000 0.598624
vt 0.750000 0.490000
vt 0.116663 0.449553
vt 0.383337 0.449553
vt 0.485388 0.296822
vt 0.990000 0.250000
vt 0.449553 0.116663
vt 0.919706 0.080294
vt 0.203178 0.014612
vt 0.296822 0.014612
vt 0.750000 0.010000
vt 0.580294 0.080294
vt 0.050447 0.116663
vt 0.510000 0.250000
vt 0.014612 0.296822
vt 0.580295 0.419706
vt 0.919706 0.419706
vt 0.590772 1.000000
vt 0.590668 1.000000
vt 0.278507 1.000000
vt 0.659649 1.000000
vt 0.659750 1.000000
vt 0.340773 1.000000
vt 0.340669 1.000000
vt 0.839902 1.000000
vt 0.839805 1.000000
vt 0.408911 1.000000
vt 0.409018 1.000000
vt 0.089432 1.000000
vt 0.089339 1.000000
vt 0.720708 1.000000
vt 0.718838 1.000000
vt 0.659874 1.000000
vt 0.340540 1.000000
vt 0.839690 1.000000
vt 0.409148 1.000000
vt 0.089227 1.000000
vt 0.909741 1.000000
vt 0.909864 1.000000
vt 0.590542 1.000000
vt 0.159960 1.000000
vt 0.160077 1.000000
vt 0.340750 1.000000
vt 0.839883 1.000000
vt 0.408933 1.000000
vt 0.089412 1.000000
vt 0.909662 1.000000
vt 0.590751 1.000000
vt 0.159881 1.000000
vt 0.659672 1.000000
vt 0.406250 1.000000
vt 0.375000 1.000000
vt 0.839785 1.000000
vt 0.839820 1.000000
vt 0.409002 1.000000
vt 0.409039 1.000000
vt 0.028367 1.000000
vt 0.027797 1.000000
vt 0.470249 1.000000
vt 0.470892 1.000000
vt 0.089323 1.000000
vt 0.089355 1.000000
vt 0.909724 1.000000
vt 0.909758 1.000000
vt 0.529846 1.000000
vt 0.529198 1.000000
vt 0.125000 1.000000
vt 0.970486 1.000000
vt 0.971113 1.000000
vt 0.590647 1.000000
vt 0.590684 1.000000
vt 0.187500 1.000000
vt 0.159945 1.000000
vt 0.159980 1.000000
vt 0.218750 1.000000
vt 0.625000 1.000000
vt 0.221496 1.000000
vt 0.220885 1.000000
vt 0.659766 1.000000
vt 0.659733 1.000000
vt 0.687500 1.000000
vt 0.281250 1.000000
vt 0.720468 1.000000
vt 0.721095 1.000000
vt 0.340652 1.000000
vt 0.340687 1.000000
vt 0.778315 1.000000
vt 0.777743 1.000000
vt 0.343750 1.000000
vt 0.781250 1.000000
vt 0.590677 1.000000
vt 0.159950 1.000000
vt 0.221724 1.000000
vt 0.659741 1.000000
vt 0.279111 1.000000
vt 0.721333 1.000000
vt 0.340679 1.000000
vt 0.777530 1.000000
vt 0.839815 1.000000
vt 0.409008 1.000000
vt 0.159861 1.000000
vt 0.471133 1.000000
vt 0.089324 1.000000
vt 0.909730 1.000000
vt 0.528955 1.000000
vt 0.971281 1.000000
vt 0.659472 1.000000
vt 0.659836 1.000000
vt 0.278634 1.000000
vt 0.278256 1.000000
vt 0.718750 1.000000
vt 0.281250 1.000000
vt 0.720963 1.000000
vt 0.721354 1.000000
vt 0.340958 1.000000
vt 0.340581 1.000000
vt 0.777862 1.000000
vt 0.777508 1.000000
vt 0.375000 1.000000
vt 0.840071 1.000000
vt 0.839722 1.000000
vt 0.408721 1.000000
vt 0.409108 1.000000
vt 0.468750 1.000000
vt 0.028206 1.000000
vt 0.027441 1.000000
vt 0.470757 1.000000
vt 0.471153 1.000000
vt 0.089634 1.000000
vt 0.089258 1.000000
vt 0.909463 1.000000
vt 0.909827 1.000000
vt 0.529335 1.000000
vt 0.528935 1.000000
vt 0.093750 1.000000
vt 0.968750 1.000000
vt 0.531250 1.000000
vt 0.970925 1.000000
vt 0.968934 1.000000
vt 0.590957 1.000000
vt 0.590579 1.000000
vt 0.159687 1.000000
vt 0.160044 1.000000
vt 0.031250 1.000000
vt 0.187500 1.000000
vt 0.221367 1.000000
vt 0.221745 1.000000
vt 0.777703 1.000000
vt 0.839917 1.000000
vt 0.408894 1.000000
vt 0.027756 1.000000
vt 0.470937 1.000000
vt 0.089446 1.000000
vt 0.909624 1.000000
vt 0.529153 1.000000
vt 0.971462 1.000000
vt 0.971157 1.000000
vt 0.590788 1.000000
vt 0.159846 1.000000
vt 0.221538 1.000000
vt 0.659634 1.000000
vt 0.278463 1.000000
vt 0.721141 1.000000
vt 0.340790 1.000000
vt 0.027296 1.000000
vt 0.471235 1.000000
vt 0.221820 1.000000
vt 0.909890 1.000000
vt 0.528853 1.000000
vt 0.971449 1.000000
vt 0.590512 1.000000
vt 0.160106 1.000000
vt 0.970826 1.000000
vt 0.659900 1.000000
vt 0.278181 1.000000
vt 0.721433 1.000000
vt 0.340513 1.000000
vt 0.221121 1.000000
vt 0.218838 1.000000
vt 0.839663 1.000000
vt 0.409179 1.000000
vt 0.141597 1.000000
vt 0.515625 1.000000
vt 0.089204 1.000000
vt 0.777442 1.000000
vt 0.590720 1.000000
vt 0.159911 1.000000
vt 0.659700 1.000000
vt 0.340721 1.000000
vt 0.839854 1.000000
vt 0.408965 1.000000
vt 0.089385 1.000000
vt 0.909691 1.000000
vt 0.909640 1.000000
vt 0.222019 1.000000
vt 0.656244 1.000000
vt 0.187383 1.000000
vt 0.593756 1.000000
vt 0.031647 1.000000
vt 0.160287 1.000000
vt 0.590313 1.000000
vt 0.997956 1.000000
vt 0.125000 1.000000
vt 0.531162 1.000000
vt 0.968658 1.000000
vt 0.937383 1.000000
vt 0.093792 1.000000
vt 0.528641 1.000000
vt 0.910077 1.000000
vt 0.088987 1.000000
vt 0.875000 1.000000
vt 0.028380 1.000000
vt 0.468838 1.000000
vt 0.437383 1.000000
vt 0.843756 1.000000
vt 0.409387 1.000000
vt 0.839489 1.000000
vt 0.375000 1.000000
vt 0.781162 1.000000
vt 0.812500 1.000000
vt 0.343756 1.000000
vt 0.777256 1.000000
vt 0.340315 1.000000
vt 0.721639 1.000000
vt 0.750000 1.000000
vt 0.281162 1.000000
vt 0.312500 1.000000
vt 0.687383 1.000000
vt 0.277982 1.000000
vt 0.660086 1.000000
vt 0.781250 1.000000
vt 0.340728 1.000000
vt 0.343750 1.000000
vt 0.340803 1.000000
vt 0.471444 1.000000
vt 0.468642 1.000000
vt 0.687500 1.000000
vt 0.718750 1.000000
vt 0.659693 1.000000
vt 0.659621 1.000000
vt 0.218750 1.000000
vt 0.187500 1.000000
vt 0.187500 1.000000
vt 0.062500 1.000000
vt 0.159836 1.000000
vt 0.159907 1.000000
vt 0.590724 1.000000
vt 0.590799 1.000000
vt 0.531250 1.000000
vt 0.562500 1.000000
vt 0.909684 1.000000
vt 0.909612 1.000000
vt 0.089391 1.000000
vt 0.089458 1.000000
vt 0.468750 1.000000
vt 0.437500 1.000000
vt 0.408884 1.000000
vt 0.408960 1.000000
vt 0.340740 1.000000
vt 0.281250 1.000000
vt 0.718750 1.000000
vt 0.659681 1.000000
vt 0.062500 1.000000
vt 0.159896 1.000000
vt 0.590735 1.000000
vt 0.531250 1.000000
vt 0.909673 1.000000
vt 0.089401 1.000000
vt 0.437500 1.000000
vt 0.468750 1.000000
vt 0.408948 1.000000
vt 0.839867 1.000000
vt 0.906250 1.000000
vt 0.093750 1.000000
vt 0.343750 1.000000
vt 0.500000 1.000000
vt 0.527165 1.000000
vt 0.968750 1.000000
vt 0.968750 1.000000
vt 0.472910 1.000000
vt 0.156250 1.000000
vt 0.026021 1.000000
vt 0.406250 1.000000
vt 0.843750 1.000000
vt 0.775971 1.000000
vt 0.468750 1.000000
vt 0.656250 1.000000
vt 0.723076 1.000000
vt 0.718750 1.000000
vt 0.276600 1.000000
vt 0.223392 1.000000
vt 0.968750 1.000000
vt 0.656250 1.000000
vt 0.406250 1.000000
vt 0.406250 1.000000
vt 0.843750 1.000000
vt 0.218750 1.000000
vt 0.656250 1.000000
vt 0.973074 1.000000
vt 0.839927 1.000000
vt 0.812500 1.000000
vt 0.839857 1.000000
vt 0.812500 1.000000
vt 0.659242 1.000000
vt 0.278880 1.000000
vt 0.687557 1.000000
vt 0.312443 1.000000
vt 0.281358 1.000000
vt 0.750000 1.000000
vt 0.341202 1.000000
vt 0.778092 1.000000
vt 0.343728 1.000000
vt 0.812443 1.000000
vt 0.781358 1.000000
vt 0.406272 1.000000
vt 0.840288 1.000000
vt 0.408467 1.000000
vt 0.875000 1.000000
vt 0.843728 1.000000
vt 0.437557 1.000000
vt 0.027405 1.000000
vt 0.906244 1.000000
vt 0.089777 1.000000
vt 0.909235 1.000000
vt 0.124997 1.000000
vt 0.093648 1.000000
vt 0.937572 1.000000
vt 0.562443 1.000000
vt 0.531358 1.000000
vt 0.156244 1.000000
vt 0.971331 1.000000
vt 0.996194 1.000000
vt 0.591200 1.000000
vt 0.159464 1.000000
vt 0.030892 1.000000
vt 0.062295 1.000000
vt 0.593728 1.000000
vt 0.187557 1.000000
vt 0.656272 1.000000
vt 0.027630 1.000000
vt 0.218642 1.000000
vt 1.001235 1.000000
vt 0.529597 1.000000
vt 0.500000 1.000000
vt 0.470496 1.000000
vt 0.906272 1.000000
vt 0.750000 1.000000
vt 0.718642 1.000000
vt 0.278277 1.000000
vt 0.500000 1.000000
vt 0.500000 1.000000
vt -0.001172 1.000000
vt 0.003782 1.000000
vt 0.002045 1.000000
vt 0.156272 1.000000
vt 0.062654 1.000000
vt 0.812617 1.000000
vt 0.562617 1.000000
vt 0.406244 1.000000
vt 0.312617 1.000000
vt 0.000000 0.000000
vt 0.296822 0.485388
vt 0.250000 0.490000
vt 0.203179 0.485389
vt 0.158156 0.471731
vt 0.080295 0.419706
vt 0.050447 0.383337
vt 0.028269 0.341844
vt 0.010000 0.250000
vt 0.014611 0.203179
vt 0.028269 0.158156
vt 0.080294 0.080294
vt 0.116663 0.050447
vt 0.250000 0.010000
vt 0.341844 0.028269
vt 0.383337 0.050447
vt 0.419706 0.080294
vt 0.485388 0.203178
vt 0.490000 0.250000
vt 0.471731 0.341844
vt 0.449553 0.383337
vt 0.419706 0.419706
vt 0.796822 0.485388
vt 0.841844 0.471731
vt 0.883337 0.449553
vt 0.949553 0.383337
vt 0.971731 0.341844
vt 0.985388 0.296822
vt 0.985388 0.203178
vt 0.971731 0.158156
vt 0.949553 0.116663
vt 0.883337 0.050447
vt 0.841844 0.028269
vt 0.703178 0.014612
vt 0.658156 0.028269
vt 0.616663 0.050447
vt 0.550447 0.116663
vt 0.528269 0.158156
vt 0.514612 0.296822
vt 0.528269 0.341844
vt 0.550447 0.383337
vt 0.616663 0.449553
vt 0.658156 0.471731
vt 0.906250 0.500000
s 1
g off
g Tire_Oil
usemtl Oil
f 2/1/1 834/2/2 833/3/3
f 4/4/4 835/5/5 834/2/2
f 6/6/6 836/7/7 835/5/5
f 8/8/8 837/9/9 836/7/7
f 10/10/10 838/11/11 837/9/9
f 855/12/12 48/13/13 856/14/14
f 14/15/15 840/16/16 839/17/17
f 16/18/18 841/19/19 840/16/16
f 18/20/20 842/21/21 841/19/19
f 20/22/22 843/23/23 842/21/21
f 1012/24/24 597/25/25 1013/26/26
f 24/27/27 845/28/28 844/29/29
f 26/30/30 846/31/31 845/28/28
f 28/32/32 847/33/33 846/31/31
f 30/34/34 848/35/35 847/33/33
f 32/36/36 849/37/37 848/35/35
f 34/38/38 850/39/39 849/37/37
f 36/40/40 851/41/41 850/39/39
f 38/42/42 852/43/43 851/41/41
f 40/44/44 853/45/24 852/43/43
f 42/46/45 854/47/26 853/45/24
f 44/48/46 855/12/12 854/47/26
f 843/23/23 24/27/27 844/29/29
f 48/13/13 857/49/47 856/14/14
f 50/50/48 858/51/49 857/49/47
f 838/11/11 14/15/15 839/17/17
f 862/52/50 62/53/51 479/54/52
f 56/55/53 861/56/54 860/57/55
f 58/58/56 862/52/50 861/56/54
f 864/59/57 2/60/1 833/61/3
f 56/55/53 93/58/58 58/58/56
f 62/53/51 864/59/57 863/62/59
f 127/53/60 229/63/61 128/63/62
f 79/34/63 112/36/64 80/36/65
f 14/15/15 70/64/66 71/15/67
f 32/36/36 79/34/63 80/36/65
f 50/50/48 88/13/68 89/50/69
f 4/4/4 67/6/70 6/6/6
f 22/65/71 76/27/72 24/27/27
f 42/46/45 84/44/73 85/46/74
f 58/58/56 94/66/75 60/66/76
f 14/15/15 72/18/77 16/18/18
f 32/36/36 81/38/78 34/38/38
f 50/50/48 90/67/79 52/67/80
f 6/6/6 68/8/81 8/8/8
f 24/27/27 77/30/82 26/30/30
f 44/48/46 85/46/74 86/48/83
f 60/66/76 95/53/84 62/53/51
f 16/18/18 73/20/85 18/20/20
f 34/38/38 82/40/86 36/40/40
f 52/67/80 91/68/87 54/68/88
f 8/8/8 69/10/89 10/10/10
f 26/30/30 78/32/90 28/32/32
f 44/48/46 87/69/91 46/69/92
f 62/53/51 96/63/93 64/63/94
f 18/20/20 74/22/95 20/22/22
f 36/40/40 83/42/96 38/42/42
f 54/68/88 92/55/97 56/55/53
f 12/64/98 69/10/89 70/64/66
f 30/34/34 78/32/90 79/34/63
f 46/69/92 88/13/68 48/13/13
f 2/1/1 66/4/99 4/4/4
f 64/63/94 65/60/100 2/60/1
f 22/65/71 74/22/95 75/65/101
f 40/44/44 83/42/96 84/44/73
f 225/40/102 147/42/103 226/70/104
f 67/6/70 98/4/105 99/6/106
f 94/66/75 125/58/107 126/66/108
f 81/38/78 112/36/64 113/38/109
f 68/8/81 99/6/106 100/8/110
f 95/53/84 126/66/108 127/53/60
f 82/40/86 113/38/109 114/40/111
f 68/8/81 101/10/112 69/10/89
f 96/63/93 127/53/60 128/63/62
f 82/40/86 115/42/113 83/42/96
f 70/64/66 101/10/112 102/64/114
f 65/60/100 128/63/62 97/60/115
f 83/42/96 116/44/116 84/44/73
f 71/15/67 102/64/114 103/15/117
f 84/44/73 117/46/118 85/46/74
f 71/15/67 104/18/119 72/18/77
f 85/46/74 118/48/120 86/48/83
f 72/18/77 105/20/121 73/20/85
f 86/48/83 119/69/122 87/69/91
f 73/20/85 106/22/123 74/22/95
f 88/13/68 119/69/122 120/13/124
f 75/65/101 106/22/123 107/65/125
f 89/50/69 120/13/124 121/50/126
f 76/27/72 107/65/125 108/27/127
f 89/50/69 122/67/128 90/67/79
f 77/30/82 108/27/127 109/30/129
f 91/68/87 122/67/128 123/68/130
f 77/30/82 110/32/131 78/32/90
f 92/55/97 123/68/130 124/55/132
f 78/32/90 111/34/133 79/34/63
f 66/4/99 97/1/115 98/4/105
f 92/55/97 125/58/107 93/58/58
f 150/48/134 181/46/135 182/48/136
f 227/10/137 134/64/138 228/64/139
f 230/60/140 160/63/141 129/60/142
f 231/44/143 147/42/103 148/44/144
f 228/64/139 135/15/145 232/71/146
f 231/44/143 149/46/147 233/72/148
f 234/73/149 135/15/145 136/18/150
f 235/48/151 149/46/147 150/48/134
f 234/73/149 137/20/152 236/20/153
f 237/74/154 150/48/134 151/69/155
f 236/20/153 138/22/156 238/75/157
f 239/13/158 151/69/155 152/13/159
f 240/65/160 138/22/156 139/65/161
f 241/50/162 152/13/159 153/50/163
f 242/76/164 139/65/161 140/27/165
f 241/50/162 154/67/166 243/77/167
f 242/76/164 141/30/168 244/30/169
f 245/68/170 154/67/166 155/68/171
f 244/30/169 142/32/172 246/78/173
f 245/68/170 156/55/174 247/79/175
f 246/78/173 143/34/176 248/34/177
f 230/1/140 130/4/178 249/4/179
f 247/79/175 157/58/180 250/58/181
f 251/36/182 143/34/176 144/36/183
f 249/4/179 131/6/184 252/6/185
f 250/58/181 158/66/186 253/66/187
f 254/38/188 144/36/183 145/38/189
f 252/6/185 132/8/190 255/80/191
f 256/53/192 158/66/186 159/53/193
f 254/38/188 146/40/194 225/40/102
f 227/10/137 132/8/190 133/10/195
f 229/63/61 159/53/193 160/63/141
f 171/65/196 213/27/197 172/27/198
f 137/20/152 168/18/199 169/20/200
f 150/48/134 183/69/201 151/69/155
f 137/20/152 170/22/202 138/22/156
f 152/13/159 183/69/201 184/13/203
f 139/65/161 170/22/202 171/65/196
f 153/50/163 184/13/203 185/50/204
f 140/27/165 171/65/196 172/27/198
f 153/50/163 186/67/205 154/67/166
f 140/27/165 173/30/206 141/30/168
f 155/68/171 186/67/205 187/68/207
f 141/30/168 174/32/208 142/32/172
f 156/55/174 187/68/207 188/55/209
f 142/32/172 175/34/210 143/34/176
f 129/1/142 162/4/211 130/4/178
f 157/58/180 188/55/209 189/58/212
f 144/36/183 175/34/210 176/36/213
f 130/4/178 163/6/214 131/6/184
f 158/66/186 189/58/212 190/66/215
f 145/38/189 176/36/213 177/38/216
f 132/8/190 163/6/214 164/8/217
f 159/53/193 190/66/215 191/53/218
f 145/38/189 178/40/219 146/40/194
f 133/10/195 164/8/217 165/10/220
f 160/63/141 191/53/218 192/63/221
f 146/40/194 179/42/222 147/42/103
f 134/64/138 165/10/220 166/64/223
f 129/60/142 192/63/221 161/60/224
f 148/44/144 179/42/222 180/44/225
f 135/15/145 166/64/223 167/15/226
f 149/46/147 180/44/225 181/46/135
f 136/18/150 167/15/226 168/18/199
f 185/50/204 201/13/227 200/50/228
f 185/50/204 199/67/229 186/67/205
f 172/27/198 212/30/230 173/30/206
f 186/67/205 198/68/231 187/68/207
f 174/32/208 212/30/230 211/32/232
f 188/55/209 198/68/231 197/55/233
f 174/32/208 210/34/234 175/34/210
f 162/4/211 224/1/235 223/4/236
f 189/58/212 197/55/233 196/58/237
f 175/34/210 209/36/238 176/36/213
f 163/6/214 223/4/236 222/6/239
f 189/58/212 195/66/240 190/66/215
f 176/36/213 208/38/241 177/38/216
f 163/6/214 221/8/242 164/8/217
f 190/66/215 194/53/243 191/53/218
f 177/38/216 207/40/244 178/40/219
f 164/8/217 220/10/245 165/10/220
f 191/53/218 193/63/246 192/63/221
f 178/40/219 206/42/247 179/42/222
f 166/64/223 220/10/245 219/64/248
f 192/63/221 224/60/235 161/60/224
f 179/42/222 205/44/249 180/44/225
f 167/15/226 219/64/248 218/15/250
f 180/44/225 204/46/251 181/46/135
f 167/15/226 217/18/252 168/18/199
f 181/46/135 203/48/253 182/48/136
f 169/20/200 217/18/252 216/20/254
f 183/69/201 203/48/253 202/69/255
f 169/20/200 215/22/256 170/22/202
f 184/13/203 202/69/255 201/13/227
f 171/65/196 215/22/256 214/65/257
f 101/10/112 255/80/191 227/10/137
f 113/38/109 225/40/102 114/40/111
f 127/53/60 253/66/187 256/53/192
f 100/8/110 252/6/185 255/80/191
f 113/38/109 251/36/182 254/38/188
f 126/66/108 250/58/181 253/66/187
f 98/4/105 252/6/185 99/6/106
f 112/36/64 248/34/177 251/36/182
f 125/58/107 247/79/175 250/58/181
f 97/1/115 249/4/179 98/4/105
f 110/32/131 248/34/177 111/34/133
f 124/55/132 245/68/170 247/79/175
f 109/30/129 246/78/173 110/32/131
f 123/68/130 243/77/167 245/68/170
f 108/27/127 244/30/169 109/30/129
f 121/50/126 243/77/167 122/67/128
f 107/65/125 242/76/164 108/27/127
f 121/50/126 239/13/158 241/50/162
f 107/65/125 238/75/157 240/65/160
f 120/13/124 237/74/154 239/13/158
f 105/20/121 238/75/157 106/22/123
f 119/69/122 235/48/151 237/74/154
f 104/18/119 236/20/153 105/20/121
f 118/48/120 233/72/148 235/48/151
f 103/15/117 234/73/149 104/18/119
f 116/44/116 233/72/148 117/46/118
f 102/64/114 232/71/146 103/15/117
f 116/44/116 226/70/104 231/44/143
f 128/63/62 230/60/140 97/60/115
f 101/10/112 228/64/139 102/64/114
f 114/40/111 226/70/104 115/42/113
f 319/53/258 421/63/259 320/63/260
f 271/34/261 304/36/262 272/36/263
f 417/40/264 339/42/265 418/70/266
f 259/6/267 290/4/268 291/6/269
f 285/58/270 318/66/271 286/66/272
f 273/38/273 304/36/262 305/38/274
f 260/8/275 291/6/269 292/8/276
f 287/53/277 318/66/271 319/53/258
f 274/40/278 305/38/274 306/40/279
f 260/8/275 293/10/280 261/10/281
f 288/63/282 319/53/258 320/63/260
f 274/40/278 307/42/283 275/42/284
f 261/10/281 294/64/285 262/64/286
f 257/60/287 320/63/260 289/60/288
f 275/42/284 308/44/289 276/44/290
f 263/15/291 294/64/285 295/15/292
f 276/44/290 309/46/293 277/46/294
f 263/15/291 296/18/295 264/18/296
f 277/46/294 310/48/297 278/48/298
f 264/18/296 297/20/299 265/20/300
f 278/48/298 311/69/301 279/69/302
f 265/20/300 298/22/303 266/22/304
f 280/13/305 311/69/301 312/13/306
f 267/65/307 298/22/303 299/65/308
f 281/50/309 312/13/306 313/50/310
f 267/65/307 300/27/311 268/27/312
f 281/50/309 314/67/313 282/67/314
f 268/27/312 301/30/315 269/30/316
f 283/68/317 314/67/313 315/68/318
f 269/30/316 302/32/319 270/32/320
f 284/55/321 315/68/318 316/55/322
f 270/32/320 303/34/323 271/34/261
f 258/4/324 289/1/288 290/4/268
f 284/55/321 317/58/325 285/58/270
f 341/46/326 374/48/327 342/48/328
f 419/10/329 326/64/330 420/64/331
f 422/60/332 352/63/333 321/60/334
f 423/44/335 339/42/265 340/44/336
f 420/64/331 327/15/337 424/71/338
f 423/44/335 341/46/326 425/72/339
f 424/71/338 328/18/340 426/73/341
f 425/72/339 342/48/328 427/48/342
f 426/73/341 329/20/343 428/20/344
f 427/48/342 343/69/345 429/74/346
f 428/20/344 330/22/347 430/75/348
f 431/13/349 343/69/345 344/13/350
f 432/65/351 330/22/347 331/65/352
f 431/13/349 345/50/353 433/50/354
f 434/76/355 331/65/352 332/27/356
f 433/50/354 346/67/357 435/77/358
f 436/30/359 332/27/356 333/30/360
f 437/68/361 346/67/357 347/68/362
f 436/30/359 334/32/363 438/78/364
f 437/68/361 348/55/365 439/79/366
f 440/34/367 334/32/363 335/34/368
f 422/1/332 322/4/369 441/4/370
f 439/79/366 349/58/371 442/58/372
f 440/34/367 336/36/373 443/36/374
f 444/6/375 322/4/369 323/6/376
f 442/58/372 350/66/377 445/66/378
f 446/38/379 336/36/373 337/38/380
f 444/6/375 324/8/381 447/80/382
f 445/66/378 351/53/383 448/53/384
f 446/38/379 338/40/385 417/40/264
f 419/10/329 324/8/381 325/10/386
f 421/63/259 351/53/383 352/63/333
f 363/65/387 405/27/388 364/27/389
f 329/20/343 360/18/390 361/20/391
f 343/69/345 374/48/327 375/69/392
f 329/20/343 362/22/393 330/22/347
f 344/13/350 375/69/392 376/13/394
f 330/22/347 363/65/387 331/65/352
f 345/50/353 376/13/394 377/50/395
f 331/65/352 364/27/389 332/27/356
f 345/50/353 378/67/396 346/67/357
f 332/27/356 365/30/397 333/30/360
f 347/68/362 378/67/396 379/68/398
f 333/30/360 366/32/399 334/32/363
f 348/55/365 379/68/398 380/55/400
f 334/32/363 367/34/401 335/34/368
f 321/1/334 354/4/402 322/4/369
f 349/58/371 380/55/400 381/58/403
f 336/36/373 367/34/401 368/36/404
f 322/4/369 355/6/405 323/6/376
f 350/66/377 381/58/403 382/66/406
f 337/38/380 368/36/404 369/38/407
f 323/6/376 356/8/408 324/8/381
f 351/53/383 382/66/406 383/53/409
f 337/38/380 370/40/410 338/40/385
f 325/10/386 356/8/408 357/10/411
f 352/63/333 383/53/409 384/63/412
f 338/40/385 371/42/413 339/42/265
f 326/64/330 357/10/411 358/64/414
f 321/60/334 384/63/412 353/60/415
f 340/44/336 371/42/413 372/44/416
f 327/15/337 358/64/414 359/15/417
f 340/44/336 373/46/418 341/46/326
f 327/15/337 360/18/390 328/18/340
f 376/13/394 392/50/419 377/50/395
f 377/50/395 391/67/420 378/67/396
f 364/27/389 404/30/421 365/30/397
f 378/67/396 390/68/422 379/68/398
f 366/32/399 404/30/421 403/32/423
f 379/68/398 389/55/424 380/55/400
f 367/34/401 403/32/423 402/34/425
f 354/4/402 416/1/426 415/4/427
f 380/55/400 388/58/428 381/58/403
f 367/34/401 401/36/429 368/36/404
f 355/6/405 415/4/427 414/6/430
f 381/58/403 387/66/431 382/66/406
f 368/36/404 400/38/432 369/38/407
f 356/8/408 414/6/430 413/8/433
f 382/66/406 386/53/434 383/53/409
f 369/38/407 399/40/435 370/40/410
f 356/8/408 412/10/436 357/10/411
f 383/53/409 385/63/437 384/63/412
f 370/40/410 398/42/438 371/42/413
f 358/64/414 412/10/436 411/64/439
f 384/63/412 416/60/426 353/60/415
f 371/42/413 397/44/440 372/44/416
f 359/15/417 411/64/439 410/15/441
f 372/44/416 396/46/442 373/46/418
f 359/15/417 409/18/443 360/18/390
f 373/46/418 395/48/444 374/48/327
f 360/18/390 408/20/445 361/20/391
f 374/48/327 394/69/446 375/69/392
f 361/20/391 407/22/447 362/22/393
f 375/69/392 393/13/448 376/13/394
f 362/22/393 406/65/449 363/65/387
f 293/10/280 447/80/382 419/10/329
f 305/38/274 417/40/264 306/40/279
f 318/66/271 448/53/384 319/53/258
f 292/8/276 444/6/375 447/80/382
f 305/38/274 443/36/374 446/38/379
f 318/66/271 442/58/372 445/66/378
f 290/4/268 444/6/375 291/6/269
f 303/34/323 443/36/374 304/36/262
f 316/55/322 442/58/372 317/58/325
f 289/1/288 441/4/370 290/4/268
f 302/32/319 440/34/367 303/34/323
f 315/68/318 439/79/366 316/55/322
f 301/30/315 438/78/364 302/32/319
f 315/68/318 435/77/358 437/68/361
f 301/30/315 434/76/355 436/30/359
f 313/50/310 435/77/358 314/67/313
f 300/27/311 432/65/351 434/76/355
f 313/50/310 431/13/349 433/50/354
f 299/65/308 430/75/348 432/65/351
f 311/69/301 431/13/349 312/13/306
f 297/20/299 430/75/348 298/22/303
f 310/48/297 429/74/346 311/69/301
f 296/18/295 428/20/344 297/20/299
f 309/46/293 427/48/342 310/48/297
f 295/15/292 426/73/341 296/18/295
f 308/44/289 425/72/339 309/46/293
f 295/15/292 420/64/331 424/71/338
f 308/44/289 418/70/266 423/44/335
f 320/63/260 422/60/332 289/60/288
f 294/64/285 419/10/329 420/64/331
f 306/40/279 418/70/266 307/42/283
f 269/30/316 7/81/450 9/82/451
f 268/27/312 9/82/451 11/83/452
f 267/65/307 11/83/452 13/84/453
f 266/22/304 13/84/453 15/85/454
f 265/20/300 15/85/454 17/86/455
f 264/18/296 17/86/455 19/87/456
f 21/88/457 264/18/296 19/87/456
f 262/64/286 21/88/457 23/89/458
f 261/10/281 23/89/458 25/90/459
f 260/8/275 25/90/459 27/91/460
f 29/92/461 260/8/275 27/91/460
f 31/93/462 259/6/267 29/92/461
f 257/1/287 31/93/462 33/94/463
f 288/63/282 33/94/463 35/95/464
f 287/53/277 35/95/464 37/96/465
f 286/66/272 37/96/465 39/97/466
f 285/58/270 39/97/466 41/98/467
f 284/55/321 41/98/467 43/99/468
f 283/68/317 43/99/468 45/100/469
f 282/67/314 45/100/469 47/101/470
f 281/50/309 47/101/470 49/102/471
f 280/13/305 49/102/471 51/103/472
f 279/69/302 51/103/472 53/104/473
f 278/48/298 53/104/473 55/105/474
f 277/46/294 55/105/474 57/106/475
f 276/44/290 57/106/475 59/107/476
f 275/42/284 59/107/476 61/108/477
f 274/40/278 61/108/477 63/109/478
f 273/38/273 63/109/478 1/110/479
f 272/36/263 1/110/479 3/111/480
f 271/34/261 3/111/480 5/112/481
f 270/32/320 5/112/481 7/81/450
f 562/113/482 756/114/483 563/114/484
f 476/115/485 646/116/486 647/115/487
f 602/117/488 822/118/489 603/118/490
f 513/119/491 736/120/492 737/119/493
f 561/121/494 755/113/495 562/113/482
f 477/116/496 645/122/497 646/116/486
f 603/118/490 824/123/498 604/123/499
f 514/120/500 735/124/501 736/120/492
f 561/121/494 753/125/502 754/121/503
f 478/122/504 644/54/505 645/122/497
f 604/123/499 826/126/506 605/126/507
f 515/124/508 734/127/509 735/124/501
f 560/125/510 752/128/511 753/125/502
f 480/129/512 644/54/505 479/54/52
f 605/126/507 828/130/513 606/130/514
f 516/127/515 733/131/516 734/127/509
f 558/132/517 752/128/511 559/128/518
f 449/133/519 643/129/520 480/129/512
f 607/134/521 828/130/513 830/134/522
f 517/131/523 732/135/524 733/131/516
f 558/132/517 750/136/525 751/132/526
f 608/137/527 830/134/522 831/137/528
f 518/135/529 731/138/530 732/135/524
f 557/136/531 749/139/532 750/136/525
f 519/138/533 730/140/534 731/138/530
f 556/139/535 748/141/536 749/139/532
f 521/142/537 730/140/534 520/140/538
f 555/141/539 747/143/540 748/141/536
f 522/144/541 729/142/542 521/142/537
f 554/143/543 746/145/544 747/143/540
f 523/146/545 728/144/546 522/144/541
f 553/145/547 745/147/548 746/145/544
f 512/148/549 866/149/2 865/150/3
f 481/151/550 867/152/5 866/149/2
f 1011/153/43 596/154/551 1012/24/24
f 483/155/552 869/156/9 868/157/7
f 484/158/553 870/159/11 869/156/9
f 485/160/554 871/161/17 870/159/11
f 486/162/555 872/163/16 871/161/17
f 487/164/556 873/165/19 872/163/16
f 488/166/557 874/167/21 873/165/19
f 489/168/558 875/169/23 874/167/21
f 953/170/47 569/171/559 954/172/49
f 491/173/560 877/174/28 876/175/29
f 492/176/561 878/177/31 877/174/28
f 493/178/562 879/179/33 878/177/31
f 885/180/24 501/181/563 886/182/26
f 495/183/564 881/184/37 880/185/35
f 496/186/565 882/187/39 881/184/37
f 497/188/566 883/189/41 882/187/39
f 498/190/567 884/191/43 883/189/41
f 499/192/568 885/180/24 884/191/43
f 859/193/569 56/55/53 860/57/55
f 893/194/54 509/195/570 894/196/50
f 502/197/571 888/198/14 887/199/12
f 503/200/572 889/201/47 888/198/14
f 504/202/573 890/203/49 889/201/47
f 505/204/574 891/205/569 890/203/49
f 506/206/575 892/207/55 891/205/569
f 507/208/576 893/194/54 892/207/55
f 858/51/49 54/68/88 859/193/569
f 509/195/570 895/209/577 894/196/50
f 510/210/578 896/211/57 895/209/577
f 511/212/579 865/213/3 896/211/57
f 524/214/580 727/146/581 523/146/545
f 551/215/582 745/147/548 552/147/583
f 525/216/584 726/214/585 524/214/580
f 550/217/586 744/215/587 551/215/582
f 512/218/549 704/212/588 641/218/589
f 526/219/590 725/216/591 525/216/584
f 549/220/592 743/217/593 550/217/586
f 511/212/579 703/210/594 704/212/588
f 609/221/595 769/222/596 832/221/597
f 526/219/590 723/223/598 724/219/599
f 548/224/600 742/220/601 549/220/592
f 509/195/570 703/210/594 510/210/578
f 610/222/602 771/225/603 769/222/596
f 528/226/604 723/223/598 527/223/605
f 547/227/606 741/224/607 548/224/600
f 508/228/608 702/195/609 509/195/570
f 611/225/610 773/229/611 771/225/603
f 529/230/612 722/226/613 528/226/604
f 546/231/614 740/227/615 547/227/606
f 507/208/576 701/228/616 508/228/608
f 612/229/617 775/232/618 773/229/611
f 529/230/612 720/233/619 721/230/620
f 545/234/621 739/231/622 546/231/614
f 506/206/575 700/208/623 507/208/576
f 613/232/624 777/235/625 775/232/618
f 530/233/626 719/236/627 720/233/619
f 576/237/628 738/234/629 545/234/621
f 505/204/574 699/206/630 506/206/575
f 614/235/631 779/238/632 777/235/625
f 532/239/633 719/236/627 531/236/634
f 504/202/573 698/204/635 505/204/574
f 615/238/636 781/240/637 779/238/632
f 576/237/628 930/241/2 929/242/3
f 545/234/621 931/243/5 930/241/2
f 546/231/614 932/244/7 931/243/5
f 547/227/606 933/245/9 932/244/7
f 548/224/600 934/246/11 933/245/9
f 549/220/592 935/247/17 934/246/11
f 550/217/586 936/248/16 935/247/17
f 552/147/583 938/249/21 937/250/19
f 553/145/547 939/251/23 938/249/21
f 554/143/543 940/252/29 939/251/23
f 555/141/539 941/253/28 940/252/29
f 942/254/638 558/132/517 974/255/33
f 985/256/49 955/257/569 986/258/569
f 558/132/517 944/259/35 943/260/639
f 559/128/518 945/261/37 944/259/35
f 560/125/510 946/262/39 945/261/37
f 561/121/494 947/263/41 946/262/39
f 562/113/482 948/264/43 947/263/41
f 563/114/484 949/265/24 948/264/43
f 564/266/640 950/267/26 949/265/24
f 875/169/23 491/173/560 876/175/29
f 566/268/641 952/269/14 951/270/12
f 567/271/642 953/170/47 952/269/14
f 922/272/569 892/207/55 923/273/55
f 569/171/559 955/257/569 954/172/49
f 570/274/643 956/275/55 955/257/569
f 571/276/644 957/277/54 956/275/55
f 572/278/645 958/279/50 957/277/54
f 573/280/646 959/281/577 958/279/50
f 574/282/647 960/283/57 959/281/577
f 575/284/648 929/285/3 960/283/57
f 607/134/521 1024/286/3 1023/287/57
f 606/130/514 1023/287/57 1022/288/577
f 1017/289/49 602/117/488 1018/290/569
f 604/123/499 1021/291/50 1020/292/54
f 603/118/490 1020/292/54 1019/293/55
f 602/117/488 1019/293/55 1018/290/569
f 879/179/33 495/183/564 880/185/35
f 600/294/649 1017/289/49 1016/295/47
f 599/296/650 1016/295/47 1015/297/14
f 598/298/651 1015/297/14 1014/299/12
f 597/25/25 1014/299/12 1013/26/26
f 950/267/26 566/268/641 951/270/12
f 941/253/28 557/136/531 973/300/31
f 594/301/652 1011/153/43 1010/302/41
f 593/303/653 1010/302/41 1009/304/39
f 592/305/654 1009/304/39 1008/306/37
f 591/307/655 1008/306/37 1007/308/35
f 590/309/656 1007/308/35 1006/310/33
f 589/311/657 1006/310/33 1005/312/31
f 588/313/658 1005/312/31 1004/314/28
f 587/315/659 1004/314/28 1003/316/29
f 586/317/660 1003/316/29 1002/318/23
f 585/319/661 1002/318/23 1001/320/21
f 584/321/662 1001/320/21 1000/322/19
f 583/323/663 1000/322/19 999/324/16
f 582/325/664 999/324/16 998/326/17
f 581/327/665 998/326/17 997/328/11
f 580/329/666 997/328/11 996/330/9
f 579/331/667 996/330/9 995/332/7
f 578/333/668 995/332/7 994/334/5
f 577/335/669 994/334/5 993/336/2
f 608/337/527 993/336/2 1024/338/3
f 533/339/670 718/239/671 532/239/633
f 503/200/572 697/202/672 504/202/573
f 617/340/673 781/240/637 616/240/674
f 534/341/675 717/339/676 533/339/670
f 502/197/571 696/200/677 503/200/572
f 618/342/678 783/340/679 617/340/673
f 534/341/675 715/343/680 716/341/681
f 502/197/571 694/181/682 695/197/683
f 619/344/684 785/342/685 618/342/678
f 536/345/686 715/343/680 535/343/687
f 501/181/563 693/346/688 694/181/682
f 619/344/684 789/347/689 787/344/690
f 536/345/686 713/348/691 714/345/692
f 500/346/693 692/192/694 693/346/688
f 621/349/695 789/347/689 620/347/696
f 537/348/697 712/350/698 713/348/691
f 449/351/519 673/352/699 642/351/700
f 498/190/567 692/192/694 499/192/568
f 622/353/701 791/349/702 621/349/695
f 538/350/703 711/354/704 712/350/698
f 450/352/705 672/355/706 673/352/699
f 608/337/527 770/335/707 577/335/669
f 497/188/566 691/190/708 498/190/567
f 623/356/709 793/353/710 622/353/701
f 539/354/711 710/357/712 711/354/704
f 451/355/713 671/358/714 672/355/706
f 577/335/669 772/333/715 578/333/668
f 497/188/566 689/186/716 690/188/717
f 623/356/709 797/359/718 795/356/719
f 540/357/720 709/360/721 710/357/712
f 452/358/722 670/361/723 671/358/714
f 578/333/668 774/331/724 579/331/667
f 643/129/520 641/218/589 704/212/588
f 644/54/505 704/212/588 703/210/594
f 645/122/497 703/210/594 702/195/609
f 646/116/486 702/195/609 701/228/616
f 647/115/487 701/228/616 700/208/623
f 648/362/725 700/208/623 699/206/630
f 649/363/726 699/206/630 698/204/635
f 650/364/727 698/204/635 697/202/672
f 651/365/728 697/202/672 696/200/677
f 652/366/729 696/200/677 695/197/683
f 653/367/730 695/197/683 694/181/682
f 654/368/731 694/181/682 693/346/688
f 655/369/732 693/346/688 692/192/694
f 656/370/733 692/192/694 691/190/708
f 657/371/734 691/190/708 690/188/717
f 658/372/735 690/188/717 689/186/716
f 659/373/736 689/186/716 688/183/737
f 660/374/738 688/183/737 687/375/739
f 661/376/740 687/375/739 686/178/741
f 662/377/742 686/178/741 685/176/743
f 663/378/744 685/176/743 684/173/745
f 664/379/746 684/173/745 683/380/747
f 665/381/748 683/380/747 682/168/749
f 666/382/750 682/168/749 681/166/751
f 667/383/752 681/166/751 680/164/753
f 668/384/754 680/164/753 679/162/755
f 669/385/756 679/162/755 678/160/757
f 670/361/723 678/160/757 677/158/758
f 671/358/714 677/158/758 676/155/759
f 672/355/706 676/155/759 675/386/760
f 673/352/699 675/386/760 674/151/761
f 642/351/700 674/151/761 641/148/589
f 707/387/762 705/388/763 768/284/764
f 708/389/765 768/284/764 767/282/766
f 709/360/721 767/282/766 766/280/767
f 710/357/712 766/280/767 765/278/768
f 711/354/704 765/278/768 764/276/769
f 712/350/698 764/276/769 763/274/770
f 713/348/691 763/274/770 762/171/771
f 714/345/692 762/171/771 761/390/772
f 715/343/680 761/390/772 760/271/773
f 716/341/681 760/271/773 759/268/774
f 717/339/676 759/268/774 758/391/775
f 718/239/671 758/391/775 757/266/776
f 719/236/627 757/266/776 756/114/483
f 720/233/619 756/114/483 755/113/495
f 721/230/620 755/113/495 754/121/503
f 722/226/613 754/121/503 753/125/502
f 723/223/598 753/125/502 752/128/511
f 724/219/599 752/128/511 751/132/526
f 725/216/591 751/132/526 750/136/525
f 726/214/585 750/136/525 749/139/532
f 727/146/581 749/139/532 748/141/536
f 728/144/546 748/141/536 747/143/540
f 729/142/542 747/143/540 746/145/544
f 730/140/534 746/145/544 745/147/548
f 731/138/530 745/147/548 744/215/587
f 732/135/524 744/215/587 743/217/593
f 733/131/516 743/217/593 742/220/601
f 734/127/509 742/220/601 741/224/607
f 735/124/501 741/224/607 740/227/615
f 736/120/492 740/227/615 739/231/622
f 737/119/493 739/231/622 738/234/629
f 705/237/763 737/119/493 738/234/629
f 829/392/777 831/137/528 830/134/522
f 827/393/778 830/134/522 828/130/513
f 825/394/779 828/130/513 826/126/506
f 823/395/780 826/126/506 824/123/498
f 821/396/781 824/123/498 822/118/489
f 819/397/782 822/118/489 820/117/783
f 817/398/784 820/117/783 818/399/785
f 815/400/786 818/399/785 816/294/787
f 813/401/788 816/294/787 814/296/789
f 811/402/790 814/296/789 812/298/791
f 809/403/792 812/298/791 810/25/793
f 807/404/794 810/25/793 808/154/795
f 805/405/796 808/154/795 806/406/797
f 803/407/798 806/406/797 804/301/799
f 801/408/800 804/301/799 802/303/801
f 799/409/802 802/303/801 800/305/803
f 797/359/718 800/305/803 798/307/804
f 795/356/719 798/307/804 796/309/805
f 793/353/710 796/309/805 794/311/806
f 791/349/702 794/311/806 792/313/807
f 789/347/689 792/313/807 790/315/808
f 787/344/690 790/315/808 788/317/809
f 785/342/685 788/317/809 786/319/810
f 783/340/679 786/319/810 784/321/811
f 781/240/637 784/321/811 782/323/812
f 779/238/632 782/323/812 780/325/813
f 777/235/625 780/325/813 778/327/814
f 775/232/618 778/327/814 776/329/815
f 773/229/611 776/329/815 774/331/724
f 771/225/603 774/331/724 772/333/715
f 769/222/596 772/333/715 770/335/707
f 832/221/597 770/335/707 831/337/528
f 544/410/816 737/119/493 706/410/817
f 601/399/818 820/117/783 602/117/488
f 475/362/819 647/115/487 648/362/725
f 564/266/640 756/114/483 757/266/776
f 600/294/649 818/399/785 601/399/818
f 474/363/820 648/362/725 649/363/726
f 565/391/821 757/266/776 758/391/775
f 599/296/650 816/294/787 600/294/649
f 473/364/822 649/363/726 650/364/727
f 566/268/641 758/391/775 759/268/774
f 598/298/651 814/296/789 599/296/650
f 472/365/823 650/364/727 651/365/728
f 566/268/641 760/271/773 567/271/642
f 598/298/651 810/25/793 812/298/791
f 471/366/824 651/365/728 652/366/729
f 567/271/642 761/390/772 568/390/825
f 597/25/25 808/154/795 810/25/793
f 471/366/824 653/367/730 470/367/826
f 568/390/825 762/171/771 569/171/559
f 595/406/827 808/154/795 596/154/551
f 470/367/826 654/368/731 469/368/828
f 569/171/559 763/274/770 570/274/643
f 609/411/595 829/392/777 640/392/829
f 594/301/652 806/406/797 595/406/827
f 468/369/830 654/368/731 655/369/732
f 570/274/643 764/276/769 571/276/644
f 640/392/829 827/393/778 639/393/831
f 512/148/549 674/151/761 481/151/550
f 593/303/653 804/301/799 594/301/652
f 467/370/832 655/369/732 656/370/733
f 571/276/644 765/278/768 572/278/645
f 638/394/833 827/393/778 825/394/779
f 481/151/550 675/386/760 482/386/834
f 593/303/653 800/305/803 802/303/801
f 466/371/835 656/370/733 657/371/734
f 572/278/645 766/280/767 573/280/646
f 637/395/836 825/394/779 823/395/780
f 482/386/834 676/155/759 483/155/552
f 592/305/654 798/307/804 800/305/803
f 466/371/835 658/372/735 465/372/837
f 573/280/646 767/282/766 574/282/647
f 636/396/838 823/395/780 821/396/781
f 483/155/552 677/158/758 484/158/553
f 590/309/656 798/307/804 591/307/655
f 465/372/837 659/373/736 464/373/839
f 575/284/648 767/282/766 768/284/764
f 635/397/840 821/396/781 819/397/782
f 484/158/553 678/160/757 485/160/554
f 590/309/656 794/311/806 796/309/805
f 463/374/841 659/373/736 660/374/738
f 576/388/628 768/284/764 705/388/763
f 634/398/842 819/397/782 817/398/784
f 485/160/554 679/162/755 486/162/555
f 589/311/657 792/313/807 794/311/806
f 463/374/841 661/376/740 462/376/843
f 633/400/844 817/398/784 815/400/786
f 486/162/555 680/164/753 487/164/556
f 588/313/658 790/315/808 792/313/807
f 462/376/843 662/377/742 461/377/845
f 633/400/844 813/401/788 632/401/846
f 487/164/556 681/166/751 488/166/557
f 586/317/660 790/315/808 587/315/659
f 461/377/845 663/378/744 460/378/847
f 631/402/848 813/401/788 811/402/790
f 489/168/558 681/166/751 682/168/749
f 586/317/660 786/319/810 788/317/809
f 460/378/847 664/379/746 459/379/849
f 631/402/848 809/403/792 630/403/850
f 490/380/851 682/168/749 683/380/747
f 585/319/661 784/321/811 786/319/810
f 459/379/849 665/381/748 458/381/852
f 630/403/850 807/404/794 629/404/853
f 491/173/560 683/380/747 684/173/745
f 583/323/663 784/321/811 584/321/662
f 458/381/852 666/382/750 457/382/854
f 629/404/853 805/405/796 628/405/855
f 492/176/561 684/173/745 685/176/743
f 582/325/664 782/323/812 583/323/663
f 456/383/856 666/382/750 667/383/752
f 628/405/855 803/407/798 627/407/857
f 493/178/562 685/176/743 686/178/741
f 582/325/664 778/327/814 780/325/813
f 455/384/858 667/383/752 668/384/754
f 544/412/816 707/387/762 543/387/859
f 626/408/860 803/407/798 801/408/800
f 494/375/861 686/178/741 687/375/739
f 580/329/666 778/327/814 581/327/665
f 454/385/862 668/384/754 669/385/756
f 543/387/859 708/389/765 542/389/863
f 626/408/860 799/409/802 625/409/864
f 494/375/861 688/183/737 495/183/564
f 579/331/667 776/329/815 580/329/666
f 453/361/865 669/385/756 670/361/723
f 541/360/866 708/389/765 709/360/721
f 625/409/864 797/359/718 624/359/867
f 496/186/565 688/183/737 689/186/716
f 863/62/59 480/129/512 479/54/52
f 861/56/54 478/122/504 477/116/496
f 860/57/55 477/116/496 476/115/485
f 857/49/47 474/363/820 473/364/822
f 856/14/14 473/364/822 472/365/823
f 854/47/26 471/366/824 470/367/826
f 853/45/24 470/367/826 469/368/828
f 852/43/43 469/368/828 468/369/830
f 851/41/41 468/369/830 467/370/832
f 850/39/39 467/370/832 466/371/835
f 849/37/37 466/371/835 465/372/837
f 848/35/35 465/372/837 464/373/839
f 847/33/33 464/373/839 463/374/841
f 846/31/31 463/374/841 462/376/843
f 845/28/28 462/376/843 461/377/845
f 844/29/29 461/377/845 460/378/847
f 842/21/21 459/379/849 458/381/852
f 841/19/19 458/381/852 457/382/854
f 840/16/16 457/382/854 456/383/856
f 839/17/17 456/383/856 455/384/858
f 837/9/9 454/385/862 453/361/865
f 836/7/7 453/361/865 452/358/722
f 835/5/5 452/358/722 451/355/713
f 834/2/2 451/355/713 450/352/705
f 833/3/3 450/352/705 449/351/519
f 896/211/57 928/413/3 927/414/57
f 895/209/577 927/414/57 926/415/577
f 894/196/50 926/415/577 925/416/50
f 892/207/55 924/417/54 923/273/55
f 917/418/26 887/199/12 918/419/12
f 890/203/49 922/272/569 921/420/49
f 889/201/47 921/420/49 920/421/47
f 888/198/14 920/421/47 919/422/14
f 887/199/12 919/422/14 918/419/12
f 884/191/43 916/423/24 915/424/43
f 883/189/41 915/424/43 914/425/41
f 882/187/39 914/425/41 913/426/39
f 881/184/37 913/426/39 912/427/37
f 880/185/35 912/427/37 911/428/35
f 878/177/31 910/429/33 909/430/31
f 877/174/28 909/430/31 908/431/28
f 876/175/29 908/431/28 907/432/29
f 874/167/21 906/433/23 905/434/21
f 873/165/19 905/434/21 904/435/19
f 872/163/16 904/435/19 903/436/16
f 871/161/17 903/436/16 902/437/17
f 870/159/11 902/437/17 901/438/11
f 869/156/9 901/438/11 900/439/9
f 868/157/7 900/439/9 899/440/7
f 866/149/2 898/441/5 897/442/2
f 865/150/3 897/442/2 928/443/3
f 928/443/3 513/119/491 544/410/816
f 897/442/2 514/120/500 513/119/491
f 898/441/5 515/124/508 514/120/500
f 899/440/7 516/127/515 515/124/508
f 900/439/9 517/131/523 516/127/515
f 901/438/11 518/135/529 517/131/523
f 902/437/17 519/138/533 518/135/529
f 903/436/16 520/140/538 519/138/533
f 904/435/19 521/142/537 520/140/538
f 905/434/21 522/144/541 521/142/537
f 906/433/23 523/146/545 522/144/541
f 907/432/29 524/214/580 523/146/545
f 908/431/28 525/216/584 524/214/580
f 909/430/31 526/219/590 525/216/584
f 910/429/33 527/223/605 526/219/590
f 911/428/35 528/226/604 527/223/605
f 912/427/37 529/230/612 528/226/604
f 913/426/39 530/233/626 529/230/612
f 914/425/41 531/236/634 530/233/626
f 915/424/43 532/239/633 531/236/634
f 916/423/24 533/339/670 532/239/633
f 867/152/5 483/155/552 868/157/7
f 918/419/12 535/343/687 534/341/675
f 919/422/14 536/345/686 535/343/687
f 920/421/47 537/348/697 536/345/686
f 921/420/49 538/350/703 537/348/697
f 923/273/55 540/357/720 539/354/711
f 924/417/54 541/360/866 540/357/720
f 925/416/50 542/389/863 541/360/866
f 926/415/577 543/387/859 542/389/863
f 927/414/57 544/412/816 543/387/859
f 960/283/57 992/444/3 991/445/57
f 959/281/577 991/445/57 990/446/577
f 958/279/50 990/446/577 989/447/50
f 957/277/54 989/447/50 988/448/54
f 956/275/55 988/448/54 987/449/55
f 955/257/569 987/449/55 986/258/569
f 936/248/16 552/147/583 937/250/19
f 952/269/14 984/450/47 983/451/14
f 951/270/12 983/451/14 982/452/12
f 949/265/24 981/453/26 980/454/24
f 948/264/43 980/454/24 979/455/43
f 947/263/41 979/455/43 978/456/41
f 946/262/39 978/456/41 977/457/39
f 945/261/37 977/457/39 976/458/37
f 944/259/35 976/458/37 975/459/35
f 943/260/639 975/459/35 974/255/33
f 940/252/29 972/460/28 971/461/29
f 939/251/23 971/461/29 970/462/23
f 938/249/21 970/462/23 969/463/21
f 937/250/19 969/463/21 968/464/19
f 935/247/17 967/465/16 966/466/17
f 934/246/11 966/466/17 965/467/11
f 933/245/9 965/467/11 964/468/9
f 932/244/7 964/468/9 963/469/7
f 931/243/5 963/469/7 962/470/5
f 930/241/2 962/470/5 961/471/2
f 929/242/3 961/471/2 992/472/3
f 992/472/3 610/222/602 609/221/595
f 961/471/2 611/225/610 610/222/602
f 962/470/5 612/229/617 611/225/610
f 963/469/7 613/232/624 612/229/617
f 964/468/9 614/235/631 613/232/624
f 965/467/11 615/238/636 614/235/631
f 966/466/17 616/240/674 615/238/636
f 967/465/16 617/340/673 616/240/674
f 968/464/19 618/342/678 617/340/673
f 969/463/21 619/344/684 618/342/678
f 970/462/23 620/347/696 619/344/684
f 971/461/29 621/349/695 620/347/696
f 972/460/28 622/353/701 621/349/695
f 973/300/31 623/356/709 622/353/701
f 974/255/33 624/359/867 623/356/709
f 975/459/35 625/409/864 624/359/867
f 976/458/37 626/408/860 625/409/864
f 977/457/39 627/407/857 626/408/860
f 978/456/41 628/405/855 627/407/857
f 979/455/43 629/404/853 628/405/855
f 980/454/24 630/403/850 629/404/853
f 981/453/26 631/402/848 630/403/850
f 982/452/12 632/401/846 631/402/848
f 983/451/14 633/400/844 632/401/846
f 984/450/47 634/398/842 633/400/844
f 986/258/569 636/396/838 635/397/840
f 987/449/55 637/395/836 636/396/838
f 988/448/54 638/394/833 637/395/836
f 989/447/50 639/393/831 638/394/833
f 990/446/577 640/392/829 639/393/831
f 991/445/57 609/411/595 640/392/829
f 1024/338/3 3/111/480 1/473/479
f 993/336/2 5/112/481 3/111/480
f 994/334/5 7/81/450 5/112/481
f 995/332/7 9/82/451 7/81/450
f 996/330/9 11/83/452 9/82/451
f 997/328/11 13/84/453 11/83/452
f 998/326/17 15/85/454 13/84/453
f 999/324/16 17/86/455 15/85/454
f 1000/322/19 19/87/456 17/86/455
f 1001/320/21 21/88/457 19/87/456
f 1002/318/23 23/89/458 21/88/457
f 1003/316/29 25/90/459 23/89/458
f 1004/314/28 27/91/460 25/90/459
f 1005/312/31 29/92/461 27/91/460
f 1006/310/33 31/93/462 29/92/461
f 1007/308/35 33/94/463 31/93/462
f 1008/306/37 35/95/464 33/94/463
f 35/95/464 1010/302/41 37/96/465
f 37/96/465 1011/153/43 39/97/466
f 1013/26/26 45/100/469 43/99/468
f 1014/299/12 47/101/470 45/100/469
f 1015/297/14 49/102/471 47/101/470
f 1016/295/47 51/103/472 49/102/471
f 53/104/473 1019/293/55 55/105/474
f 55/105/474 1020/292/54 57/106/475
f 57/106/475 1021/291/50 59/107/476
f 61/108/477 1023/287/57 63/109/478
f 1023/287/57 1/110/479 63/109/478
f 1021/291/50 606/130/514 1022/288/577
s 2
f 1347/474/33 1032/8/868 1031/81/869
f 1028/4/870 1347/474/33 1346/475/35
f 1071/101/871 1189/476/872 1315/100/873
f 1032/8/868 1349/477/28 1348/478/874
f 1349/477/28 1036/64/875 1350/479/29
f 1036/64/875 1351/480/23 1350/479/29
f 1038/15/876 1352/481/21 1351/480/23
f 1040/18/877 1353/482/19 1352/481/21
f 1042/20/878 1354/483/16 1353/482/19
f 1358/484/7 1054/34/879 1053/92/880
f 1046/65/881 1356/485/11 1355/486/17
f 1356/485/11 1050/30/882 1357/487/9
f 1357/487/9 1052/32/883 1358/484/7
f 1363/488/577 1064/44/884 1364/489/50
f 1054/34/879 1360/490/2 1359/491/885
f 1213/492/886 1118/107/887 1206/107/888
f 1058/38/889 1362/493/57 1361/494/3
f 1060/40/890 1363/488/577 1362/493/57
f 1339/90/891 1204/89/892 1332/495/892
f 1064/44/884 1365/496/54 1364/489/50
f 1066/46/893 1366/497/55 1365/496/54
f 1068/48/894 1367/498/569 1366/497/55
f 1367/498/569 1072/13/895 1368/499/49
f 1368/499/49 1074/50/896 1369/500/47
f 1074/50/896 1370/501/14 1369/500/47
f 1376/502/39 1026/60/897 1345/503/37
f 1078/68/898 1372/504/26 1371/505/899
f 1080/55/900 1373/506/24 1372/504/26
f 1373/506/24 1084/66/901 1374/507/43
f 1360/490/2 1058/38/889 1361/494/3
f 1062/508/902 1046/509/881 1030/510/903
f 1086/53/904 1376/502/39 1375/511/41
f 1185/512/905 1093/82/906 1186/82/907
f 1249/103/908 1145/102/909 1278/102/910
f 1266/513/911 1234/95/912 1107/96/913
f 1189/476/872 1111/100/914 1190/514/873
f 1191/111/915 1089/473/916 1192/515/917
f 1193/109/918 1089/110/916 1120/109/919
f 1194/88/920 1098/87/921 1195/87/922
f 1196/516/923 1107/96/913 1197/517/924
f 1198/106/925 1116/105/926 1199/518/927
f 1200/84/928 1094/83/929 1185/512/905
f 1187/92/930 1104/93/931 1103/92/932
f 1370/501/14 1078/68/898 1077/104/933
f 1191/111/915 1091/112/934 1090/111/935
f 1204/89/892 1099/88/936 1194/88/920
f 1205/98/937 1108/97/938 1196/516/923
f 1206/107/888 1117/106/939 1198/106/925
f 1200/84/928 1096/85/940 1095/84/941
f 1208/519/942 1104/93/931 1201/93/943
f 1209/103/944 1113/102/945 1202/102/946
f 1317/109/947 1120/109/919 1213/492/886
f 1211/520/891 1100/89/948 1204/89/892
f 1212/99/949 1109/98/950 1205/98/937
f 1214/86/951 1096/85/940 1207/521/952
f 1216/104/953 1114/103/954 1209/103/944
f 1215/522/955 1105/94/956 1208/519/942
f 1244/86/957 1129/86/958 1271/85/959
f 1374/507/43 1086/53/904 1375/511/41
f 1188/91/960 1101/90/961 1211/520/891
f 1190/514/873 1110/99/962 1212/99/949
f 1330/523/963 1113/102/945 1189/476/872
f 1214/86/951 1098/87/921 1097/86/964
f 1197/517/924 1106/95/965 1215/522/955
f 1199/518/927 1115/104/966 1216/104/953
f 1281/524/967 1153/473/968 1282/473/969
f 1250/525/970 1132/89/971 1279/89/972
f 1251/526/973 1146/103/974 1249/103/908
f 1250/525/970 1134/91/975 1133/90/976
f 1253/105/977 1147/104/978 1251/526/973
f 1254/92/979 1134/91/975 1252/527/980
f 1255/111/981 1121/473/982 1280/473/983
f 1256/106/984 1148/105/985 1253/105/977
f 1254/92/979 1136/93/986 1135/92/987
f 1258/112/988 1122/111/989 1255/111/981
f 1260/94/990 1136/93/986 1257/93/991
f 1258/112/988 1124/81/992 1123/112/993
f 1262/108/994 1150/107/995 1259/107/996
f 1263/528/912 1137/94/997 1260/94/990
f 1264/529/998 1124/81/992 1261/81/999
f 1265/109/1000 1151/108/1001 1262/108/994
f 1266/513/911 1138/95/1002 1263/528/912
f 1267/83/1003 1125/82/1004 1264/529/998
f 1265/109/1000 1121/110/982 1152/109/1005
f 1268/97/1006 1139/96/1007 1266/513/911
f 1269/530/1008 1126/83/1009 1267/83/1003
f 1268/97/1006 1141/98/1010 1140/97/1011
f 1269/530/1008 1128/85/1012 1127/84/1013
f 1272/99/1014 1141/98/1010 1270/98/1015
f 1252/527/980 1219/90/1016 1102/91/1017
f 1272/99/1014 1143/100/1018 1142/99/1019
f 1275/87/1020 1129/86/958 1273/86/1021
f 1274/100/1022 1144/101/1023 1143/100/1018
f 1277/88/1024 1130/87/1025 1275/87/1020
f 1278/102/910 1144/101/1023 1276/101/1026
f 1279/89/972 1131/88/1027 1277/88/1024
f 1168/531/1028 1176/532/1029 1184/533/1030
f 1283/534/1031 1180/105/1032 1284/535/1033
f 1286/92/1034 1168/93/1028 1167/92/1035
f 1281/524/967 1155/112/1036 1154/111/1037
f 1151/108/1001 1183/108/1038 1288/107/1039
f 1289/94/1040 1168/93/1028 1285/93/1041
f 1290/81/1042 1155/112/1036 1287/536/1043
f 1138/95/1002 1170/95/1044 1289/94/1040
f 1354/483/16 1046/65/881 1355/486/17
f 1293/82/1045 1156/81/1046 1290/81/1042
f 1294/109/1047 1183/108/1038 1291/108/1048
f 1144/101/1023 1176/101/1029 1303/100/1049
f 1293/82/1045 1158/83/1050 1157/82/1051
f 1294/109/1047 1153/110/968 1184/109/1030
f 1297/97/1052 1171/96/1053 1295/96/1054
f 1296/83/1055 1159/84/1056 1158/83/1050
f 1297/97/1052 1173/98/1057 1172/97/1058
f 1298/84/1059 1160/85/1060 1159/84/1056
f 1301/99/1061 1173/98/1057 1299/537/1062
f 1302/86/1063 1160/85/1060 1300/85/1064
f 1303/100/1049 1174/99/1065 1301/99/1061
f 1302/86/1063 1162/87/1066 1161/86/1067
f 1286/92/1034 1166/91/1068 1312/91/1069
f 1306/88/1070 1162/87/1066 1304/87/1071
f 1305/538/1072 1177/102/1073 1176/101/1029
f 1308/89/1074 1163/88/1075 1306/88/1070
f 1309/103/1076 1177/102/1073 1307/102/1077
f 1310/90/1078 1164/89/1079 1308/89/1074
f 1309/103/1076 1179/104/1080 1178/103/1081
f 1310/90/1078 1166/91/1068 1165/90/1082
f 1311/104/1083 1180/105/1032 1179/104/1080
f 1259/107/996 1149/106/1084 1256/106/984
f 1320/535/927 1216/104/953 1344/104/953
f 1343/95/955 1197/517/924 1215/522/955
f 1342/539/951 1195/87/922 1214/86/951
f 1315/100/873 1212/99/949 1340/99/949
f 1339/90/891 1188/91/960 1211/520/891
f 1313/82/907 1186/82/907 1210/81/1085
f 1343/95/955 1208/519/942 1336/94/942
f 1333/98/937 1212/99/949 1205/98/937
f 1210/81/1085 1091/112/934 1203/540/1086
f 1337/541/944 1202/102/946 1330/523/963
f 1336/94/942 1201/93/943 1329/93/943
f 1328/542/928 1207/521/952 1200/84/928
f 1327/106/925 1206/107/888 1198/106/925
f 1333/98/937 1196/516/923 1326/97/923
f 1332/495/892 1194/88/920 1325/543/920
f 1324/544/915 1203/540/1086 1191/111/915
f 1322/92/1087 1201/93/943 1187/92/930
f 1321/545/905 1200/84/928 1185/512/905
f 1327/106/925 1199/518/927 1320/535/927
f 1326/97/923 1197/517/924 1319/546/924
f 1318/87/922 1194/88/920 1195/87/922
f 1317/109/947 1192/110/917 1193/109/918
f 1316/473/917 1191/111/915 1192/515/917
f 1295/96/1054 1170/95/1044 1292/95/1088
f 1150/107/995 1182/107/1089 1283/534/1031
f 1313/82/907 1185/512/905 1186/82/907
f 1100/89/948 1248/88/1024 1099/88/936
f 1112/101/1090 1218/102/910 1247/101/1091
f 1099/88/936 1246/87/1020 1098/87/921
f 1250/525/970 1220/89/972 1101/90/961
f 1097/86/964 1246/87/1020 1244/86/957
f 1276/101/1026 1245/100/1092 1112/101/1090
f 1097/86/964 1242/85/959 1096/85/940
f 1109/98/950 1243/547/1014 1241/98/1015
f 1096/85/940 1240/84/1008 1095/84/941
f 1109/98/950 1239/97/1006 1108/97/938
f 1094/83/929 1240/84/1008 1238/83/1003
f 1108/97/938 1237/513/1093 1107/96/913
f 1274/100/1022 1243/547/1014 1111/100/914
f 1094/83/929 1235/82/998 1093/82/906
f 1226/110/983 1236/109/1000 1089/110/916
f 1120/109/919 1233/108/994 1119/108/1094
f 1093/82/906 1232/548/999 1092/81/1095
f 1106/95/965 1231/519/990 1105/94/956
f 1118/107/887 1233/108/994 1230/107/996
f 1091/112/934 1232/548/999 1229/112/988
f 1105/94/956 1228/93/991 1104/93/931
f 1117/106/939 1230/107/996 1227/106/984
f 1091/112/934 1225/544/981 1090/111/935
f 1104/93/931 1224/92/979 1103/92/932
f 1117/106/939 1223/105/977 1116/105/926
f 1089/473/916 1225/544/981 1226/473/983
f 1103/92/932 1222/91/1096 1102/91/1017
f 1187/92/930 1102/91/1017 1314/91/1097
f 1223/105/977 1251/526/973 1115/104/966
f 1251/526/973 1217/103/908 1115/104/966
f 1114/103/954 1218/102/910 1113/102/945
f 1220/89/972 1277/88/1024 1248/88/1024
f 1247/101/1091 1278/102/910 1276/101/1026
f 1248/88/1024 1275/87/1020 1246/87/1020
f 1244/86/957 1275/87/1020 1273/86/1021
f 1241/98/1015 1272/99/1014 1270/98/1015
f 1240/84/1008 1271/85/959 1269/530/1008
f 1239/97/1006 1270/98/1015 1268/97/1006
f 1238/83/1003 1269/530/1008 1267/83/1003
f 1239/97/1006 1266/513/911 1237/513/1093
f 1235/82/998 1267/83/1003 1264/529/998
f 1236/109/1000 1262/108/994 1233/108/994
f 1235/82/998 1261/81/999 1232/548/999
f 1234/95/912 1260/94/990 1231/519/990
f 1233/108/994 1259/107/996 1230/107/996
f 1229/112/988 1261/81/999 1258/112/988
f 1228/93/991 1260/94/990 1257/93/991
f 1225/544/981 1258/112/988 1255/111/981
f 1224/92/979 1257/93/991 1254/92/979
f 1227/106/984 1253/105/977 1223/105/977
f 1225/544/981 1280/473/983 1226/473/983
f 1224/92/979 1252/527/980 1222/91/1096
f 1217/103/908 1278/102/910 1218/102/910
f 1147/104/978 1284/535/1033 1311/104/1083
f 1133/90/976 1312/91/1069 1310/90/1078
f 1146/103/974 1311/104/1083 1309/103/1076
f 1132/89/971 1310/90/1078 1308/89/1074
f 1145/102/909 1309/103/1076 1307/102/1077
f 1132/89/971 1306/88/1070 1131/88/1027
f 1145/102/909 1305/538/1072 1144/101/1023
f 1130/87/1025 1306/88/1070 1304/87/1071
f 1130/87/1025 1302/86/1063 1129/86/958
f 1143/100/1018 1301/99/1061 1142/99/1019
f 1129/86/958 1300/85/1064 1128/85/1012
f 1142/99/1019 1299/537/1062 1141/98/1010
f 1127/84/1013 1300/85/1064 1298/84/1059
f 1141/98/1010 1297/97/1052 1140/97/1011
f 1126/83/1009 1298/84/1059 1296/83/1055
f 1139/96/1007 1297/97/1052 1295/96/1054
f 1152/109/1005 1282/110/969 1294/109/1047
f 1126/83/1009 1293/82/1045 1125/82/1004
f 1151/108/1001 1294/109/1047 1291/108/1048
f 1125/82/1004 1290/81/1042 1124/81/992
f 1123/112/993 1290/81/1042 1287/536/1043
f 1137/94/997 1285/93/1041 1136/93/986
f 1122/111/989 1287/536/1043 1281/524/967
f 1135/92/987 1285/93/1041 1286/92/1034
f 1149/106/1084 1284/535/1033 1148/105/985
f 1122/111/989 1282/473/969 1121/473/982
f 1035/83/1098 1313/82/907 1033/82/1099
f 1025/473/1100 1324/544/915 1316/473/917
f 1025/110/1100 1317/109/947 1087/109/1101
f 1045/88/1102 1318/87/922 1043/87/1103
f 1061/96/1104 1326/97/923 1319/546/924
f 1079/105/1105 1327/106/925 1320/535/927
f 1037/84/1106 1321/545/905 1035/83/1098
f 1053/92/880 1329/93/943 1322/92/1087
f 1073/102/1107 1323/549/1108 1071/101/871
f 1027/111/1109 1331/112/1086 1324/544/915
f 1047/89/1110 1325/543/920 1045/88/1102
f 1065/98/1111 1326/97/923 1063/97/1112
f 1081/106/1113 1334/107/888 1327/106/925
f 1037/84/1106 1335/85/952 1328/542/928
f 1057/94/1114 1329/93/943 1055/93/1115
f 1075/103/1116 1330/523/963 1073/102/1107
f 1031/81/869 1331/112/1086 1029/112/1117
f 1067/99/1118 1333/98/937 1065/98/1111
f 1085/108/1119 1334/107/888 1083/107/1120
f 1041/86/1121 1335/85/952 1039/85/1122
f 1059/95/1123 1336/94/942 1057/94/1114
f 1075/103/1116 1344/104/953 1337/541/944
f 1051/91/1124 1339/90/891 1049/90/1125
f 1069/100/1126 1340/99/949 1067/99/1118
f 1087/109/1101 1341/492/886 1085/108/1119
f 1043/87/1103 1342/539/951 1041/86/1121
f 1061/96/1104 1343/95/955 1059/95/1123
f 1077/104/933 1320/535/927 1344/104/953
f 1375/511/41 1087/109/1101 1085/108/1119
f 1081/106/1113 1374/507/43 1083/107/1120
f 1372/504/26 1081/106/1113 1079/105/1105
f 1371/505/899 1079/105/1105 1077/104/933
f 1369/500/47 1075/103/1116 1073/102/1107
f 1368/499/49 1073/102/1107 1071/101/871
f 1367/498/569 1071/101/871 1069/100/1126
f 1366/497/55 1069/100/1126 1067/99/1118
f 1365/496/54 1067/99/1118 1065/98/1111
f 1364/489/50 1065/98/1111 1063/97/1112
f 1362/493/57 1061/96/1104 1059/95/1123
f 1361/494/3 1059/95/1123 1057/94/1114
f 1359/491/885 1055/93/1115 1053/92/880
f 1357/487/9 1051/91/1124 1049/90/1125
f 1047/89/1110 1357/487/9 1049/90/1125
f 1355/486/17 1047/89/1110 1045/88/1102
f 1353/482/19 1043/87/1103 1041/86/1121
f 1352/481/21 1041/86/1121 1039/85/1122
f 1351/480/23 1039/85/1122 1037/84/1106
f 1035/83/1098 1351/480/23 1037/84/1106
f 1349/477/28 1035/83/1098 1033/82/1099
f 1348/478/874 1033/82/1099 1031/81/869
f 1346/475/35 1029/112/1117 1027/111/1109
f 1345/550/37 1028/4/870 1346/475/35
s 5
f 2227/910/1962 2228/910/1962 2226/910/1962
s 6
f 2229/910/1963 2228/910/1963 2230/910/1963
s 7
f 2229/910/1964 2232/910/1964 2231/910/1964
s 8
f 2231/910/1965 2234/910/1965 2233/910/1965
s 9
f 2233/910/1966 2236/910/1966 2235/910/1966
s 10
f 2235/910/1967 2238/910/1967 2237/910/1967
s 11
f 2237/910/1968 2240/910/1968 2239/910/1968
s 12
f 2239/910/1969 2242/910/1969 2241/910/1969
s 13
f 2241/910/1970 2244/910/1970 2243/910/1970
s 14
f 2245/910/1971 2244/910/1971 2246/910/1971
s 15
f 2247/910/1972 2246/910/1972 2249/910/1972
s 16
f 2247/910/1973 2250/910/1973 2248/910/1973
s 17
f 2249/910/1974 2240/910/1974 2232/910/1974
s 18
f 2248/910/1975 2251/910/1975 2252/910/1975
s 19
f 2252/910/1976 2253/910/1976 2254/910/1976
s 20
f 2254/910/1977 2255/910/1977 2256/910/1977
s 21
f 2256/910/1978 2257/910/1978 2227/910/1978
s 22
f 2259/910/1963 2260/910/1963 2289/910/1963
s 23
f 2261/910/1962 2260/910/1962 2258/910/1962
s 24
f 2262/910/1978 2263/910/1978 2261/910/1978
s 25
f 2272/910/1974 2280/910/1974 2288/910/1974
s 26
f 2267/910/1977 2264/910/1977 2262/910/1977
s 27
f 2268/910/1976 2265/910/1976 2267/910/1976
s 28
f 2269/910/1975 2266/910/1975 2268/910/1975
s 29
f 2270/910/1973 2271/910/1973 2269/910/1973
s 30
f 2270/910/1972 2273/910/1972 2272/910/1972
s 31
f 2276/910/1971 2273/910/1971 2275/910/1971
s 32
f 2277/910/1970 2274/910/1970 2276/910/1970
s 33
f 2277/910/1969 2280/910/1969 2279/910/1969
s 34
f 2283/910/1968 2280/910/1968 2278/910/1968
s 35
f 2284/910/1967 2281/910/1967 2283/910/1967
s 36
f 2285/910/1966 2282/910/1966 2284/910/1966
s 37
f 2286/910/1965 2287/910/1965 2285/910/1965
s 38
f 2259/910/1964 2288/910/1964 2286/910/1964
s 39
f 2291/910/1962 2292/910/1962 2290/910/1962
s 40
f 2290/910/1963 2294/910/1963 2293/910/1963
s 41
f 2295/910/1964 2294/910/1964 2296/910/1964
s 42
f 2295/910/1965 2298/910/1965 2297/910/1965
s 43
f 2297/910/1966 2301/910/1966 2299/910/1966
s 44
f 2299/910/1967 2302/910/1967 2300/910/1967
s 45
f 2311/910/1974 2303/910/1974 2296/910/1974
s 46
f 2300/910/1968 2303/910/1968 2304/910/1968
s 47
f 2304/910/1969 2305/910/1969 2306/910/1969
s 48
f 2306/910/1970 2307/910/1970 2308/910/1970
s 49
f 2308/910/1971 2309/910/1971 2310/910/1971
s 50
f 2310/910/1972 2311/910/1972 2312/910/1972
s 51
f 2312/910/1973 2313/910/1973 2314/910/1973
s 52
f 2316/910/1975 2313/910/1975 2315/910/1975
s 53
f 2316/910/1976 2317/910/1976 2318/910/1976
s 54
f 2320/910/1977 2317/910/1977 2319/910/1977
s 55
f 2320/910/1978 2321/910/1978 2291/910/1978
s 56
f 2323/910/1962 2324/910/1962 2322/910/1962
s 57
f 2322/910/1963 2326/910/1963 2325/910/1963
s 58
f 2325/910/1964 2328/910/1964 2327/910/1964
s 59
f 2327/910/1965 2330/910/1965 2329/910/1965
s 60
f 2329/910/1966 2332/910/1966 2331/910/1966
s 61
f 2331/910/1967 2334/910/1967 2333/910/1967
s 62
f 2333/910/1968 2336/910/1968 2335/910/1968
s 63
f 2337/910/1969 2336/910/1969 2338/910/1969
s 64
f 2337/910/1970 2340/910/1970 2339/910/1970
s 65
f 2339/910/1971 2342/910/1971 2341/910/1971
s 66
f 2341/910/1972 2344/910/1972 2343/910/1972
s 67
f 2345/910/1973 2344/910/1973 2346/910/1973
s 68
f 2345/910/1975 2348/910/1975 2347/910/1975
s 69
f 2347/910/1976 2350/910/1976 2349/910/1976
s 70
f 2349/910/1977 2352/910/1977 2351/910/1977
s 71
f 2351/910/1978 2353/910/1978 2323/910/1978
s 72
f 2344/910/1974 2336/910/1974 2328/910/1974
s 1
f 2/1/1 4/4/4 834/2/2
f 4/4/4 6/6/6 835/5/5
f 6/6/6 8/8/8 836/7/7
f 8/8/8 10/10/10 837/9/9
f 10/10/10 12/64/98 838/11/11
f 472/365/823 471/366/824 855/12/12
f 855/12/12 46/69/92 48/13/13
f 856/14/14 472/365/823 855/12/12
f 14/15/15 16/18/18 840/16/16
f 16/18/18 18/20/20 841/19/19
f 18/20/20 20/22/22 842/21/21
f 20/22/22 22/65/71 843/23/23
f 43/99/468 41/98/467 1012/24/24
f 1012/24/24 596/154/551 597/25/25
f 1013/26/26 43/99/468 1012/24/24
f 24/27/27 26/30/30 845/28/28
f 26/30/30 28/32/32 846/31/31
f 28/32/32 30/34/34 847/33/33
f 30/34/34 32/36/36 848/35/35
f 32/36/36 34/38/38 849/37/37
f 34/38/38 36/40/40 850/39/39
f 36/40/40 38/42/42 851/41/41
f 38/42/42 40/44/44 852/43/43
f 40/44/44 42/46/45 853/45/24
f 42/46/45 44/48/46 854/47/26
f 44/48/46 46/69/92 855/12/12
f 460/378/847 459/379/849 843/23/23
f 843/23/23 22/65/71 24/27/27
f 844/29/29 460/378/847 843/23/23
f 48/13/13 50/50/48 857/49/47
f 50/50/48 52/67/80 858/51/49
f 455/384/858 454/385/862 838/11/11
f 838/11/11 12/64/98 14/15/15
f 839/17/17 455/384/858 838/11/11
f 479/54/52 478/122/504 862/52/50
f 862/52/50 60/66/76 62/53/51
f 62/53/51 863/62/59 479/54/52
f 56/55/53 58/58/56 861/56/54
f 58/58/56 60/66/76 862/52/50
f 449/133/519 480/129/512 864/59/57
f 864/59/57 64/63/94 2/60/1
f 833/61/3 449/133/519 864/59/57
f 56/55/53 92/55/97 93/58/58
f 62/53/51 64/63/94 864/59/57
f 127/53/60 256/53/192 229/63/61
f 79/34/63 111/34/133 112/36/64
f 14/15/15 12/64/98 70/64/66
f 32/36/36 30/34/34 79/34/63
f 50/50/48 48/13/13 88/13/68
f 4/4/4 66/4/99 67/6/70
f 22/65/71 75/65/101 76/27/72
f 42/46/45 40/44/44 84/44/73
f 58/58/56 93/58/58 94/66/75
f 14/15/15 71/15/67 72/18/77
f 32/36/36 80/36/65 81/38/78
f 50/50/48 89/50/69 90/67/79
f 6/6/6 67/6/70 68/8/81
f 24/27/27 76/27/72 77/30/82
f 44/48/46 42/46/45 85/46/74
f 60/66/76 94/66/75 95/53/84
f 16/18/18 72/18/77 73/20/85
f 34/38/38 81/38/78 82/40/86
f 52/67/80 90/67/79 91/68/87
f 8/8/8 68/8/81 69/10/89
f 26/30/30 77/30/82 78/32/90
f 44/48/46 86/48/83 87/69/91
f 62/53/51 95/53/84 96/63/93
f 18/20/20 73/20/85 74/22/95
f 36/40/40 82/40/86 83/42/96
f 54/68/88 91/68/87 92/55/97
f 12/64/98 10/10/10 69/10/89
f 30/34/34 28/32/32 78/32/90
f 46/69/92 87/69/91 88/13/68
f 2/1/1 65/1/100 66/4/99
f 64/63/94 96/63/93 65/60/100
f 22/65/71 20/22/22 74/22/95
f 40/44/44 38/42/42 83/42/96
f 225/40/102 146/40/194 147/42/103
f 67/6/70 66/4/99 98/4/105
f 94/66/75 93/58/58 125/58/107
f 81/38/78 80/36/65 112/36/64
f 68/8/81 67/6/70 99/6/106
f 95/53/84 94/66/75 126/66/108
f 82/40/86 81/38/78 113/38/109
f 68/8/81 100/8/110 101/10/112
f 96/63/93 95/53/84 127/53/60
f 82/40/86 114/40/111 115/42/113
f 70/64/66 69/10/89 101/10/112
f 65/60/100 96/63/93 128/63/62
f 83/42/96 115/42/113 116/44/116
f 71/15/67 70/64/66 102/64/114
f 84/44/73 116/44/116 117/46/118
f 71/15/67 103/15/117 104/18/119
f 85/46/74 117/46/118 118/48/120
f 72/18/77 104/18/119 105/20/121
f 86/48/83 118/48/120 119/69/122
f 73/20/85 105/20/121 106/22/123
f 88/13/68 87/69/91 119/69/122
f 75/65/101 74/22/95 106/22/123
f 89/50/69 88/13/68 120/13/124
f 76/27/72 75/65/101 107/65/125
f 89/50/69 121/50/126 122/67/128
f 77/30/82 76/27/72 108/27/127
f 91/68/87 90/67/79 122/67/128
f 77/30/82 109/30/129 110/32/131
f 92/55/97 91/68/87 123/68/130
f 78/32/90 110/32/131 111/34/133
f 66/4/99 65/1/100 97/1/115
f 92/55/97 124/55/132 125/58/107
f 150/48/134 149/46/147 181/46/135
f 227/10/137 133/10/195 134/64/138
f 230/60/140 229/63/61 160/63/141
f 231/44/143 226/70/104 147/42/103
f 228/64/139 134/64/138 135/15/145
f 231/44/143 148/44/144 149/46/147
f 234/73/149 232/71/146 135/15/145
f 235/48/151 233/72/148 149/46/147
f 234/73/149 136/18/150 137/20/152
f 237/74/154 235/48/151 150/48/134
f 236/20/153 137/20/152 138/22/156
f 239/13/158 237/74/154 151/69/155
f 240/65/160 238/75/157 138/22/156
f 241/50/162 239/13/158 152/13/159
f 242/76/164 240/65/160 139/65/161
f 241/50/162 153/50/163 154/67/166
f 242/76/164 140/27/165 141/30/168
f 245/68/170 243/77/167 154/67/166
f 244/30/169 141/30/168 142/32/172
f 245/68/170 155/68/171 156/55/174
f 246/78/173 142/32/172 143/34/176
f 230/1/140 129/1/142 130/4/178
f 247/79/175 156/55/174 157/58/180
f 251/36/182 248/34/177 143/34/176
f 249/4/179 130/4/178 131/6/184
f 250/58/181 157/58/180 158/66/186
f 254/38/188 251/36/182 144/36/183
f 252/6/185 131/6/184 132/8/190
f 256/53/192 253/66/187 158/66/186
f 254/38/188 145/38/189 146/40/194
f 227/10/137 255/80/191 132/8/190
f 229/63/61 256/53/192 159/53/193
f 171/65/196 214/65/257 213/27/197
f 137/20/152 136/18/150 168/18/199
f 150/48/134 182/48/136 183/69/201
f 137/20/152 169/20/200 170/22/202
f 152/13/159 151/69/155 183/69/201
f 139/65/161 138/22/156 170/22/202
f 153/50/163 152/13/159 184/13/203
f 140/27/165 139/65/161 171/65/196
f 153/50/163 185/50/204 186/67/205
f 140/27/165 172/27/198 173/30/206
f 155/68/171 154/67/166 186/67/205
f 141/30/168 173/30/206 174/32/208
f 156/55/174 155/68/171 187/68/207
f 142/32/172 174/32/208 175/34/210
f 129/1/142 161/1/224 162/4/211
f 157/58/180 156/55/174 188/55/209
f 144/36/183 143/34/176 175/34/210
f 130/4/178 162/4/211 163/6/214
f 158/66/186 157/58/180 189/58/212
f 145/38/189 144/36/183 176/36/213
f 132/8/190 131/6/184 163/6/214
f 159/53/193 158/66/186 190/66/215
f 145/38/189 177/38/216 178/40/219
f 133/10/195 132/8/190 164/8/217
f 160/63/141 159/53/193 191/53/218
f 146/40/194 178/40/219 179/42/222
f 134/64/138 133/10/195 165/10/220
f 129/60/142 160/63/141 192/63/221
f 148/44/144 147/42/103 179/42/222
f 135/15/145 134/64/138 166/64/223
f 149/46/147 148/44/144 180/44/225
f 136/18/150 135/15/145 167/15/226
f 185/50/204 184/13/203 201/13/227
f 185/50/204 200/50/228 199/67/229
f 172/27/198 213/27/197 212/30/230
f 186/67/205 199/67/229 198/68/231
f 174/32/208 173/30/206 212/30/230
f 188/55/209 187/68/207 198/68/231
f 174/32/208 211/32/232 210/34/234
f 162/4/211 161/1/224 224/1/235
f 189/58/212 188/55/209 197/55/233
f 175/34/210 210/34/234 209/36/238
f 163/6/214 162/4/211 223/4/236
f 189/58/212 196/58/237 195/66/240
f 176/36/213 209/36/238 208/38/241
f 163/6/214 222/6/239 221/8/242
f 190/66/215 195/66/240 194/53/243
f 177/38/216 208/38/241 207/40/244
f 164/8/217 221/8/242 220/10/245
f 191/53/218 194/53/243 193/63/246
f 178/40/219 207/40/244 206/42/247
f 166/64/223 165/10/220 220/10/245
f 192/63/221 193/63/246 224/60/235
f 179/42/222 206/42/247 205/44/249
f 167/15/226 166/64/223 219/64/248
f 180/44/225 205/44/249 204/46/251
f 167/15/226 218/15/250 217/18/252
f 181/46/135 204/46/251 203/48/253
f 169/20/200 168/18/199 217/18/252
f 183/69/201 182/48/136 203/48/253
f 169/20/200 216/20/254 215/22/256
f 184/13/203 183/69/201 202/69/255
f 171/65/196 170/22/202 215/22/256
f 101/10/112 100/8/110 255/80/191
f 113/38/109 254/38/188 225/40/102
f 127/53/60 126/66/108 253/66/187
f 100/8/110 99/6/106 252/6/185
f 113/38/109 112/36/64 251/36/182
f 126/66/108 125/58/107 250/58/181
f 98/4/105 249/4/179 252/6/185
f 112/36/64 111/34/133 248/34/177
f 125/58/107 124/55/132 247/79/175
f 97/1/115 230/1/140 249/4/179
f 110/32/131 246/78/173 248/34/177
f 124/55/132 123/68/130 245/68/170
f 109/30/129 244/30/169 246/78/173
f 123/68/130 122/67/128 243/77/167
f 108/27/127 242/76/164 244/30/169
f 121/50/126 241/50/162 243/77/167
f 107/65/125 240/65/160 242/76/164
f 121/50/126 120/13/124 239/13/158
f 107/65/125 106/22/123 238/75/157
f 120/13/124 119/69/122 237/74/154
f 105/20/121 236/20/153 238/75/157
f 119/69/122 118/48/120 235/48/151
f 104/18/119 234/73/149 236/20/153
f 118/48/120 117/46/118 233/72/148
f 103/15/117 232/71/146 234/73/149
f 116/44/116 231/44/143 233/72/148
f 102/64/114 228/64/139 232/71/146
f 116/44/116 115/42/113 226/70/104
f 128/63/62 229/63/61 230/60/140
f 101/10/112 227/10/137 228/64/139
f 114/40/111 225/40/102 226/70/104
f 319/53/258 448/53/384 421/63/259
f 271/34/261 303/34/323 304/36/262
f 417/40/264 338/40/385 339/42/265
f 259/6/267 258/4/324 290/4/268
f 285/58/270 317/58/325 318/66/271
f 273/38/273 272/36/263 304/36/262
f 260/8/275 259/6/267 291/6/269
f 287/53/277 286/66/272 318/66/271
f 274/40/278 273/38/273 305/38/274
f 260/8/275 292/8/276 293/10/280
f 288/63/282 287/53/277 319/53/258
f 274/40/278 306/40/279 307/42/283
f 261/10/281 293/10/280 294/64/285
f 257/60/287 288/63/282 320/63/260
f 275/42/284 307/42/283 308/44/289
f 263/15/291 262/64/286 294/64/285
f 276/44/290 308/44/289 309/46/293
f 263/15/291 295/15/292 296/18/295
f 277/46/294 309/46/293 310/48/297
f 264/18/296 296/18/295 297/20/299
f 278/48/298 310/48/297 311/69/301
f 265/20/300 297/20/299 298/22/303
f 280/13/305 279/69/302 311/69/301
f 267/65/307 266/22/304 298/22/303
f 281/50/309 280/13/305 312/13/306
f 267/65/307 299/65/308 300/27/311
f 281/50/309 313/50/310 314/67/313
f 268/27/312 300/27/311 301/30/315
f 283/68/317 282/67/314 314/67/313
f 269/30/316 301/30/315 302/32/319
f 284/55/321 283/68/317 315/68/318
f 270/32/320 302/32/319 303/34/323
f 258/4/324 257/1/287 289/1/288
f 284/55/321 316/55/322 317/58/325
f 341/46/326 373/46/418 374/48/327
f 419/10/329 325/10/386 326/64/330
f 422/60/332 421/63/259 352/63/333
f 423/44/335 418/70/266 339/42/265
f 420/64/331 326/64/330 327/15/337
f 423/44/335 340/44/336 341/46/326
f 424/71/338 327/15/337 328/18/340
f 425/72/339 341/46/326 342/48/328
f 426/73/341 328/18/340 329/20/343
f 427/48/342 342/48/328 343/69/345
f 428/20/344 329/20/343 330/22/347
f 431/13/349 429/74/346 343/69/345
f 432/65/351 430/75/348 330/22/347
f 431/13/349 344/13/350 345/50/353
f 434/76/355 432/65/351 331/65/352
f 433/50/354 345/50/353 346/67/357
f 436/30/359 434/76/355 332/27/356
f 437/68/361 435/77/358 346/67/357
f 436/30/359 333/30/360 334/32/363
f 437/68/361 347/68/362 348/55/365
f 440/34/367 438/78/364 334/32/363
f 422/1/332 321/1/334 322/4/369
f 439/79/366 348/55/365 349/58/371
f 440/34/367 335/34/368 336/36/373
f 444/6/375 441/4/370 322/4/369
f 442/58/372 349/58/371 350/66/377
f 446/38/379 443/36/374 336/36/373
f 444/6/375 323/6/376 324/8/381
f 445/66/378 350/66/377 351/53/383
f 446/38/379 337/38/380 338/40/385
f 419/10/329 447/80/382 324/8/381
f 421/63/259 448/53/384 351/53/383
f 363/65/387 406/65/449 405/27/388
f 329/20/343 328/18/340 360/18/390
f 343/69/345 342/48/328 374/48/327
f 329/20/343 361/20/391 362/22/393
f 344/13/350 343/69/345 375/69/392
f 330/22/347 362/22/393 363/65/387
f 345/50/353 344/13/350 376/13/394
f 331/65/352 363/65/387 364/27/389
f 345/50/353 377/50/395 378/67/396
f 332/27/356 364/27/389 365/30/397
f 347/68/362 346/67/357 378/67/396
f 333/30/360 365/30/397 366/32/399
f 348/55/365 347/68/362 379/68/398
f 334/32/363 366/32/399 367/34/401
f 321/1/334 353/1/415 354/4/402
f 349/58/371 348/55/365 380/55/400
f 336/36/373 335/34/368 367/34/401
f 322/4/369 354/4/402 355/6/405
f 350/66/377 349/58/371 381/58/403
f 337/38/380 336/36/373 368/36/404
f 323/6/376 355/6/405 356/8/408
f 351/53/383 350/66/377 382/66/406
f 337/38/380 369/38/407 370/40/410
f 325/10/386 324/8/381 356/8/408
f 352/63/333 351/53/383 383/53/409
f 338/40/385 370/40/410 371/42/413
f 326/64/330 325/10/386 357/10/411
f 321/60/334 352/63/333 384/63/412
f 340/44/336 339/42/265 371/42/413
f 327/15/337 326/64/330 358/64/414
f 340/44/336 372/44/416 373/46/418
f 327/15/337 359/15/417 360/18/390
f 376/13/394 393/13/448 392/50/419
f 377/50/395 392/50/419 391/67/420
f 364/27/389 405/27/388 404/30/421
f 378/67/396 391/67/420 390/68/422
f 366/32/399 365/30/397 404/30/421
f 379/68/398 390/68/422 389/55/424
f 367/34/401 366/32/399 403/32/423
f 354/4/402 353/1/415 416/1/426
f 380/55/400 389/55/424 388/58/428
f 367/34/401 402/34/425 401/36/429
f 355/6/405 354/4/402 415/4/427
f 381/58/403 388/58/428 387/66/431
f 368/36/404 401/36/429 400/38/432
f 356/8/408 355/6/405 414/6/430
f 382/66/406 387/66/431 386/53/434
f 369/38/407 400/38/432 399/40/435
f 356/8/408 413/8/433 412/10/436
f 383/53/409 386/53/434 385/63/437
f 370/40/410 399/40/435 398/42/438
f 358/64/414 357/10/411 412/10/436
f 384/63/412 385/63/437 416/60/426
f 371/42/413 398/42/438 397/44/440
f 359/15/417 358/64/414 411/64/439
f 372/44/416 397/44/440 396/46/442
f 359/15/417 410/15/441 409/18/443
f 373/46/418 396/46/442 395/48/444
f 360/18/390 409/18/443 408/20/445
f 374/48/327 395/48/444 394/69/446
f 361/20/391 408/20/445 407/22/447
f 375/69/392 394/69/446 393/13/448
f 362/22/393 407/22/447 406/65/449
f 293/10/280 292/8/276 447/80/382
f 305/38/274 446/38/379 417/40/264
f 318/66/271 445/66/378 448/53/384
f 292/8/276 291/6/269 444/6/375
f 305/38/274 304/36/262 443/36/374
f 318/66/271 317/58/325 442/58/372
f 290/4/268 441/4/370 444/6/375
f 303/34/323 440/34/367 443/36/374
f 316/55/322 439/79/366 442/58/372
f 289/1/288 422/1/332 441/4/370
f 302/32/319 438/78/364 440/34/367
f 315/68/318 437/68/361 439/79/366
f 301/30/315 436/30/359 438/78/364
f 315/68/318 314/67/313 435/77/358
f 301/30/315 300/27/311 434/76/355
f 313/50/310 433/50/354 435/77/358
f 300/27/311 299/65/308 432/65/351
f 313/50/310 312/13/306 431/13/349
f 299/65/308 298/22/303 430/75/348
f 311/69/301 429/74/346 431/13/349
f 297/20/299 428/20/344 430/75/348
f 310/48/297 427/48/342 429/74/346
f 296/18/295 426/73/341 428/20/344
f 309/46/293 425/72/339 427/48/342
f 295/15/292 424/71/338 426/73/341
f 308/44/289 423/44/335 425/72/339
f 295/15/292 294/64/285 420/64/331
f 308/44/289 307/42/283 418/70/266
f 320/63/260 421/63/259 422/60/332
f 294/64/285 293/10/280 419/10/329
f 306/40/279 417/40/264 418/70/266
f 269/30/316 270/32/320 7/81/450
f 268/27/312 269/30/316 9/82/451
f 267/65/307 268/27/312 11/83/452
f 266/22/304 267/65/307 13/84/453
f 265/20/300 266/22/304 15/85/454
f 264/18/296 265/20/300 17/86/455
f 21/88/457 263/15/291 264/18/296
f 262/64/286 263/15/291 21/88/457
f 261/10/281 262/64/286 23/89/458
f 260/8/275 261/10/281 25/90/459
f 29/92/461 259/6/267 260/8/275
f 31/93/462 258/4/324 259/6/267
f 257/1/287 258/4/324 31/93/462
f 288/63/282 257/60/287 33/94/463
f 287/53/277 288/63/282 35/95/464
f 286/66/272 287/53/277 37/96/465
f 285/58/270 286/66/272 39/97/466
f 284/55/321 285/58/270 41/98/467
f 283/68/317 284/55/321 43/99/468
f 282/67/314 283/68/317 45/100/469
f 281/50/309 282/67/314 47/101/470
f 280/13/305 281/50/309 49/102/471
f 279/69/302 280/13/305 51/103/472
f 278/48/298 279/69/302 53/104/473
f 277/46/294 278/48/298 55/105/474
f 276/44/290 277/46/294 57/106/475
f 275/42/284 276/44/290 59/107/476
f 274/40/278 275/42/284 61/108/477
f 273/38/273 274/40/278 63/109/478
f 272/36/263 273/38/273 1/110/479
f 271/34/261 272/36/263 3/111/480
f 270/32/320 271/34/261 5/112/481
f 562/113/482 755/113/495 756/114/483
f 476/115/485 477/116/496 646/116/486
f 602/117/488 820/117/783 822/118/489
f 513/119/491 514/120/500 736/120/492
f 561/121/494 754/121/503 755/113/495
f 477/116/496 478/122/504 645/122/497
f 603/118/490 822/118/489 824/123/498
f 514/120/500 515/124/508 735/124/501
f 561/121/494 560/125/510 753/125/502
f 478/122/504 479/54/52 644/54/505
f 604/123/499 824/123/498 826/126/506
f 515/124/508 516/127/515 734/127/509
f 560/125/510 559/128/518 752/128/511
f 480/129/512 643/129/520 644/54/505
f 605/126/507 826/126/506 828/130/513
f 516/127/515 517/131/523 733/131/516
f 558/132/517 751/132/526 752/128/511
f 449/133/519 642/133/700 643/129/520
f 607/134/521 606/130/514 828/130/513
f 517/131/523 518/135/529 732/135/524
f 558/132/517 557/136/531 750/136/525
f 608/137/527 607/134/521 830/134/522
f 518/135/529 519/138/533 731/138/530
f 557/136/531 556/139/535 749/139/532
f 519/138/533 520/140/538 730/140/534
f 556/139/535 555/141/539 748/141/536
f 521/142/537 729/142/542 730/140/534
f 555/141/539 554/143/543 747/143/540
f 522/144/541 728/144/546 729/142/542
f 554/143/543 553/145/547 746/145/544
f 523/146/545 727/146/581 728/144/546
f 553/145/547 552/147/583 745/147/548
f 512/148/549 481/151/550 866/149/2
f 481/151/550 482/386/834 867/152/5
f 41/98/467 39/97/466 1011/153/43
f 1011/153/43 595/406/827 596/154/551
f 1012/24/24 41/98/467 1011/153/43
f 483/155/552 484/158/553 869/156/9
f 484/158/553 485/160/554 870/159/11
f 485/160/554 486/162/555 871/161/17
f 486/162/555 487/164/556 872/163/16
f 487/164/556 488/166/557 873/165/19
f 488/166/557 489/168/558 874/167/21
f 489/168/558 490/380/851 875/169/23
f 985/256/49 984/450/47 953/170/47
f 953/170/47 568/390/825 569/171/559
f 954/172/49 985/256/49 953/170/47
f 491/173/560 492/176/561 877/174/28
f 492/176/561 493/178/562 878/177/31
f 493/178/562 494/375/861 879/179/33
f 917/418/26 916/423/24 885/180/24
f 885/180/24 500/346/693 501/181/563
f 886/182/26 917/418/26 885/180/24
f 495/183/564 496/186/565 881/184/37
f 496/186/565 497/188/566 882/187/39
f 497/188/566 498/190/567 883/189/41
f 498/190/567 499/192/568 884/191/43
f 499/192/568 500/346/693 885/180/24
f 476/115/485 475/362/819 859/193/569
f 859/193/569 54/68/88 56/55/53
f 860/57/55 476/115/485 859/193/569
f 925/416/50 924/417/54 893/194/54
f 893/194/54 508/228/608 509/195/570
f 894/196/50 925/416/50 893/194/54
f 502/197/571 503/200/572 888/198/14
f 503/200/572 504/202/573 889/201/47
f 504/202/573 505/204/574 890/203/49
f 505/204/574 506/206/575 891/205/569
f 506/206/575 507/208/576 892/207/55
f 507/208/576 508/228/608 893/194/54
f 475/362/819 474/363/820 858/51/49
f 858/51/49 52/67/80 54/68/88
f 859/193/569 475/362/819 858/51/49
f 509/195/570 510/210/578 895/209/577
f 510/210/578 511/212/579 896/211/57
f 511/212/579 512/218/549 865/213/3
f 524/214/580 726/214/585 727/146/581
f 551/215/582 744/215/587 745/147/548
f 525/216/584 725/216/591 726/214/585
f 550/217/586 743/217/593 744/215/587
f 512/218/549 511/212/579 704/212/588
f 526/219/590 724/219/599 725/216/591
f 549/220/592 742/220/601 743/217/593
f 511/212/579 510/210/578 703/210/594
f 609/221/595 610/222/602 769/222/596
f 526/219/590 527/223/605 723/223/598
f 548/224/600 741/224/607 742/220/601
f 509/195/570 702/195/609 703/210/594
f 610/222/602 611/225/610 771/225/603
f 528/226/604 722/226/613 723/223/598
f 547/227/606 740/227/615 741/224/607
f 508/228/608 701/228/616 702/195/609
f 611/225/610 612/229/617 773/229/611
f 529/230/612 721/230/620 722/226/613
f 546/231/614 739/231/622 740/227/615
f 507/208/576 700/208/623 701/228/616
f 612/229/617 613/232/624 775/232/618
f 529/230/612 530/233/626 720/233/619
f 545/234/621 738/234/629 739/231/622
f 506/206/575 699/206/630 700/208/623
f 613/232/624 614/235/631 777/235/625
f 530/233/626 531/236/634 719/236/627
f 576/237/628 705/237/763 738/234/629
f 505/204/574 698/204/635 699/206/630
f 614/235/631 615/238/636 779/238/632
f 532/239/633 718/239/671 719/236/627
f 504/202/573 697/202/672 698/204/635
f 615/238/636 616/240/674 781/240/637
f 576/237/628 545/234/621 930/241/2
f 545/234/621 546/231/614 931/243/5
f 546/231/614 547/227/606 932/244/7
f 547/227/606 548/224/600 933/245/9
f 548/224/600 549/220/592 934/246/11
f 549/220/592 550/217/586 935/247/17
f 550/217/586 551/215/582 936/248/16
f 552/147/583 553/145/547 938/249/21
f 553/145/547 554/143/543 939/251/23
f 554/143/543 555/141/539 940/252/29
f 555/141/539 556/139/535 941/253/28
f 974/255/33 973/300/31 942/254/638
f 942/254/638 557/136/531 558/132/517
f 558/132/517 943/260/639 974/255/33
f 635/397/840 634/398/842 985/256/49
f 985/256/49 954/172/49 955/257/569
f 986/258/569 635/397/840 985/256/49
f 558/132/517 559/128/518 944/259/35
f 559/128/518 560/125/510 945/261/37
f 560/125/510 561/121/494 946/262/39
f 561/121/494 562/113/482 947/263/41
f 562/113/482 563/114/484 948/264/43
f 563/114/484 564/266/640 949/265/24
f 564/266/640 565/391/821 950/267/26
f 907/432/29 906/433/23 875/169/23
f 875/169/23 490/380/851 491/173/560
f 876/175/29 907/432/29 875/169/23
f 566/268/641 567/271/642 952/269/14
f 567/271/642 568/390/825 953/170/47
f 539/354/711 538/350/703 922/272/569
f 922/272/569 891/205/569 892/207/55
f 923/273/55 539/354/711 922/272/569
f 569/171/559 570/274/643 955/257/569
f 570/274/643 571/276/644 956/275/55
f 571/276/644 572/278/645 957/277/54
f 572/278/645 573/280/646 958/279/50
f 573/280/646 574/282/647 959/281/577
f 574/282/647 575/284/648 960/283/57
f 575/284/648 576/388/628 929/285/3
f 607/134/521 608/137/527 1024/286/3
f 606/130/514 607/134/521 1023/287/57
f 53/104/473 51/103/472 1017/289/49
f 1017/289/49 601/399/818 602/117/488
f 1018/290/569 53/104/473 1017/289/49
f 604/123/499 605/126/507 1021/291/50
f 603/118/490 604/123/499 1020/292/54
f 602/117/488 603/118/490 1019/293/55
f 911/428/35 910/429/33 879/179/33
f 879/179/33 494/375/861 495/183/564
f 880/185/35 911/428/35 879/179/33
f 600/294/649 601/399/818 1017/289/49
f 599/296/650 600/294/649 1016/295/47
f 598/298/651 599/296/650 1015/297/14
f 597/25/25 598/298/651 1014/299/12
f 982/452/12 981/453/26 950/267/26
f 950/267/26 565/391/821 566/268/641
f 951/270/12 982/452/12 950/267/26
f 973/300/31 972/460/28 941/253/28
f 941/253/28 556/139/535 557/136/531
f 557/136/531 942/254/638 973/300/31
f 594/301/652 595/406/827 1011/153/43
f 593/303/653 594/301/652 1010/302/41
f 592/305/654 593/303/653 1009/304/39
f 591/307/655 592/305/654 1008/306/37
f 590/309/656 591/307/655 1007/308/35
f 589/311/657 590/309/656 1006/310/33
f 588/313/658 589/311/657 1005/312/31
f 587/315/659 588/313/658 1004/314/28
f 586/317/660 587/315/659 1003/316/29
f 585/319/661 586/317/660 1002/318/23
f 584/321/662 585/319/661 1001/320/21
f 583/323/663 584/321/662 1000/322/19
f 582/325/664 583/323/663 999/324/16
f 581/327/665 582/325/664 998/326/17
f 580/329/666 581/327/665 997/328/11
f 579/331/667 580/329/666 996/330/9
f 578/333/668 579/331/667 995/332/7
f 577/335/669 578/333/668 994/334/5
f 608/337/527 577/335/669 993/336/2
f 533/339/670 717/339/676 718/239/671
f 503/200/572 696/200/677 697/202/672
f 617/340/673 783/340/679 781/240/637
f 534/341/675 716/341/681 717/339/676
f 502/197/571 695/197/683 696/200/677
f 618/342/678 785/342/685 783/340/679
f 534/341/675 535/343/687 715/343/680
f 502/197/571 501/181/563 694/181/682
f 619/344/684 787/344/690 785/342/685
f 536/345/686 714/345/692 715/343/680
f 501/181/563 500/346/693 693/346/688
f 619/344/684 620/347/696 789/347/689
f 536/345/686 537/348/697 713/348/691
f 500/346/693 499/192/568 692/192/694
f 621/349/695 791/349/702 789/347/689
f 537/348/697 538/350/703 712/350/698
f 449/351/519 450/352/705 673/352/699
f 498/190/567 691/190/708 692/192/694
f 622/353/701 793/353/710 791/349/702
f 538/350/703 539/354/711 711/354/704
f 450/352/705 451/355/713 672/355/706
f 608/337/527 831/337/528 770/335/707
f 497/188/566 690/188/717 691/190/708
f 623/356/709 795/356/719 793/353/710
f 539/354/711 540/357/720 710/357/712
f 451/355/713 452/358/722 671/358/714
f 577/335/669 770/335/707 772/333/715
f 497/188/566 496/186/565 689/186/716
f 623/356/709 624/359/867 797/359/718
f 540/357/720 541/360/866 709/360/721
f 452/358/722 453/361/865 670/361/723
f 578/333/668 772/333/715 774/331/724
f 643/129/520 642/133/700 641/218/589
f 644/54/505 643/129/520 704/212/588
f 645/122/497 644/54/505 703/210/594
f 646/116/486 645/122/497 702/195/609
f 647/115/487 646/116/486 701/228/616
f 648/362/725 647/115/487 700/208/623
f 649/363/726 648/362/725 699/206/630
f 650/364/727 649/363/726 698/204/635
f 651/365/728 650/364/727 697/202/672
f 652/366/729 651/365/728 696/200/677
f 653/367/730 652/366/729 695/197/683
f 654/368/731 653/367/730 694/181/682
f 655/369/732 654/368/731 693/346/688
f 656/370/733 655/369/732 692/192/694
f 657/371/734 656/370/733 691/190/708
f 658/372/735 657/371/734 690/188/717
f 659/373/736 658/372/735 689/186/716
f 660/374/738 659/373/736 688/183/737
f 661/376/740 660/374/738 687/375/739
f 662/377/742 661/376/740 686/178/741
f 663/378/744 662/377/742 685/176/743
f 664/379/746 663/378/744 684/173/745
f 665/381/748 664/379/746 683/380/747
f 666/382/750 665/381/748 682/168/749
f 667/383/752 666/382/750 681/166/751
f 668/384/754 667/383/752 680/164/753
f 669/385/756 668/384/754 679/162/755
f 670/361/723 669/385/756 678/160/757
f 671/358/714 670/361/723 677/158/758
f 672/355/706 671/358/714 676/155/759
f 673/352/699 672/355/706 675/386/760
f 642/351/700 673/352/699 674/151/761
f 707/387/762 706/412/817 705/388/763
f 708/389/765 707/387/762 768/284/764
f 709/360/721 708/389/765 767/282/766
f 710/357/712 709/360/721 766/280/767
f 711/354/704 710/357/712 765/278/768
f 712/350/698 711/354/704 764/276/769
f 713/348/691 712/350/698 763/274/770
f 714/345/692 713/348/691 762/171/771
f 715/343/680 714/345/692 761/390/772
f 716/341/681 715/343/680 760/271/773
f 717/339/676 716/341/681 759/268/774
f 718/239/671 717/339/676 758/391/775
f 719/236/627 718/239/671 757/266/776
f 720/233/619 719/236/627 756/114/483
f 721/230/620 720/233/619 755/113/495
f 722/226/613 721/230/620 754/121/503
f 723/223/598 722/226/613 753/125/502
f 724/219/599 723/223/598 752/128/511
f 725/216/591 724/219/599 751/132/526
f 726/214/585 725/216/591 750/136/525
f 727/146/581 726/214/585 749/139/532
f 728/144/546 727/146/581 748/141/536
f 729/142/542 728/144/546 747/143/540
f 730/140/534 729/142/542 746/145/544
f 731/138/530 730/140/534 745/147/548
f 732/135/524 731/138/530 744/215/587
f 733/131/516 732/135/524 743/217/593
f 734/127/509 733/131/516 742/220/601
f 735/124/501 734/127/509 741/224/607
f 736/120/492 735/124/501 740/227/615
f 737/119/493 736/120/492 739/231/622
f 705/237/763 706/410/817 737/119/493
f 829/392/777 832/411/597 831/137/528
f 827/393/778 829/392/777 830/134/522
f 825/394/779 827/393/778 828/130/513
f 823/395/780 825/394/779 826/126/506
f 821/396/781 823/395/780 824/123/498
f 819/397/782 821/396/781 822/118/489
f 817/398/784 819/397/782 820/117/783
f 815/400/786 817/398/784 818/399/785
f 813/401/788 815/400/786 816/294/787
f 811/402/790 813/401/788 814/296/789
f 809/403/792 811/402/790 812/298/791
f 807/404/794 809/403/792 810/25/793
f 805/405/796 807/404/794 808/154/795
f 803/407/798 805/405/796 806/406/797
f 801/408/800 803/407/798 804/301/799
f 799/409/802 801/408/800 802/303/801
f 797/359/718 799/409/802 800/305/803
f 795/356/719 797/359/718 798/307/804
f 793/353/710 795/356/719 796/309/805
f 791/349/702 793/353/710 794/311/806
f 789/347/689 791/349/702 792/313/807
f 787/344/690 789/347/689 790/315/808
f 785/342/685 787/344/690 788/317/809
f 783/340/679 785/342/685 786/319/810
f 781/240/637 783/340/679 784/321/811
f 779/238/632 781/240/637 782/323/812
f 777/235/625 779/238/632 780/325/813
f 775/232/618 777/235/625 778/327/814
f 773/229/611 775/232/618 776/329/815
f 771/225/603 773/229/611 774/331/724
f 769/222/596 771/225/603 772/333/715
f 832/221/597 769/222/596 770/335/707
f 544/410/816 513/119/491 737/119/493
f 601/399/818 818/399/785 820/117/783
f 475/362/819 476/115/485 647/115/487
f 564/266/640 563/114/484 756/114/483
f 600/294/649 816/294/787 818/399/785
f 474/363/820 475/362/819 648/362/725
f 565/391/821 564/266/640 757/266/776
f 599/296/650 814/296/789 816/294/787
f 473/364/822 474/363/820 649/363/726
f 566/268/641 565/391/821 758/391/775
f 598/298/651 812/298/791 814/296/789
f 472/365/823 473/364/822 650/364/727
f 566/268/641 759/268/774 760/271/773
f 598/298/651 597/25/25 810/25/793
f 471/366/824 472/365/823 651/365/728
f 567/271/642 760/271/773 761/390/772
f 597/25/25 596/154/551 808/154/795
f 471/366/824 652/366/729 653/367/730
f 568/390/825 761/390/772 762/171/771
f 595/406/827 806/406/797 808/154/795
f 470/367/826 653/367/730 654/368/731
f 569/171/559 762/171/771 763/274/770
f 609/411/595 832/411/597 829/392/777
f 594/301/652 804/301/799 806/406/797
f 468/369/830 469/368/828 654/368/731
f 570/274/643 763/274/770 764/276/769
f 640/392/829 829/392/777 827/393/778
f 512/148/549 641/148/589 674/151/761
f 593/303/653 802/303/801 804/301/799
f 467/370/832 468/369/830 655/369/732
f 571/276/644 764/276/769 765/278/768
f 638/394/833 639/393/831 827/393/778
f 481/151/550 674/151/761 675/386/760
f 593/303/653 592/305/654 800/305/803
f 466/371/835 467/370/832 656/370/733
f 572/278/645 765/278/768 766/280/767
f 637/395/836 638/394/833 825/394/779
f 482/386/834 675/386/760 676/155/759
f 592/305/654 591/307/655 798/307/804
f 466/371/835 657/371/734 658/372/735
f 573/280/646 766/280/767 767/282/766
f 636/396/838 637/395/836 823/395/780
f 483/155/552 676/155/759 677/158/758
f 590/309/656 796/309/805 798/307/804
f 465/372/837 658/372/735 659/373/736
f 575/284/648 574/282/647 767/282/766
f 635/397/840 636/396/838 821/396/781
f 484/158/553 677/158/758 678/160/757
f 590/309/656 589/311/657 794/311/806
f 463/374/841 464/373/839 659/373/736
f 576/388/628 575/284/648 768/284/764
f 634/398/842 635/397/840 819/397/782
f 485/160/554 678/160/757 679/162/755
f 589/311/657 588/313/658 792/313/807
f 463/374/841 660/374/738 661/376/740
f 633/400/844 634/398/842 817/398/784
f 486/162/555 679/162/755 680/164/753
f 588/313/658 587/315/659 790/315/808
f 462/376/843 661/376/740 662/377/742
f 633/400/844 815/400/786 813/401/788
f 487/164/556 680/164/753 681/166/751
f 586/317/660 788/317/809 790/315/808
f 461/377/845 662/377/742 663/378/744
f 631/402/848 632/401/846 813/401/788
f 489/168/558 488/166/557 681/166/751
f 586/317/660 585/319/661 786/319/810
f 460/378/847 663/378/744 664/379/746
f 631/402/848 811/402/790 809/403/792
f 490/380/851 489/168/558 682/168/749
f 585/319/661 584/321/662 784/321/811
f 459/379/849 664/379/746 665/381/748
f 630/403/850 809/403/792 807/404/794
f 491/173/560 490/380/851 683/380/747
f 583/323/663 782/323/812 784/321/811
f 458/381/852 665/381/748 666/382/750
f 629/404/853 807/404/794 805/405/796
f 492/176/561 491/173/560 684/173/745
f 582/325/664 780/325/813 782/323/812
f 456/383/856 457/382/854 666/382/750
f 628/405/855 805/405/796 803/407/798
f 493/178/562 492/176/561 685/176/743
f 582/325/664 581/327/665 778/327/814
f 455/384/858 456/383/856 667/383/752
f 544/412/816 706/412/817 707/387/762
f 626/408/860 627/407/857 803/407/798
f 494/375/861 493/178/562 686/178/741
f 580/329/666 776/329/815 778/327/814
f 454/385/862 455/384/858 668/384/754
f 543/387/859 707/387/762 708/389/765
f 626/408/860 801/408/800 799/409/802
f 494/375/861 687/375/739 688/183/737
f 579/331/667 774/331/724 776/329/815
f 453/361/865 454/385/862 669/385/756
f 541/360/866 542/389/863 708/389/765
f 625/409/864 799/409/802 797/359/718
f 496/186/565 495/183/564 688/183/737
f 863/62/59 864/59/57 480/129/512
f 861/56/54 862/52/50 478/122/504
f 860/57/55 861/56/54 477/116/496
f 857/49/47 858/51/49 474/363/820
f 856/14/14 857/49/47 473/364/822
f 854/47/26 855/12/12 471/366/824
f 853/45/24 854/47/26 470/367/826
f 852/43/43 853/45/24 469/368/828
f 851/41/41 852/43/43 468/369/830
f 850/39/39 851/41/41 467/370/832
f 849/37/37 850/39/39 466/371/835
f 848/35/35 849/37/37 465/372/837
f 847/33/33 848/35/35 464/373/839
f 846/31/31 847/33/33 463/374/841
f 845/28/28 846/31/31 462/376/843
f 844/29/29 845/28/28 461/377/845
f 842/21/21 843/23/23 459/379/849
f 841/19/19 842/21/21 458/381/852
f 840/16/16 841/19/19 457/382/854
f 839/17/17 840/16/16 456/383/856
f 837/9/9 838/11/11 454/385/862
f 836/7/7 837/9/9 453/361/865
f 835/5/5 836/7/7 452/358/722
f 834/2/2 835/5/5 451/355/713
f 833/3/3 834/2/2 450/352/705
f 896/211/57 865/213/3 928/413/3
f 895/209/577 896/211/57 927/414/57
f 894/196/50 895/209/577 926/415/577
f 892/207/55 893/194/54 924/417/54
f 886/182/26 501/181/563 502/197/571
f 886/182/26 502/197/571 887/199/12
f 534/341/675 533/339/670 917/418/26
f 917/418/26 886/182/26 887/199/12
f 918/419/12 534/341/675 917/418/26
f 890/203/49 891/205/569 922/272/569
f 889/201/47 890/203/49 921/420/49
f 888/198/14 889/201/47 920/421/47
f 887/199/12 888/198/14 919/422/14
f 884/191/43 885/180/24 916/423/24
f 883/189/41 884/191/43 915/424/43
f 882/187/39 883/189/41 914/425/41
f 881/184/37 882/187/39 913/426/39
f 880/185/35 881/184/37 912/427/37
f 878/177/31 879/179/33 910/429/33
f 877/174/28 878/177/31 909/430/31
f 876/175/29 877/174/28 908/431/28
f 874/167/21 875/169/23 906/433/23
f 873/165/19 874/167/21 905/434/21
f 872/163/16 873/165/19 904/435/19
f 871/161/17 872/163/16 903/436/16
f 870/159/11 871/161/17 902/437/17
f 869/156/9 870/159/11 901/438/11
f 868/157/7 869/156/9 900/439/9
f 866/149/2 867/152/5 898/441/5
f 865/150/3 866/149/2 897/442/2
f 928/443/3 897/442/2 513/119/491
f 897/442/2 898/441/5 514/120/500
f 898/441/5 899/440/7 515/124/508
f 899/440/7 900/439/9 516/127/515
f 900/439/9 901/438/11 517/131/523
f 901/438/11 902/437/17 518/135/529
f 902/437/17 903/436/16 519/138/533
f 903/436/16 904/435/19 520/140/538
f 904/435/19 905/434/21 521/142/537
f 905/434/21 906/433/23 522/144/541
f 906/433/23 907/432/29 523/146/545
f 907/432/29 908/431/28 524/214/580
f 908/431/28 909/430/31 525/216/584
f 909/430/31 910/429/33 526/219/590
f 910/429/33 911/428/35 527/223/605
f 911/428/35 912/427/37 528/226/604
f 912/427/37 913/426/39 529/230/612
f 913/426/39 914/425/41 530/233/626
f 914/425/41 915/424/43 531/236/634
f 915/424/43 916/423/24 532/239/633
f 916/423/24 917/418/26 533/339/670
f 899/440/7 898/441/5 867/152/5
f 867/152/5 482/386/834 483/155/552
f 868/157/7 899/440/7 867/152/5
f 918/419/12 919/422/14 535/343/687
f 919/422/14 920/421/47 536/345/686
f 920/421/47 921/420/49 537/348/697
f 921/420/49 922/272/569 538/350/703
f 923/273/55 924/417/54 540/357/720
f 924/417/54 925/416/50 541/360/866
f 925/416/50 926/415/577 542/389/863
f 926/415/577 927/414/57 543/387/859
f 927/414/57 928/413/3 544/412/816
f 960/283/57 929/285/3 992/444/3
f 959/281/577 960/283/57 991/445/57
f 958/279/50 959/281/577 990/446/577
f 957/277/54 958/279/50 989/447/50
f 956/275/55 957/277/54 988/448/54
f 955/257/569 956/275/55 987/449/55
f 968/464/19 967/465/16 936/248/16
f 936/248/16 551/215/582 552/147/583
f 937/250/19 968/464/19 936/248/16
f 952/269/14 953/170/47 984/450/47
f 951/270/12 952/269/14 983/451/14
f 949/265/24 950/267/26 981/453/26
f 948/264/43 949/265/24 980/454/24
f 947/263/41 948/264/43 979/455/43
f 946/262/39 947/263/41 978/456/41
f 945/261/37 946/262/39 977/457/39
f 944/259/35 945/261/37 976/458/37
f 943/260/639 944/259/35 975/459/35
f 940/252/29 941/253/28 972/460/28
f 939/251/23 940/252/29 971/461/29
f 938/249/21 939/251/23 970/462/23
f 937/250/19 938/249/21 969/463/21
f 935/247/17 936/248/16 967/465/16
f 934/246/11 935/247/17 966/466/17
f 933/245/9 934/246/11 965/467/11
f 932/244/7 933/245/9 964/468/9
f 931/243/5 932/244/7 963/469/7
f 930/241/2 931/243/5 962/470/5
f 929/242/3 930/241/2 961/471/2
f 992/472/3 961/471/2 610/222/602
f 961/471/2 962/470/5 611/225/610
f 962/470/5 963/469/7 612/229/617
f 963/469/7 964/468/9 613/232/624
f 964/468/9 965/467/11 614/235/631
f 965/467/11 966/466/17 615/238/636
f 966/466/17 967/465/16 616/240/674
f 967/465/16 968/464/19 617/340/673
f 968/464/19 969/463/21 618/342/678
f 969/463/21 970/462/23 619/344/684
f 970/462/23 971/461/29 620/347/696
f 971/461/29 972/460/28 621/349/695
f 972/460/28 973/300/31 622/353/701
f 973/300/31 974/255/33 623/356/709
f 974/255/33 975/459/35 624/359/867
f 975/459/35 976/458/37 625/409/864
f 976/458/37 977/457/39 626/408/860
f 977/457/39 978/456/41 627/407/857
f 978/456/41 979/455/43 628/405/855
f 979/455/43 980/454/24 629/404/853
f 980/454/24 981/453/26 630/403/850
f 981/453/26 982/452/12 631/402/848
f 982/452/12 983/451/14 632/401/846
f 983/451/14 984/450/47 633/400/844
f 984/450/47 985/256/49 634/398/842
f 986/258/569 987/449/55 636/396/838
f 987/449/55 988/448/54 637/395/836
f 988/448/54 989/447/50 638/394/833
f 989/447/50 990/446/577 639/393/831
f 990/446/577 991/445/57 640/392/829
f 991/445/57 992/444/3 609/411/595
f 1024/338/3 993/336/2 3/111/480
f 993/336/2 994/334/5 5/112/481
f 994/334/5 995/332/7 7/81/450
f 995/332/7 996/330/9 9/82/451
f 996/330/9 997/328/11 11/83/452
f 997/328/11 998/326/17 13/84/453
f 998/326/17 999/324/16 15/85/454
f 999/324/16 1000/322/19 17/86/455
f 1000/322/19 1001/320/21 19/87/456
f 1001/320/21 1002/318/23 21/88/457
f 1002/318/23 1003/316/29 23/89/458
f 1003/316/29 1004/314/28 25/90/459
f 1004/314/28 1005/312/31 27/91/460
f 1005/312/31 1006/310/33 29/92/461
f 1006/310/33 1007/308/35 31/93/462
f 1007/308/35 1008/306/37 33/94/463
f 1008/306/37 1009/304/39 35/95/464
f 35/95/464 1009/304/39 1010/302/41
f 37/96/465 1010/302/41 1011/153/43
f 1013/26/26 1014/299/12 45/100/469
f 1014/299/12 1015/297/14 47/101/470
f 1015/297/14 1016/295/47 49/102/471
f 1016/295/47 1017/289/49 51/103/472
f 53/104/473 1018/290/569 1019/293/55
f 55/105/474 1019/293/55 1020/292/54
f 57/106/475 1020/292/54 1021/291/50
f 61/108/477 1022/288/577 1023/287/57
f 1023/287/57 1024/286/3 1/110/479
f 61/108/477 59/107/476 1021/291/50
f 1021/291/50 605/126/507 606/130/514
f 1022/288/577 61/108/477 1021/291/50
s 2
f 1031/81/869 1029/112/1117 1347/474/33
f 1347/474/33 1030/6/903 1032/8/868
f 1032/8/868 1348/478/874 1031/81/869
f 1028/4/870 1030/6/903 1347/474/33
f 1315/100/873 1069/100/1126 1071/101/871
f 1071/101/871 1323/549/1108 1189/476/872
f 1189/476/872 1190/514/873 1315/100/873
f 1032/8/868 1034/10/1981 1349/477/28
f 1349/477/28 1034/10/1981 1036/64/875
f 1036/64/875 1038/15/876 1351/480/23
f 1038/15/876 1040/18/877 1352/481/21
f 1040/18/877 1042/20/878 1353/482/19
f 1042/20/878 1044/22/1982 1354/483/16
f 1053/92/880 1051/91/1124 1358/484/7
f 1358/484/7 1052/32/883 1054/34/879
f 1054/34/879 1359/491/885 1053/92/880
f 1046/65/881 1048/27/1983 1356/485/11
f 1356/485/11 1048/27/1983 1050/30/882
f 1357/487/9 1050/30/882 1052/32/883
f 1063/97/1112 1061/96/1104 1363/488/577
f 1363/488/577 1062/42/902 1064/44/884
f 1364/489/50 1063/97/1112 1363/488/577
f 1054/34/879 1056/36/1984 1360/490/2
f 1206/107/888 1334/107/888 1341/492/886
f 1213/492/886 1119/108/1094 1118/107/887
f 1206/107/888 1341/492/886 1213/492/886
f 1058/38/889 1060/40/890 1362/493/57
f 1060/40/890 1062/42/902 1363/488/577
f 1332/495/892 1047/89/1110 1049/90/1125
f 1339/90/891 1211/520/891 1204/89/892
f 1332/495/892 1049/90/1125 1339/90/891
f 1064/44/884 1066/46/893 1365/496/54
f 1066/46/893 1068/48/894 1366/497/55
f 1068/48/894 1070/69/1985 1367/498/569
f 1367/498/569 1070/69/1985 1072/13/895
f 1368/499/49 1072/13/895 1074/50/896
f 1074/50/896 1076/67/1986 1370/501/14
f 1025/110/1100 1087/109/1101 1376/502/39
f 1376/502/39 1088/63/1987 1026/60/897
f 1345/503/37 1025/110/1100 1376/502/39
f 1078/68/898 1080/55/900 1372/504/26
f 1080/55/900 1082/58/1988 1373/506/24
f 1373/506/24 1082/58/1988 1084/66/901
f 1057/94/1114 1055/93/1115 1360/490/2
f 1360/490/2 1056/36/1984 1058/38/889
f 1361/494/3 1057/94/1114 1360/490/2
f 1030/510/903 1028/911/870 1026/912/897
f 1026/912/897 1088/913/1987 1086/914/904
f 1086/914/904 1084/552/901 1082/915/1988
f 1082/915/1988 1080/916/900 1078/917/898
f 1078/917/898 1076/564/1986 1074/918/896
f 1074/918/896 1072/919/895 1070/920/1985
f 1070/920/1985 1068/562/894 1066/921/893
f 1066/921/893 1064/922/884 1062/508/902
f 1062/508/902 1060/558/890 1058/923/889
f 1058/923/889 1056/559/1984 1054/924/879
f 1054/924/879 1052/925/883 1050/926/882
f 1050/926/882 1048/556/1983 1046/509/881
f 1046/509/881 1044/927/1982 1042/928/878
f 1042/928/878 1040/554/877 1038/929/876
f 1038/929/876 1036/930/875 1034/931/1981
f 1034/931/1981 1032/553/868 1030/510/903
f 1030/510/903 1026/912/897 1086/914/904
f 1086/914/904 1082/915/1988 1078/917/898
f 1078/917/898 1074/918/896 1070/920/1985
f 1070/920/1985 1066/921/893 1062/508/902
f 1062/508/902 1058/923/889 1054/924/879
f 1054/924/879 1050/926/882 1046/509/881
f 1046/509/881 1042/928/878 1038/929/876
f 1038/929/876 1034/931/1981 1030/510/903
f 1030/510/903 1086/914/904 1078/917/898
f 1078/917/898 1070/920/1985 1062/508/902
f 1062/508/902 1054/924/879 1046/509/881
f 1046/509/881 1038/929/876 1030/510/903
f 1030/510/903 1078/917/898 1062/508/902
f 1086/53/904 1088/63/1987 1376/502/39
f 1185/512/905 1094/83/929 1093/82/906
f 1249/103/908 1146/103/974 1145/102/909
f 1107/96/913 1237/513/1093 1266/513/911
f 1266/513/911 1263/528/912 1234/95/912
f 1234/95/912 1106/95/965 1107/96/913
f 1189/476/872 1112/101/1090 1111/100/914
f 1191/111/915 1090/111/935 1089/473/916
f 1193/109/918 1192/110/917 1089/110/916
f 1194/88/920 1099/88/936 1098/87/921
f 1196/516/923 1108/97/938 1107/96/913
f 1198/106/925 1117/106/939 1116/105/926
f 1200/84/928 1095/84/941 1094/83/929
f 1187/92/930 1201/93/943 1104/93/931
f 1077/104/933 1075/103/1116 1370/501/14
f 1370/501/14 1076/67/1986 1078/68/898
f 1078/68/898 1371/505/899 1077/104/933
f 1191/111/915 1203/540/1086 1091/112/934
f 1204/89/892 1100/89/948 1099/88/936
f 1205/98/937 1109/98/950 1108/97/938
f 1206/107/888 1118/107/887 1117/106/939
f 1200/84/928 1207/521/952 1096/85/940
f 1208/519/942 1105/94/956 1104/93/931
f 1209/103/944 1114/103/954 1113/102/945
f 1213/492/886 1341/492/886 1317/109/947
f 1317/109/947 1193/109/918 1120/109/919
f 1120/109/919 1119/108/1094 1213/492/886
f 1211/520/891 1101/90/961 1100/89/948
f 1212/99/949 1110/99/962 1109/98/950
f 1207/521/952 1335/85/952 1342/539/951
f 1214/86/951 1097/86/964 1096/85/940
f 1207/521/952 1342/539/951 1214/86/951
f 1209/103/944 1337/541/944 1344/104/953
f 1216/104/953 1115/104/966 1114/103/954
f 1209/103/944 1344/104/953 1216/104/953
f 1215/522/955 1106/95/965 1105/94/956
f 1271/85/959 1242/85/959 1244/86/957
f 1244/86/957 1273/86/1021 1129/86/958
f 1129/86/958 1128/85/1012 1271/85/959
f 1085/108/1119 1083/107/1120 1374/507/43
f 1374/507/43 1084/66/901 1086/53/904
f 1375/511/41 1085/108/1119 1374/507/43
f 1188/91/960 1102/91/1017 1101/90/961
f 1190/514/873 1111/100/914 1110/99/962
f 1189/476/872 1323/549/1108 1330/523/963
f 1330/523/963 1202/102/946 1113/102/945
f 1113/102/945 1112/101/1090 1189/476/872
f 1214/86/951 1195/87/922 1098/87/921
f 1197/517/924 1107/96/913 1106/95/965
f 1199/518/927 1116/105/926 1115/104/966
f 1281/524/967 1154/111/1037 1153/473/968
f 1250/525/970 1133/90/976 1132/89/971
f 1251/526/973 1147/104/978 1146/103/974
f 1250/525/970 1252/527/980 1134/91/975
f 1253/105/977 1148/105/985 1147/104/978
f 1254/92/979 1135/92/987 1134/91/975
f 1255/111/981 1122/111/989 1121/473/982
f 1256/106/984 1149/106/1084 1148/105/985
f 1254/92/979 1257/93/991 1136/93/986
f 1258/112/988 1123/112/993 1122/111/989
f 1260/94/990 1137/94/997 1136/93/986
f 1258/112/988 1261/81/999 1124/81/992
f 1262/108/994 1151/108/1001 1150/107/995
f 1263/528/912 1138/95/1002 1137/94/997
f 1264/529/998 1125/82/1004 1124/81/992
f 1265/109/1000 1152/109/1005 1151/108/1001
f 1266/513/911 1139/96/1007 1138/95/1002
f 1267/83/1003 1126/83/1009 1125/82/1004
f 1265/109/1000 1280/110/983 1121/110/982
f 1268/97/1006 1140/97/1011 1139/96/1007
f 1269/530/1008 1127/84/1013 1126/83/1009
f 1268/97/1006 1270/98/1015 1141/98/1010
f 1269/530/1008 1271/85/959 1128/85/1012
f 1272/99/1014 1142/99/1019 1141/98/1010
f 1102/91/1017 1222/91/1096 1252/527/980
f 1252/527/980 1250/525/970 1219/90/1016
f 1219/90/1016 1101/90/961 1102/91/1017
f 1272/99/1014 1274/100/1022 1143/100/1018
f 1275/87/1020 1130/87/1025 1129/86/958
f 1274/100/1022 1276/101/1026 1144/101/1023
f 1277/88/1024 1131/88/1027 1130/87/1025
f 1278/102/910 1145/102/909 1144/101/1023
f 1279/89/972 1132/89/971 1131/88/1027
f 1184/533/1030 1153/551/968 1154/932/1037
f 1154/932/1037 1155/933/1036 1156/934/1046
f 1156/934/1046 1157/566/1051 1158/935/1050
f 1158/935/1050 1159/936/1056 1160/937/1060
f 1160/937/1060 1161/555/1067 1162/938/1066
f 1162/938/1066 1163/939/1075 1164/940/1079
f 1164/940/1079 1165/557/1082 1166/941/1068
f 1166/941/1068 1167/942/1035 1168/531/1028
f 1168/531/1028 1169/560/1989 1170/943/1044
f 1170/943/1044 1171/944/1053 1172/945/1058
f 1172/945/1058 1173/561/1057 1174/946/1065
f 1174/946/1065 1175/947/1990 1176/532/1029
f 1176/532/1029 1177/563/1073 1178/948/1081
f 1178/948/1081 1179/949/1080 1180/950/1032
f 1180/950/1032 1181/565/1991 1182/951/1089
f 1182/951/1089 1183/952/1038 1184/533/1030
f 1184/533/1030 1154/932/1037 1156/934/1046
f 1156/934/1046 1158/935/1050 1160/937/1060
f 1160/937/1060 1162/938/1066 1164/940/1079
f 1164/940/1079 1166/941/1068 1168/531/1028
f 1168/531/1028 1170/943/1044 1172/945/1058
f 1172/945/1058 1174/946/1065 1176/532/1029
f 1176/532/1029 1178/948/1081 1180/950/1032
f 1180/950/1032 1182/951/1089 1184/533/1030
f 1184/533/1030 1156/934/1046 1160/937/1060
f 1160/937/1060 1164/940/1079 1168/531/1028
f 1168/531/1028 1172/945/1058 1176/532/1029
f 1176/532/1029 1180/950/1032 1184/533/1030
f 1184/533/1030 1160/937/1060 1168/531/1028
f 1283/534/1031 1181/106/1991 1180/105/1032
f 1286/92/1034 1285/93/1041 1168/93/1028
f 1281/524/967 1287/536/1043 1155/112/1036
f 1288/107/1039 1150/107/995 1151/108/1001
f 1151/108/1001 1291/108/1048 1183/108/1038
f 1183/108/1038 1182/107/1089 1288/107/1039
f 1289/94/1040 1169/94/1989 1168/93/1028
f 1290/81/1042 1156/81/1046 1155/112/1036
f 1289/94/1040 1137/94/997 1138/95/1002
f 1138/95/1002 1292/95/1088 1170/95/1044
f 1170/95/1044 1169/94/1989 1289/94/1040
f 1045/88/1102 1043/87/1103 1354/483/16
f 1354/483/16 1044/22/1982 1046/65/881
f 1355/486/17 1045/88/1102 1354/483/16
f 1293/82/1045 1157/82/1051 1156/81/1046
f 1294/109/1047 1184/109/1030 1183/108/1038
f 1303/100/1049 1143/100/1018 1144/101/1023
f 1144/101/1023 1305/538/1072 1176/101/1029
f 1176/101/1029 1175/100/1990 1303/100/1049
f 1293/82/1045 1296/83/1055 1158/83/1050
f 1294/109/1047 1282/110/969 1153/110/968
f 1297/97/1052 1172/97/1058 1171/96/1053
f 1296/83/1055 1298/84/1059 1159/84/1056
f 1297/97/1052 1299/537/1062 1173/98/1057
f 1298/84/1059 1300/85/1064 1160/85/1060
f 1301/99/1061 1174/99/1065 1173/98/1057
f 1302/86/1063 1161/86/1067 1160/85/1060
f 1303/100/1049 1175/100/1990 1174/99/1065
f 1302/86/1063 1304/87/1071 1162/87/1066
f 1312/91/1069 1134/91/975 1135/92/987
f 1286/92/1034 1167/92/1035 1166/91/1068
f 1312/91/1069 1135/92/987 1286/92/1034
f 1306/88/1070 1163/88/1075 1162/87/1066
f 1305/538/1072 1307/102/1077 1177/102/1073
f 1308/89/1074 1164/89/1079 1163/88/1075
f 1309/103/1076 1178/103/1081 1177/102/1073
f 1310/90/1078 1165/90/1082 1164/89/1079
f 1309/103/1076 1311/104/1083 1179/104/1080
f 1310/90/1078 1312/91/1069 1166/91/1068
f 1311/104/1083 1284/535/1033 1180/105/1032
f 1256/106/984 1227/106/984 1230/107/996
f 1259/107/996 1150/107/995 1149/106/1084
f 1256/106/984 1230/107/996 1259/107/996
f 1320/535/927 1199/518/927 1216/104/953
f 1343/95/955 1319/546/924 1197/517/924
f 1342/539/951 1318/87/922 1195/87/922
f 1315/100/873 1190/514/873 1212/99/949
f 1339/90/891 1314/91/1097 1188/91/960
f 1338/953/1085 1031/81/869 1033/82/1099
f 1338/953/1085 1033/82/1099 1313/82/907
f 1093/82/906 1092/81/1095 1210/81/1085
f 1210/81/1085 1338/953/1085 1313/82/907
f 1186/82/907 1093/82/906 1210/81/1085
f 1343/95/955 1215/522/955 1208/519/942
f 1333/98/937 1340/99/949 1212/99/949
f 1203/540/1086 1331/112/1086 1338/953/1085
f 1210/81/1085 1092/81/1095 1091/112/934
f 1203/540/1086 1338/953/1085 1210/81/1085
f 1337/541/944 1209/103/944 1202/102/946
f 1336/94/942 1208/519/942 1201/93/943
f 1328/542/928 1335/85/952 1207/521/952
f 1327/106/925 1334/107/888 1206/107/888
f 1333/98/937 1205/98/937 1196/516/923
f 1332/495/892 1204/89/892 1194/88/920
f 1324/544/915 1331/112/1086 1203/540/1086
f 1322/92/1087 1329/93/943 1201/93/943
f 1321/545/905 1328/542/928 1200/84/928
f 1327/106/925 1198/106/925 1199/518/927
f 1326/97/923 1196/516/923 1197/517/924
f 1318/87/922 1325/543/920 1194/88/920
f 1317/109/947 1316/110/917 1192/110/917
f 1316/473/917 1324/544/915 1191/111/915
f 1292/95/1088 1138/95/1002 1139/96/1007
f 1295/96/1054 1171/96/1053 1170/95/1044
f 1292/95/1088 1139/96/1007 1295/96/1054
f 1283/534/1031 1149/106/1084 1150/107/995
f 1150/107/995 1288/107/1039 1182/107/1089
f 1182/107/1089 1181/106/1991 1283/534/1031
f 1313/82/907 1321/545/905 1185/512/905
f 1100/89/948 1220/89/972 1248/88/1024
f 1112/101/1090 1113/102/945 1218/102/910
f 1099/88/936 1248/88/1024 1246/87/1020
f 1101/90/961 1219/90/1016 1250/525/970
f 1250/525/970 1279/89/972 1220/89/972
f 1220/89/972 1100/89/948 1101/90/961
f 1097/86/964 1098/87/921 1246/87/1020
f 1112/101/1090 1247/101/1091 1276/101/1026
f 1276/101/1026 1274/100/1022 1245/100/1092
f 1245/100/1092 1111/100/914 1112/101/1090
f 1097/86/964 1244/86/957 1242/85/959
f 1109/98/950 1110/99/962 1243/547/1014
f 1096/85/940 1242/85/959 1240/84/1008
f 1109/98/950 1241/98/1015 1239/97/1006
f 1094/83/929 1095/84/941 1240/84/1008
f 1108/97/938 1239/97/1006 1237/513/1093
f 1111/100/914 1245/100/1092 1274/100/1022
f 1274/100/1022 1272/99/1014 1243/547/1014
f 1243/547/1014 1110/99/962 1111/100/914
f 1094/83/929 1238/83/1003 1235/82/998
f 1226/110/983 1280/110/983 1265/109/1000
f 1236/109/1000 1120/109/919 1089/110/916
f 1226/110/983 1265/109/1000 1236/109/1000
f 1120/109/919 1236/109/1000 1233/108/994
f 1093/82/906 1235/82/998 1232/548/999
f 1106/95/965 1234/95/912 1231/519/990
f 1118/107/887 1119/108/1094 1233/108/994
f 1091/112/934 1092/81/1095 1232/548/999
f 1105/94/956 1231/519/990 1228/93/991
f 1117/106/939 1118/107/887 1230/107/996
f 1091/112/934 1229/112/988 1225/544/981
f 1104/93/931 1228/93/991 1224/92/979
f 1117/106/939 1227/106/984 1223/105/977
f 1089/473/916 1090/111/935 1225/544/981
f 1103/92/932 1224/92/979 1222/91/1096
f 1314/91/1097 1051/91/1124 1053/92/880
f 1053/92/880 1322/92/1087 1187/92/930
f 1187/92/930 1103/92/932 1102/91/1017
f 1102/91/1017 1188/91/960 1314/91/1097
f 1314/91/1097 1053/92/880 1187/92/930
f 1223/105/977 1253/105/977 1251/526/973
s 76
f 1251/526/1992 1221/104/1992 1115/104/1992
s 2
f 1115/104/966 1116/105/926 1223/105/977
f 1251/526/973 1249/103/908 1217/103/908
f 1217/103/908 1114/103/954 1115/104/966
f 1114/103/954 1217/103/908 1218/102/910
f 1220/89/972 1279/89/972 1277/88/1024
f 1247/101/1091 1218/102/910 1278/102/910
f 1248/88/1024 1277/88/1024 1275/87/1020
f 1244/86/957 1246/87/1020 1275/87/1020
f 1241/98/1015 1243/547/1014 1272/99/1014
f 1240/84/1008 1242/85/959 1271/85/959
f 1239/97/1006 1241/98/1015 1270/98/1015
f 1238/83/1003 1240/84/1008 1269/530/1008
f 1239/97/1006 1268/97/1006 1266/513/911
f 1235/82/998 1238/83/1003 1267/83/1003
f 1236/109/1000 1265/109/1000 1262/108/994
f 1235/82/998 1264/529/998 1261/81/999
f 1234/95/912 1263/528/912 1260/94/990
f 1233/108/994 1262/108/994 1259/107/996
f 1229/112/988 1232/548/999 1261/81/999
f 1228/93/991 1231/519/990 1260/94/990
f 1225/544/981 1229/112/988 1258/112/988
f 1224/92/979 1228/93/991 1257/93/991
f 1227/106/984 1256/106/984 1253/105/977
f 1225/544/981 1255/111/981 1280/473/983
f 1224/92/979 1254/92/979 1252/527/980
f 1217/103/908 1249/103/908 1278/102/910
f 1147/104/978 1148/105/985 1284/535/1033
f 1133/90/976 1134/91/975 1312/91/1069
f 1146/103/974 1147/104/978 1311/104/1083
f 1132/89/971 1133/90/976 1310/90/1078
f 1145/102/909 1146/103/974 1309/103/1076
f 1132/89/971 1308/89/1074 1306/88/1070
f 1145/102/909 1307/102/1077 1305/538/1072
f 1130/87/1025 1131/88/1027 1306/88/1070
f 1130/87/1025 1304/87/1071 1302/86/1063
f 1143/100/1018 1303/100/1049 1301/99/1061
f 1129/86/958 1302/86/1063 1300/85/1064
f 1142/99/1019 1301/99/1061 1299/537/1062
f 1127/84/1013 1128/85/1012 1300/85/1064
f 1141/98/1010 1299/537/1062 1297/97/1052
f 1126/83/1009 1127/84/1013 1298/84/1059
f 1139/96/1007 1140/97/1011 1297/97/1052
f 1152/109/1005 1121/110/982 1282/110/969
f 1126/83/1009 1296/83/1055 1293/82/1045
f 1151/108/1001 1152/109/1005 1294/109/1047
f 1125/82/1004 1293/82/1045 1290/81/1042
f 1123/112/993 1124/81/992 1290/81/1042
f 1137/94/997 1289/94/1040 1285/93/1041
f 1122/111/989 1123/112/993 1287/536/1043
f 1135/92/987 1136/93/986 1285/93/1041
f 1149/106/1084 1283/534/1031 1284/535/1033
f 1122/111/989 1281/524/967 1282/473/969
f 1035/83/1098 1321/545/905 1313/82/907
f 1025/473/1100 1027/111/1109 1324/544/915
f 1025/110/1100 1316/110/917 1317/109/947
f 1045/88/1102 1325/543/920 1318/87/922
f 1061/96/1104 1063/97/1112 1326/97/923
f 1079/105/1105 1081/106/1113 1327/106/925
f 1037/84/1106 1328/542/928 1321/545/905
f 1053/92/880 1055/93/1115 1329/93/943
f 1073/102/1107 1330/523/963 1323/549/1108
f 1027/111/1109 1029/112/1117 1331/112/1086
f 1047/89/1110 1332/495/892 1325/543/920
f 1065/98/1111 1333/98/937 1326/97/923
f 1081/106/1113 1083/107/1120 1334/107/888
f 1037/84/1106 1039/85/1122 1335/85/952
f 1057/94/1114 1336/94/942 1329/93/943
f 1075/103/1116 1337/541/944 1330/523/963
f 1031/81/869 1338/953/1085 1331/112/1086
f 1067/99/1118 1340/99/949 1333/98/937
f 1085/108/1119 1341/492/886 1334/107/888
f 1041/86/1121 1342/539/951 1335/85/952
f 1059/95/1123 1343/95/955 1336/94/942
f 1075/103/1116 1077/104/933 1344/104/953
f 1051/91/1124 1314/91/1097 1339/90/891
f 1069/100/1126 1315/100/873 1340/99/949
f 1087/109/1101 1317/109/947 1341/492/886
f 1043/87/1103 1318/87/922 1342/539/951
f 1061/96/1104 1319/546/924 1343/95/955
f 1077/104/933 1079/105/1105 1320/535/927
f 1375/511/41 1376/502/39 1087/109/1101
f 1081/106/1113 1373/506/24 1374/507/43
f 1372/504/26 1373/506/24 1081/106/1113
f 1371/505/899 1372/504/26 1079/105/1105
f 1369/500/47 1370/501/14 1075/103/1116
f 1368/499/49 1369/500/47 1073/102/1107
f 1367/498/569 1368/499/49 1071/101/871
f 1366/497/55 1367/498/569 1069/100/1126
f 1365/496/54 1366/497/55 1067/99/1118
f 1364/489/50 1365/496/54 1065/98/1111
f 1362/493/57 1363/488/577 1061/96/1104
f 1361/494/3 1362/493/57 1059/95/1123
f 1359/491/885 1360/490/2 1055/93/1115
f 1357/487/9 1358/484/7 1051/91/1124
f 1047/89/1110 1356/485/11 1357/487/9
f 1355/486/17 1356/485/11 1047/89/1110
f 1353/482/19 1354/483/16 1043/87/1103
f 1352/481/21 1353/482/19 1041/86/1121
f 1351/480/23 1352/481/21 1039/85/1122
f 1035/83/1098 1350/479/29 1351/480/23
f 1349/477/28 1350/479/29 1035/83/1098
f 1348/478/874 1349/477/28 1033/82/1099
f 1346/475/35 1347/474/33 1029/112/1117
f 1027/111/1109 1025/473/1100 1345/550/37
f 1345/550/37 1026/1/897 1028/4/870
f 1346/475/35 1027/111/1109 1345/550/37
s 5
f 2227/910/1962 2257/910/1962 2228/910/1962
s 6
f 2229/910/1963 2226/910/1963 2228/910/1963
s 7
f 2229/910/1964 2230/910/1964 2232/910/1964
s 8
f 2231/910/1965 2232/910/1965 2234/910/1965
s 9
f 2233/910/1966 2234/910/1966 2236/910/1966
s 10
f 2235/910/1967 2236/910/1967 2238/910/1967
s 11
f 2237/910/1968 2238/910/1968 2240/910/1968
s 12
f 2239/910/1969 2240/910/1969 2242/910/1969
s 13
f 2241/910/1970 2242/910/1970 2244/910/1970
s 14
f 2245/910/1971 2243/910/1971 2244/910/1971
s 15
f 2247/910/1972 2245/910/1972 2246/910/1972
s 16
f 2247/910/1973 2249/910/1973 2250/910/1973
s 17
f 2232/910/1974 2230/910/1974 2228/910/1974
f 2228/910/1974 2257/910/1974 2255/910/1974
f 2255/910/1974 2253/910/1974 2251/910/1974
f 2251/910/1974 2250/910/1974 2249/910/1974
f 2249/910/1974 2246/910/1974 2244/910/1974
f 2244/910/1974 2242/910/1974 2240/910/1974
f 2240/910/1974 2238/910/1974 2236/910/1974
f 2236/910/1974 2234/910/1974 2232/910/1974
f 2232/910/1974 2228/910/1974 2255/910/1974
f 2255/910/1974 2251/910/1974 2249/910/1974
f 2249/910/1974 2244/910/1974 2240/910/1974
f 2240/910/1974 2236/910/1974 2232/910/1974
f 2232/910/1974 2255/910/1974 2249/910/1974
s 18
f 2248/910/1975 2250/910/1975 2251/910/1975
s 19
f 2252/910/1976 2251/910/1976 2253/910/1976
s 20
f 2254/910/1977 2253/910/1977 2255/910/1977
s 21
f 2256/910/1978 2255/910/1978 2257/910/1978
s 22
f 2259/910/1963 2258/910/1993 2260/910/1963
s 23
f 2261/910/1962 2263/910/1962 2260/910/1962
s 24
f 2262/910/1978 2264/910/1978 2263/910/1978
s 25
f 2288/910/1974 2289/910/1974 2260/910/1974
f 2260/910/1974 2263/910/1974 2264/910/1974
f 2264/910/1974 2265/910/1974 2266/910/1974
f 2266/910/1974 2271/910/1974 2272/910/1974
f 2272/910/1974 2273/910/1974 2274/910/1974
f 2274/910/1974 2279/910/1974 2280/910/1974
f 2280/910/1974 2281/910/1974 2282/910/1974
f 2282/910/1974 2287/910/1974 2288/910/1974
f 2288/910/1974 2260/910/1974 2264/910/1974
f 2264/910/1974 2266/910/1974 2272/910/1974
f 2272/910/1974 2274/910/1974 2280/910/1974
f 2280/910/1974 2282/910/1974 2288/910/1974
f 2288/910/1974 2264/910/1974 2272/910/1974
s 26
f 2267/910/1977 2265/910/1977 2264/910/1977
s 27
f 2268/910/1976 2266/910/1976 2265/910/1976
s 28
f 2269/910/1975 2271/910/1975 2266/910/1975
s 29
f 2270/910/1973 2272/910/1973 2271/910/1973
s 30
f 2270/910/1972 2275/910/1972 2273/910/1972
s 31
f 2276/910/1971 2274/910/1971 2273/910/1971
s 32
f 2277/910/1970 2279/910/1970 2274/910/1970
s 33
f 2277/910/1969 2278/910/1969 2280/910/1969
s 34
f 2283/910/1968 2281/910/1968 2280/910/1968
s 35
f 2284/910/1967 2282/910/1967 2281/910/1967
s 36
f 2285/910/1966 2287/910/1966 2282/910/1966
s 37
f 2286/910/1965 2288/910/1965 2287/910/1965
s 38
f 2259/910/1964 2289/910/1964 2288/910/1964
s 39
f 2291/910/1962 2321/910/1962 2292/910/1962
s 40
f 2290/910/1963 2292/910/1963 2294/910/1963
s 41
f 2295/910/1964 2293/910/1964 2294/910/1964
s 42
f 2295/910/1965 2296/910/1965 2298/910/1965
s 43
f 2297/910/1966 2298/910/1966 2301/910/1966
s 44
f 2299/910/1967 2301/910/1967 2302/910/1967
s 45
f 2296/910/1974 2294/910/1974 2292/910/1974
f 2292/910/1974 2321/910/1974 2319/910/1974
f 2319/910/1974 2317/910/1974 2315/910/1974
f 2315/910/1974 2313/910/1974 2311/910/1974
f 2311/910/1974 2309/910/1974 2307/910/1974
f 2307/910/1974 2305/910/1974 2303/910/1974
f 2303/910/1974 2302/910/1974 2301/910/1974
f 2301/910/1974 2298/910/1974 2296/910/1974
f 2296/910/1974 2292/910/1974 2319/910/1974
f 2319/910/1974 2315/910/1974 2311/910/1974
f 2311/910/1974 2307/910/1974 2303/910/1974
f 2303/910/1974 2301/910/1974 2296/910/1974
f 2296/910/1974 2319/910/1974 2311/910/1974
s 46
f 2300/910/1968 2302/910/1968 2303/910/1968
s 47
f 2304/910/1969 2303/910/1969 2305/910/1969
s 48
f 2306/910/1970 2305/910/1970 2307/910/1970
s 49
f 2308/910/1971 2307/910/1971 2309/910/1971
s 50
f 2310/910/1972 2309/910/1972 2311/910/1972
s 51
f 2312/910/1973 2311/910/1973 2313/910/1973
s 52
f 2316/910/1975 2314/910/1975 2313/910/1975
s 53
f 2316/910/1976 2315/910/1976 2317/910/1976
s 54
f 2320/910/1977 2318/910/1977 2317/910/1977
s 55
f 2320/910/1978 2319/910/1978 2321/910/1978
s 56
f 2323/910/1962 2353/910/1962 2324/910/1962
s 57
f 2322/910/1963 2324/910/1963 2326/910/1963
s 58
f 2325/910/1964 2326/910/1964 2328/910/1964
s 59
f 2327/910/1965 2328/910/1965 2330/910/1965
s 60
f 2329/910/1966 2330/910/1966 2332/910/1966
s 61
f 2331/910/1967 2332/910/1967 2334/910/1967
s 62
f 2333/910/1968 2334/910/1968 2336/910/1968
s 63
f 2337/910/1969 2335/910/1969 2336/910/1969
s 64
f 2337/910/1970 2338/910/1970 2340/910/1970
s 65
f 2339/910/1971 2340/910/1971 2342/910/1971
s 66
f 2341/910/1972 2342/910/1972 2344/910/1972
s 67
f 2345/910/1973 2343/910/1973 2344/910/1973
s 68
f 2345/910/1975 2346/910/1975 2348/910/1975
s 69
f 2347/910/1976 2348/910/1976 2350/910/1976
s 70
f 2349/910/1977 2350/910/1977 2352/910/1977
s 71
f 2351/910/1978 2352/910/1978 2353/910/1978
s 72
f 2328/910/1974 2326/910/1974 2324/910/1974
f 2324/910/1974 2353/910/1974 2352/910/1974
f 2352/910/1974 2350/910/1974 2348/910/1974
f 2348/910/1974 2346/910/1974 2344/910/1974
f 2344/910/1974 2342/910/1974 2340/910/1974
f 2340/910/1974 2338/910/1974 2336/910/1974
f 2336/910/1974 2334/910/1974 2332/910/1974
f 2332/910/1974 2330/910/1974 2328/910/1974
f 2328/910/1974 2324/910/1974 2352/910/1974
f 2352/910/1974 2348/910/1974 2344/910/1974
f 2344/910/1974 2340/910/1974 2336/910/1974
f 2336/910/1974 2332/910/1974 2328/910/1974
f 2328/910/1974 2352/910/1974 2344/910/1974
s 3
g Tire_playerColor_steel
usemtl playerColor_steel
f 1377/551/1127 1392/552/1128 1378/553/1129
f 1378/553/1129 1380/554/1130 1379/82/1131
f 1380/554/1130 1381/555/1132 1379/82/1131
f 1380/554/1130 1382/556/1133 1381/86/1132
f 1382/556/1133 1383/557/1134 1381/86/1132
f 1386/558/1135 1382/556/1133 1378/553/1129
f 1382/556/1133 1384/559/1136 1383/90/1134
f 1384/559/1136 1385/560/1137 1383/90/1134
f 1384/559/1136 1386/558/1135 1385/94/1137
f 1385/94/1137 1386/558/1135 1387/561/1138
f 1387/561/1138 1386/558/1135 1388/562/1139
f 1387/98/1138 1388/562/1139 1389/563/1140
f 1389/563/1140 1388/562/1139 1390/564/1141
f 1389/102/1140 1390/564/1141 1391/565/1142
f 1391/565/1142 1390/564/1141 1392/552/1128
f 1383/557/1134 1387/561/1138 1391/565/1142
f 1377/551/1127 1391/106/1142 1392/552/1128
f 1377/473/1127 1378/553/1129 1379/566/1131
s 4
f 1396/58/1143 1427/66/1144 1395/66/1145
f 1422/6/1146 1455/4/1147 1454/6/1148
f 1409/36/1149 1442/34/1150 1441/36/1151
f 1397/55/1152 1428/58/1153 1396/58/1143
f 1424/1/1154 1455/4/1147 1423/4/1155
f 2158/567/1156 1443/32/1157 2159/568/1158
f 2080/569/1159 1561/13/1160 1560/50/1161
f 1394/53/1162 1425/63/1163 1393/63/1164
f 1411/32/1165 1444/30/1166 1443/32/1157
f 1399/67/1167 1430/68/1168 1398/68/1169
f 1413/27/1170 1444/30/1166 1412/30/1171
f 1400/50/1172 1431/67/1173 1399/67/1167
f 2175/570/1174 1446/65/1175 2176/571/1176
f 1401/13/1177 1432/50/1178 1400/50/1172
f 1414/65/1179 1447/22/1180 1446/65/1175
f 1402/69/1181 1433/13/1182 1401/13/1177
f 1416/20/1183 1447/22/1180 1415/22/1184
f 2209/572/1185 1435/48/1186 2210/573/1187
f 1416/20/1183 1449/18/1188 1448/20/1189
f 1404/46/1190 1435/48/1186 1403/48/1191
f 1418/15/1192 1449/18/1188 1417/18/1193
f 1405/44/1194 1436/46/1195 1404/46/1190
f 2141/574/1196 1451/64/1197 2142/575/1198
f 2192/576/1199 1438/42/1200 2193/577/1201
f 1420/10/1202 1451/64/1197 1419/64/1203
f 1406/42/1204 1439/40/1205 1438/42/1200
f 1424/60/1154 1425/63/1163 1456/60/1206
f 1421/8/1207 1452/10/1208 1420/10/1202
f 1407/40/1209 1440/38/1210 1439/40/1205
f 2107/578/1211 1427/66/1144 2108/579/1212
f 2039/580/1213 1952/581/1214 1575/22/1215
f 1409/36/1149 1440/38/1210 1408/38/1216
f 1431/67/1173 1462/68/1217 1430/68/1168
f 1444/30/1166 1477/27/1218 1476/30/1219
f 1432/50/1178 1463/67/1220 1431/67/1173
f 2176/571/1176 1478/65/1221 2177/582/1222
f 1432/50/1178 1465/13/1223 1464/50/1224
f 1446/65/1175 1479/22/1225 1478/65/1221
f 1433/13/1182 1466/69/1226 1465/13/1223
f 1448/20/1189 1479/22/1225 1447/22/1180
f 2210/573/1187 1467/48/1227 2211/583/1228
f 1448/20/1189 1481/18/1229 1480/20/1230
f 1435/48/1186 1468/46/1231 1467/48/1227
f 1450/15/1232 1481/18/1229 1449/18/1188
f 1436/46/1195 1469/44/1233 1468/46/1231
f 2142/575/1198 1483/64/1234 2143/584/1235
f 2193/577/1201 1470/42/1236 2194/585/1237
f 1452/10/1208 1483/64/1234 1451/64/1197
f 1439/40/1205 1470/42/1236 1438/42/1200
f 1425/63/1163 1488/60/1238 1456/60/1206
f 1452/10/1208 1485/8/1239 1484/10/1240
f 1440/38/1210 1471/40/1241 1439/40/1205
f 2108/579/1212 1459/66/1242 2109/586/1243
f 2125/587/1244 1486/6/1245 2126/588/1246
f 1440/38/1210 1473/36/1247 1472/38/1248
f 1427/66/1144 1460/58/1249 1459/66/1242
f 1454/6/1148 1487/4/1250 1486/6/1245
f 1441/36/1151 1474/34/1251 1473/36/1247
f 1429/55/1252 1460/58/1249 1428/58/1153
f 1455/4/1147 1488/1/1238 1487/4/1250
f 2159/568/1158 1475/32/1253 2160/589/1254
f 2091/590/1255 1462/68/1217 2092/591/1256
f 1426/53/1257 1457/63/1258 1425/63/1163
f 1444/30/1166 1475/32/1253 1443/32/1157
f 1465/13/1223 1498/69/1259 1497/13/1260
f 1480/20/1230 1511/22/1261 1479/22/1225
f 2211/583/1228 1499/48/1262 2212/592/1263
f 1481/18/1229 1512/20/1264 1480/20/1230
f 1467/48/1227 1500/46/1265 1499/48/1262
f 1482/15/1266 1513/18/1267 1481/18/1229
f 1468/46/1231 1501/44/1268 1500/46/1265
f 1483/64/1234 2144/593/1269 2143/584/1235
f 2194/585/1237 1502/42/1270 2195/594/1271
f 1484/10/1240 1515/64/1272 1483/64/1234
f 1470/42/1236 1503/40/1273 1502/42/1270
f 1488/60/1238 1489/63/1274 1520/60/1275
f 1485/8/1239 1516/10/1276 1484/10/1240
f 1472/38/1248 1503/40/1273 1471/40/1241
f 2109/586/1243 1491/66/1277 2110/595/1278
f 1486/6/1245 2127/596/1279 2126/588/1246
f 1472/38/1248 1505/36/1280 1504/38/1281
f 1459/66/1242 1492/58/1282 1491/66/1277
f 1487/4/1250 1518/6/1283 1486/6/1245
f 1474/34/1251 1505/36/1280 1473/36/1247
f 1460/58/1249 1493/55/1284 1492/58/1282
f 1488/1/1238 1519/4/1285 1487/4/1250
f 1475/32/1253 2161/597/1286 2160/589/1254
f 2092/591/1256 1494/68/1287 2093/598/1288
f 1457/63/1258 1490/53/1289 1489/63/1274
f 1476/30/1219 1507/32/1290 1475/32/1253
f 1462/68/1217 1495/67/1291 1494/68/1287
f 1477/27/1218 1508/30/1292 1476/30/1219
f 1463/67/1220 1496/50/1293 1495/67/1291
f 1478/65/1221 2178/599/1294 2177/582/1222
f 1464/50/1224 1497/13/1260 1496/50/1293
f 1479/22/1225 1510/65/1295 1478/65/1221
f 1770/600/1296 1532/46/1297 1798/601/1298
f 2153/602/1299 1547/64/1300 2145/603/1301
f 1772/42/1302 2196/604/1303 2204/605/1304
f 1771/64/1305 1548/10/1306 1547/64/1300
f 1772/42/1302 1535/40/1307 1534/42/1308
f 2066/606/1309 1521/63/1310 2060/607/1311
f 1773/10/1312 1549/8/1313 1548/10/1306
f 2016/608/1314 1536/38/1315 2010/609/1316
f 2119/610/1317 1523/66/1318 2111/611/1319
f 1779/6/1320 2128/612/1321 2136/613/1322
f 2026/614/1323 1537/36/1324 2020/615/1325
f 1781/616/1326 1523/66/1318 1778/66/1327
f 1779/6/1320 1551/4/1328 1550/6/1329
f 1783/34/1330 1537/36/1324 1780/36/1331
f 1784/55/1332 1524/58/1333 1781/616/1326
f 2056/617/1334 1552/1/1335 2050/618/1336
f 2170/619/1337 1539/32/1338 2162/620/1339
f 1786/621/1340 2094/622/1341 2102/623/1342
f 1801/53/1343 1521/63/1310 1775/63/1344
f 1785/32/1345 1540/30/1346 1539/32/1338
f 1788/624/1347 1526/68/1348 1786/621/1340
f 1787/625/1349 1541/27/1350 1540/30/1346
f 1790/50/1351 2070/626/1352 2076/627/1353
f 2187/628/1354 1542/65/1355 2179/629/1356
f 1791/630/1357 1543/22/1358 1542/65/1355
f 1794/69/1359 1529/13/1360 1792/631/1361
f 2036/632/1362 1544/20/1363 2030/633/1364
f 2221/634/1365 1531/48/1366 2213/635/1367
f 2046/636/1368 1545/18/1369 2040/637/1370
f 1798/601/1298 1531/48/1366 1796/638/1371
f 1797/639/1372 1546/15/1373 1545/18/1369
f 2162/620/1339 1571/32/1374 2163/640/1375
f 1526/68/1348 2095/641/1376 2094/622/1341
f 1521/63/1310 1554/53/1377 1553/63/1378
f 1539/32/1338 1572/30/1379 1571/32/1374
f 1527/67/1380 1558/68/1381 1526/68/1348
f 1540/30/1346 1573/27/1382 1572/30/1379
f 2070/626/1352 1560/50/1161 2071/642/1383
f 1542/65/1355 2180/643/1384 2179/629/1356
f 2086/644/1385 1529/13/1360 1528/50/1386
f 1543/22/1358 1574/65/1387 1542/65/1355
f 1529/13/1360 1562/69/1388 1561/13/1160
f 2030/633/1364 1576/20/1389 2031/645/1390
f 2213/635/1367 1563/48/1391 2214/646/1392
f 2040/637/1370 1577/18/1393 2041/647/1394
f 1532/46/1297 1563/48/1391 1531/48/1366
f 1545/18/1369 1578/15/1395 1577/18/1393
f 1532/46/1297 1565/44/1396 1564/46/1397
f 2145/603/1301 1579/64/1398 2146/648/1399
f 1534/42/1308 2197/649/1400 2196/604/1303
f 1548/10/1306 1579/64/1398 1547/64/1300
f 1535/40/1307 1566/42/1401 1534/42/1308
f 2090/650/1402 1430/68/1168 2091/590/1255
f 1549/8/1313 1580/10/1403 1548/10/1306
f 2010/609/1316 1568/38/1404 2011/651/1405
f 2111/611/1319 1555/66/1406 2112/652/1407
f 1550/6/1329 2129/653/1408 2128/612/1321
f 2020/615/1325 1569/36/1409 2021/654/1410
f 1524/58/1333 1555/66/1406 1523/66/1318
f 1551/4/1328 1582/6/1411 1550/6/1329
f 1537/36/1324 1570/34/1412 1569/36/1409
f 1525/55/1413 1556/58/1414 1524/58/1333
f 2050/618/1336 1584/1/1415 2051/655/1416
f 2185/656/1417 1606/65/1418 2181/657/1419
f 2085/658/1420 1593/13/1421 2082/659/1422
f 1718/660/1423 1606/65/1418 1714/630/1424
f 1716/661/1425 1594/69/1426 1593/13/1421
f 2035/662/1427 1608/20/1428 2032/663/1429
f 2219/664/1430 1595/48/1431 2215/665/1432
f 2045/666/1433 1609/18/1434 2042/667/1435
f 1723/668/1436 1595/48/1431 1721/48/1437
f 1722/639/1438 1610/15/1439 1609/18/1434
f 1725/44/1440 1596/46/1441 1723/668/1436
f 2151/669/1442 1611/64/1443 2147/670/1444
f 2202/671/1445 1598/42/1446 2198/672/1447
f 1728/10/1448 1611/64/1443 1726/64/1449
f 1729/673/1450 1598/42/1446 1727/42/1451
f 2065/674/1452 1585/63/1453 2062/675/1454
f 1732/8/1455 1612/10/1456 1728/10/1448
f 2015/676/1457 1600/38/1458 2012/677/1459
f 2117/678/1460 1587/66/1461 2113/679/1462
f 2134/680/1463 1614/6/1464 2130/681/1465
f 2025/682/1466 1601/36/1467 2022/683/1468
f 1738/58/1469 1587/66/1461 1734/684/1470
f 1739/685/1471 1614/6/1464 1736/6/1472
f 1737/686/1473 1602/34/1474 1601/36/1467
f 1738/58/1469 1589/55/1475 1588/58/1476
f 2058/687/1477 2003/688/1478 2051/655/1416
f 2168/689/1479 1603/32/1480 2164/690/1481
f 2100/691/1482 1590/68/1483 2096/692/1484
f 1730/693/1485 1586/53/1486 1585/63/1453
f 1742/32/1487 1604/30/1488 1603/32/1480
f 1745/67/1489 1590/68/1483 1743/694/1490
f 1744/30/1491 1605/27/1492 1604/30/1488
f 2075/695/1493 1592/50/1494 2072/696/1495
f 2042/667/1435 1641/18/1496 2043/697/1497
f 1596/46/1441 1627/48/1498 1595/48/1431
f 1610/15/1439 1641/18/1496 1609/18/1434
f 1597/44/1499 1628/46/1500 1596/46/1441
f 2147/670/1444 1643/64/1501 2148/698/1502
f 2198/672/1447 1630/42/1503 2199/699/1504
f 1611/64/1443 1644/10/1505 1643/64/1501
f 1598/42/1446 1631/40/1506 1630/42/1503
f 2062/675/1454 1617/63/1507 2063/700/1508
f 1612/10/1456 1645/8/1509 1644/10/1505
f 2012/677/1459 1632/38/1510 2013/701/1511
f 2113/679/1462 1619/66/1512 2114/702/1513
f 2130/681/1465 1646/6/1514 2131/703/1515
f 2022/683/1468 1633/36/1516 2023/704/1517
f 1588/58/1476 1619/66/1512 1587/66/1461
f 1615/4/1518 1646/6/1514 1614/6/1464
f 1601/36/1467 1634/34/1519 1633/36/1516
f 1588/58/1476 1621/55/1520 1620/58/1521
f 2052/705/1522 1648/1/1523 2053/706/1524
f 2164/690/1481 1635/32/1525 2165/707/1526
f 2096/692/1484 1622/68/1527 2097/708/1528
f 1585/63/1453 1618/53/1529 1617/63/1507
f 1603/32/1480 1636/30/1530 1635/32/1525
f 1591/67/1531 1622/68/1527 1590/68/1483
f 1605/27/1492 1636/30/1530 1604/30/1488
f 2072/696/1495 1624/50/1532 2073/709/1533
f 2181/657/1419 1638/65/1534 2182/710/1535
f 2082/659/1422 1625/13/1536 2083/711/1537
f 1606/65/1418 1639/22/1538 1638/65/1534
f 1594/69/1426 1625/13/1536 1593/13/1421
f 2032/663/1429 1640/20/1539 2033/712/1540
f 2215/665/1432 1627/48/1498 2216/713/1541
f 1644/10/1505 1675/64/1542 1643/64/1501
f 1631/40/1506 1662/42/1543 1630/42/1503
f 2063/700/1508 1649/63/1544 2064/714/1545
f 1644/10/1505 1677/8/1546 1676/10/1547
f 2013/701/1511 1664/38/1548 2014/715/1549
f 2073/709/1533 1656/50/1550 2074/716/1551
f 2131/703/1515 1678/6/1552 2132/717/1553
f 2023/704/1517 1665/36/1554 2024/718/1555
f 1620/58/1521 1651/66/1556 1619/66/1512
f 1646/6/1514 1679/4/1557 1678/6/1552
f 1634/34/1519 1665/36/1554 1633/36/1516
f 1621/55/1520 1652/58/1558 1620/58/1521
f 2053/706/1524 1680/1/1559 2054/719/1560
f 2165/707/1526 1667/32/1561 2166/720/1562
f 2097/708/1528 1654/68/1563 2098/721/1564
f 1618/53/1529 1649/63/1544 1617/63/1507
f 1635/32/1525 1668/30/1565 1667/32/1561
f 1623/67/1566 1654/68/1563 1622/68/1527
f 1636/30/1530 1669/27/1567 1668/30/1565
f 2055/722/1477 1616/1/1568 2052/705/1522
f 2182/710/1535 1670/65/1569 2183/723/1570
f 2083/711/1537 1657/13/1571 2084/724/1572
f 1638/65/1534 1671/22/1573 1670/65/1569
f 1626/69/1574 1657/13/1571 1625/13/1536
f 2033/712/1540 1672/20/1575 2034/725/1576
f 2216/713/1541 1659/48/1577 2217/726/1578
f 2079/727/1579 1947/50/1580 1977/728/1581
f 1628/46/1500 1659/48/1577 1627/48/1498
f 1641/18/1496 1674/15/1582 1673/18/1583
f 1629/44/1584 1660/46/1585 1628/46/1500
f 2148/698/1502 1675/64/1542 2149/729/1586
f 2199/699/1504 1662/42/1543 2200/730/1587
f 2064/731/1545 1681/732/1588 1680/1/1559
f 1649/63/1544 1650/53/1589 1681/732/1588
f 2115/733/1590 1681/732/1588 1650/53/1589
f 1651/66/1556 1652/58/1558 1681/732/1588
f 1652/58/1558 1653/55/1591 1681/732/1588
f 2098/721/1564 1681/732/1588 1653/55/1591
f 1654/68/1563 1655/67/1592 1681/732/1588
f 2074/716/1551 1681/732/1588 1655/67/1592
f 2084/724/1572 1681/732/1588 1656/50/1550
f 1657/13/1571 1658/69/1593 1681/732/1588
f 2217/726/1578 1681/732/1588 1658/69/1593
f 1659/48/1577 1660/46/1585 1681/732/1588
f 1660/46/1585 1661/44/1594 1681/732/1588
f 2200/730/1587 1681/732/1588 1661/44/1594
f 1662/42/1543 1663/40/1595 1681/732/1588
f 2014/715/1549 1681/732/1588 1663/40/1595
f 2024/718/1555 1681/732/1588 1664/38/1548
f 1665/36/1554 1666/34/1596 1681/732/1588
f 2166/720/1562 1681/732/1588 1666/34/1596
f 1667/32/1561 1668/30/1565 1681/732/1588
f 1668/30/1565 1669/27/1567 1681/732/1588
f 2183/723/1570 1681/732/1588 1669/27/1567
f 1670/65/1569 1671/22/1573 1681/732/1588
f 2034/725/1576 1681/732/1588 1671/22/1573
f 2044/734/1588 1681/732/1588 1672/20/1575
f 1673/18/1583 1674/15/1582 1681/732/1588
f 2149/729/1586 1681/732/1588 1674/15/1582
f 1675/64/1542 1676/10/1547 1681/732/1588
f 1676/10/1547 1677/8/1546 1681/732/1588
f 2132/717/1553 1681/732/1588 1677/8/1546
f 1678/6/1552 1679/4/1557 1681/732/1588
f 2054/719/1560 1681/732/1588 1679/4/1557
f 1410/34/1597 2167/735/1598 2158/567/1156
f 1397/55/1152 2099/736/1599 2090/650/1402
f 1394/53/1162 1682/63/1600 1683/53/1601
f 1412/30/1171 1700/32/1602 1701/30/1603
f 1399/67/1167 1687/68/1604 1688/67/1605
f 1412/30/1171 1702/27/1606 1413/27/1170
f 1399/67/1167 1689/50/1607 1400/50/1172
f 1413/27/1170 2184/737/1608 2175/570/1174
f 1401/13/1177 1689/50/1607 1690/13/1609
f 1415/22/1184 1703/65/1610 1704/22/1611
f 1401/13/1177 1691/69/1612 1402/69/1181
f 1415/22/1184 1705/20/1613 1416/20/1183
f 1402/69/1181 2218/738/1614 2209/572/1185
f 1416/20/1183 1706/18/1615 1417/18/1193
f 1403/48/1191 1693/46/1616 1404/46/1190
f 1417/18/1193 1707/15/1617 1418/15/1192
f 1405/44/1194 1693/46/1616 1694/44/1618
f 1418/15/1192 2150/739/1619 2141/574/1196
f 1405/44/1194 2201/740/1620 2192/576/1199
f 1420/10/1202 1708/64/1621 1709/10/1622
f 1406/42/1204 1696/40/1623 1407/40/1209
f 1393/63/1164 1713/60/1624 1682/63/1600
f 1421/8/1207 1709/10/1622 1710/8/1625
f 1407/40/1209 1697/38/1626 1408/38/1216
f 1394/53/1162 2116/741/1627 2107/578/1211
f 1421/8/1207 2133/742/1628 2124/743/1629
f 1409/36/1149 1697/38/1626 1698/36/1630
f 1395/66/1145 1685/58/1631 1396/58/1143
f 1423/4/1155 1711/6/1632 1712/4/1633
f 1410/34/1597 1698/36/1630 1699/34/1634
f 1396/58/1143 1686/55/1635 1397/55/1152
f 1423/4/1155 1713/1/1624 1424/1/1154
f 2078/744/1636 1717/50/1580 2075/695/1493
f 1946/745/1637 1744/30/1491 1976/30/1638
f 1977/728/1581 1743/694/1490 1975/746/1639
f 1976/30/1638 1742/32/1487 1974/747/1640
f 1964/748/1641 1735/53/1642 1730/693/1485
f 2105/749/1643 1743/694/1490 2100/691/1482
f 2173/750/1644 1742/32/1487 2168/689/1479
f 2058/687/1477 1731/751/1645 2055/722/1477
f 1970/752/1646 1741/55/1647 1738/58/1469
f 1969/753/1648 1740/34/1649 1737/686/1473
f 1971/754/1650 1736/6/1472 1968/755/1651
f 1967/756/1652 1738/58/1469 1734/684/1470
f 2028/757/1466 1737/686/1473 2025/682/1466
f 2139/758/1653 1736/6/1472 2134/680/1463
f 2122/759/1654 1734/684/1470 2117/678/1460
f 2114/702/1513 1651/66/1556 2115/733/1590
f 1962/760/1655 1732/8/1455 1728/10/1448
f 2068/761/1656 1730/693/1485 2065/674/1452
f 1963/762/1657 1727/42/1451 1961/763/1658
f 1962/760/1655 1726/64/1449 1960/764/1659
f 2207/765/1660 1727/42/1451 2202/671/1445
f 2156/766/1661 1726/64/1449 2151/669/1442
f 1957/767/1662 1725/44/1440 1723/668/1436
f 1956/768/1663 1724/769/1664 1722/639/1438
f 1957/767/1662 1721/48/1437 1955/770/1665
f 2048/771/1433 1722/639/1438 2045/666/1433
f 2224/772/1666 1721/48/1437 2219/664/1430
f 2038/773/1427 1720/774/1667 2035/662/1427
f 1951/775/1668 1719/776/1669 1716/661/1425
f 1952/581/1214 1714/630/1424 1950/777/1670
f 2088/778/1420 1716/661/1425 2085/658/1420
f 2190/779/1671 1714/630/1424 2185/656/1417
f 1893/780/1672 1748/15/1673 1769/18/1674
f 2223/781/1675 1768/782/1676 2220/783/1677
f 2018/784/1678 1995/785/1679 2011/651/1405
f 1942/786/1680 1766/787/1681 1764/786/1682
f 2189/788/1683 1764/786/1682 2186/789/1684
f 1903/790/1685 1761/791/1686 1902/792/1687
f 1881/793/1688 1751/63/1689 1882/63/1690
f 1902/792/1687 2101/794/1691 2104/795/1692
f 2172/796/1693 1760/32/1694 2169/797/1695
f 1931/798/1696 1758/799/1697 1756/36/1698
f 1877/6/1699 1757/685/1700 1755/6/1701
f 2138/800/1702 1755/6/1701 2135/801/1703
f 2121/802/1704 1753/66/1705 2118/803/1706
f 1923/804/1707 1749/42/1708 1922/805/1709
f 1922/805/1709 2203/806/1710 2206/807/1711
f 2124/743/1629 1454/6/1148 2125/587/1244
f 1888/639/1712 1799/71/1713 1797/639/1372
f 2222/808/1714 1796/638/1371 2221/634/1365
f 1907/69/1715 1792/631/1361 1906/809/1716
f 1937/65/1717 1793/810/1718 1791/630/1357
f 2188/811/1719 1791/630/1357 2187/628/1354
f 1898/77/1720 1786/621/1340 1897/68/1721
f 1866/812/1722 1775/63/1344 1867/63/1723
f 1897/68/1721 2102/623/1342 2103/813/1724
f 2171/814/1725 1785/32/1345 2170/619/1337
f 1927/34/1726 1780/36/1331 1926/815/1727
f 1872/6/1728 1782/4/1729 1779/6/1320
f 2137/816/1730 1779/6/1320 2136/613/1322
f 2120/817/1731 1778/66/1327 2119/610/1317
f 1917/818/1732 1774/819/1733 1772/42/1302
f 1917/818/1732 2204/605/1304 2205/820/1734
f 2154/821/1735 1771/64/1305 2153/602/1299
f 1766/787/1681 1940/810/1736 1938/810/1737
f 1752/8/1738 1879/8/1739 1876/822/1740
f 1883/66/1741 1803/66/1742 1885/823/1743
f 1781/616/1326 1849/66/1744 1851/616/1745
f 1768/782/1676 1910/638/1746 1908/824/1747
f 1516/10/1276 1821/64/1748 1515/64/1272
f 1520/60/1275 1802/63/1749 1825/60/1750
f 1777/825/1751 2027/826/1752 2026/614/1323
f 1888/639/1712 1863/639/1753 1890/18/1754
f 1516/10/1276 1823/8/1755 1822/10/1756
f 1756/36/1698 1934/36/1757 1931/798/1696
f 1492/58/1282 1803/66/1742 1491/66/1277
f 1878/827/1758 1824/4/1759 1880/828/1760
f 1492/58/1282 1805/55/1761 1804/58/1762
f 2016/608/1314 1845/819/1763 2017/829/1764
f 1520/1/1275 1824/4/1759 1519/4/1285
f 1773/10/1312 1847/8/1765 1776/8/1766
f 1759/830/1767 1904/55/1768 1901/55/1769
f 1800/60/1770 2067/831/1771 2066/606/1309
f 1916/832/1772 1842/600/1773 1919/600/1774
f 1933/32/1775 1815/32/1776 1935/32/1777
f 1496/50/1293 1806/67/1778 1495/67/1291
f 1798/601/1298 1862/638/1779 1864/601/1780
f 1747/64/1781 1889/64/1782 1887/833/1783
f 1496/50/1293 1808/13/1784 1807/50/1785
f 1773/10/1312 1843/64/1786 1844/10/1787
f 1795/20/1788 2047/834/1789 2046/636/1368
f 1903/790/1685 1806/67/1778 1905/67/1790
f 1750/804/1791 1920/835/1792 1918/804/1793
f 1763/836/1794 1944/27/1795 1941/27/1796
f 2036/632/1362 1860/810/1797 2037/837/1798
f 1867/63/1723 1846/63/1799 1869/63/1800
f 1500/46/1265 1809/48/1801 1499/48/1262
f 1798/601/1298 1842/600/1773 1770/600/1296
f 1871/8/1802 1847/8/1765 1874/8/1803
f 1765/13/1804 1914/13/1805 1911/13/1806
f 1500/46/1265 1811/44/1807 1810/46/1808
f 1753/66/1705 1870/66/1809 1868/823/1810
f 1943/838/1811 1818/22/1812 1945/810/1813
f 1790/50/1351 2087/839/1814 2086/644/1385
f 1926/815/1727 1850/36/1815 1929/36/1816
f 1913/782/1817 1809/48/1801 1915/638/1818
f 1504/38/1281 1812/40/1819 1503/40/1273
f 2076/627/1353 1856/624/1820 2077/840/1821
f 1757/685/1700 1875/685/1822 1873/841/1823
f 1769/18/1674 1895/18/1824 1893/780/1672
f 1504/38/1281 1814/36/1825 1813/38/1826
f 1787/625/1349 1857/842/1827 1789/842/1828
f 1896/55/1829 1853/55/1830 1899/79/1831
f 1787/625/1349 1854/32/1832 1855/625/1833
f 1760/32/1694 1930/32/1834 1928/32/1835
f 1746/843/1836 1924/844/1837 1921/44/1838
f 1508/30/1292 1815/32/1776 1507/32/1290
f 1508/30/1292 1817/27/1839 1816/30/1840
f 1892/64/1841 1821/64/1748 1894/845/1842
f 1762/790/1843 1900/846/1844 1898/77/1720
f 1936/847/1845 1857/842/1827 1939/27/1846
f 2056/617/1334 1852/4/1847 2057/848/1848
f 1923/804/1707 1812/40/1819 1925/40/1849
f 1512/20/1264 1818/22/1812 1511/22/1261
f 1781/616/1326 1853/55/1830 1784/55/1332
f 1906/809/1716 1859/631/1850 1909/631/1851
f 1751/63/1689 1884/63/1852 1882/63/1690
f 1512/20/1264 1820/18/1853 1819/20/1854
f 1868/823/1810 1849/66/1744 1778/66/1327
f 1751/63/1689 1869/63/1800 1829/63/1855
f 2118/803/1706 1868/823/1810 2120/817/1731
f 1754/793/1856 1867/63/1723 1751/63/1689
f 1873/841/1823 1852/4/1847 1782/4/1729
f 1752/8/1738 1874/8/1803 1830/8/1857
f 2135/801/1703 1872/6/1728 2137/816/1730
f 1755/6/1701 1873/841/1823 1872/6/1728
f 1757/685/1700 1880/828/1760 1833/685/1858
f 1876/822/1740 1823/8/1755 1517/8/1859
f 2127/596/1279 1877/6/1699 2138/800/1702
f 1519/4/1285 1877/6/1699 1518/6/1283
f 1882/63/1690 1802/63/1749 1489/63/1274
f 1753/66/1705 1885/823/1743 1831/66/1860
f 2110/595/1278 1883/66/1741 2121/802/1704
f 1489/63/1274 1881/793/1688 1882/63/1690
f 1887/833/1783 1843/64/1786 1771/64/1305
f 1769/18/1674 1890/18/1754 1841/18/1861
f 2152/849/1862 1887/833/1783 2154/821/1735
f 1769/18/1674 1886/850/1863 1888/639/1712
f 1747/64/1781 1894/845/1842 1827/64/1864
f 1893/780/1672 1820/18/1853 1513/18/1267
f 2144/593/1269 1892/64/1841 2155/851/1865
f 1513/18/1267 1891/852/1866 1893/780/1672
f 1898/77/1720 1856/624/1820 1788/624/1347
f 1759/830/1767 1899/79/1831 1834/830/1867
f 2101/794/1691 1897/68/1721 2103/813/1724
f 1762/790/1843 1897/68/1721 1761/791/1686
f 1762/790/1843 1905/67/1790 1836/790/1868
f 1901/55/1769 1805/55/1761 1493/55/1284
f 2093/598/1288 1902/792/1687 2104/795/1692
f 1495/67/1291 1902/792/1687 1494/68/1287
f 1765/13/1804 1909/631/1851 1838/13/1869
f 1908/824/1747 1862/638/1779 1796/638/1371
f 1767/69/1870 1906/809/1716 1765/13/1804
f 2220/783/1677 1908/824/1747 2222/808/1714
f 1768/782/1676 1915/638/1818 1840/782/1871
f 1911/13/1806 1808/13/1784 1497/13/1260
f 2212/592/1263 1913/782/1817 2223/781/1675
f 1918/804/1793 1845/819/1763 1774/819/1733
f 1746/843/1836 1919/600/1774 1826/843/1872
f 2203/806/1710 1917/818/1732 2205/820/1734
f 1750/804/1791 1917/818/1732 1749/42/1708
f 1750/804/1791 1925/40/1849 1828/804/1873
f 1921/44/1838 1811/44/1807 1501/44/1268
f 2195/594/1271 1922/805/1709 2206/807/1711
f 1503/40/1273 1922/805/1709 1502/42/1270
f 1928/32/1835 1854/32/1832 1785/32/1345
f 1756/36/1698 1929/36/1816 1832/36/1874
f 1756/36/1698 1927/34/1726 1926/815/1727
f 2169/797/1695 1928/32/1835 2171/814/1725
f 1760/32/1694 1935/32/1777 1835/32/1875
f 1931/798/1696 1814/36/1825 1505/36/1280
f 1505/36/1280 1932/34/1876 1931/798/1696
f 2161/597/1286 1933/32/1775 2172/796/1693
f 1763/836/1794 1939/27/1846 1837/836/1877
f 1938/810/1737 1860/810/1797 1793/810/1718
f 2186/789/1684 1937/65/1717 2188/811/1719
f 1764/786/1682 1938/810/1737 1937/65/1717
f 1766/787/1681 1945/810/1813 1839/787/1878
f 1941/27/1796 1817/27/1839 1509/27/1879
f 2178/599/1294 1942/786/1680 2189/788/1683
f 1510/65/1295 1943/838/1811 1942/786/1680
f 2191/853/1880 1950/777/1670 2190/779/1671
f 2089/854/1420 1951/775/1668 2088/778/1420
f 1982/855/1881 1952/581/1214 1950/777/1670
f 1985/856/1882 1951/775/1668 1983/857/1883
f 2039/580/1213 1954/858/1667 2038/773/1427
f 2225/859/1884 1955/770/1665 2224/772/1666
f 2049/860/1433 1956/768/1663 2048/771/1433
f 1987/861/1885 1957/767/1662 1955/770/1665
f 1990/862/1886 1956/768/1663 1988/863/1887
f 1991/864/1888 1957/767/1662 1989/767/1889
f 2157/865/1890 1960/764/1659 2156/766/1661
f 2208/866/1891 1961/763/1658 2207/765/1660
f 1994/867/1892 1960/764/1659 1992/868/1893
f 1993/869/1894 1963/762/1657 1961/763/1658
f 2069/870/1895 1964/748/1641 2068/761/1656
f 1994/867/1892 1965/871/1896 1962/760/1655
f 2123/872/1897 1967/756/1652 2122/759/1654
f 2140/873/1898 1968/755/1651 2139/758/1653
f 1912/69/1899 1765/13/1804 1911/13/1806
f 2002/874/1900 1967/756/1652 1999/875/1901
f 2000/876/1902 1971/754/1650 1968/755/1651
f 2004/877/1903 1969/753/1648 2001/878/1904
f 2002/874/1900 1973/879/1905 1970/752/1646
f 2059/880/1906 1948/881/1907 2058/687/1477
f 2174/882/1908 1974/747/1640 2173/750/1644
f 2106/883/1909 1975/746/1639 2105/749/1643
f 1996/884/1910 1949/885/1911 1964/748/1641
f 2008/30/1912 1974/747/1640 2006/886/1913
f 2007/887/1914 1977/728/1581 1975/746/1639
f 1978/888/1915 1976/30/1638 2008/30/1912
f 2060/607/1311 1553/63/1378 2061/889/1916
f 2071/642/1383 1979/50/1580 2079/727/1579
f 1573/27/1382 2008/30/1912 1572/30/1379
f 1558/68/1381 2009/890/1917 2007/887/1914
f 1572/30/1379 2006/886/1913 1571/32/1374
f 1554/53/1377 1996/884/1910 1553/63/1378
f 1558/68/1381 2106/883/1909 2095/641/1376
f 2163/640/1375 2006/886/1913 2174/882/1908
f 2051/655/1416 1980/891/1918 2059/880/1906
f 1557/55/1919 2002/874/1900 1556/58/1414
f 1570/34/1412 2001/878/1904 1569/36/1409
f 1582/6/1411 2003/688/1478 2000/876/1902
f 1555/66/1406 2002/874/1900 1999/875/1901
f 2021/654/1410 2001/878/1904 2029/892/1466
f 1582/6/1411 2140/873/1898 2129/653/1408
f 2112/652/1407 1999/875/1901 2123/872/1897
f 2011/651/1405 1998/893/1920 2019/894/1921
f 1580/10/1403 1997/895/1922 1994/867/1892
f 2061/889/1916 1996/884/1910 2069/870/1895
f 1566/42/1401 1995/785/1679 1993/869/1894
f 1579/64/1398 1994/867/1892 1992/868/1893
f 1566/42/1401 2208/866/1891 2197/649/1400
f 2146/648/1399 1992/868/1893 2157/865/1890
f 1565/44/1396 1989/767/1889 1564/46/1397
f 1578/15/1395 1988/863/1887 1577/18/1393
f 1564/46/1397 1987/861/1885 1563/48/1391
f 2041/647/1394 1988/863/1887 2049/860/1433
f 2214/646/1392 1987/861/1885 2225/859/1884
f 2031/645/1390 1986/896/1667 2039/580/1213
f 1562/69/1388 1983/857/1883 1561/13/1160
f 1574/65/1387 1984/897/1923 1982/855/1881
f 2081/898/1924 1983/857/1883 2089/854/1420
f 1574/65/1387 2191/853/1880 2180/643/1384
f 1998/893/1920 1733/899/1920 2018/784/1678
f 1777/825/1751 2017/829/1764 1848/825/1925
f 2018/784/1678 1729/673/1450 1963/762/1657
f 2013/701/1511 1663/40/1595 1631/40/1506
f 2012/677/1459 1631/40/1506 1599/40/1926
f 2015/676/1457 1599/40/1926 1729/673/1450
f 2010/609/1316 1567/40/1927 1535/40/1307
f 2016/608/1314 1535/40/1307 1774/819/1733
f 2029/892/1466 1966/900/1928 1998/893/1920
f 2026/614/1323 1850/36/1815 1780/36/1331
f 2028/757/1466 1733/899/1920 1966/900/1928
f 2023/704/1517 1664/38/1548 1632/38/1510
f 2022/683/1468 1632/38/1510 1600/38/1458
f 2025/682/1466 1600/38/1458 1733/899/1920
f 2020/615/1325 1568/38/1404 1536/38/1315
f 2026/614/1323 1536/38/1315 1777/825/1751
f 1795/20/1788 2037/837/1798 1861/20/1929
f 2038/773/1427 1718/660/1423 1952/581/1214
f 2033/712/1540 1671/22/1573 1639/22/1538
f 2032/663/1429 1639/22/1538 1607/22/1930
f 2035/662/1427 1607/22/1930 1718/660/1423
f 2030/633/1364 1575/22/1215 1543/22/1358
f 2036/632/1362 1543/22/1358 1793/810/1718
f 2041/647/1394 1986/896/1667 1576/20/1389
f 2049/860/1433 1954/858/1667 1986/896/1667
f 2046/636/1368 1863/639/1753 1797/639/1372
f 2048/771/1433 1720/774/1667 1954/858/1667
f 2042/667/1435 1640/20/1539 1608/20/1428
f 2045/666/1433 1608/20/1428 1720/774/1667
f 2040/637/1370 1576/20/1389 1544/20/1363
f 1795/20/1788 2040/637/1370 1544/20/1363
f 2043/697/1497 1673/18/1583 1672/20/1575
f 1800/1/1770 2057/848/1848 1865/1/1931
f 2058/687/1477 1739/685/1471 1971/754/1650
f 2053/706/1524 1679/4/1557 1647/4/1932
f 2052/705/1522 1647/4/1932 1615/4/1518
f 2050/618/1336 1583/4/1933 1551/4/1328
f 2056/617/1334 1551/4/1328 1782/4/1729
f 2061/889/1916 1980/901/1918 1584/60/1415
f 2069/870/1895 1948/902/1907 1980/901/1918
f 2066/606/1309 1846/63/1799 1775/63/1344
f 2068/761/1656 1731/903/1645 1948/902/1907
f 2063/700/1508 1680/60/1559 1648/60/1523
f 2062/675/1454 1648/60/1523 1616/60/1568
f 2065/674/1452 1616/60/1568 1731/903/1645
f 2066/606/1309 1552/60/1335 1800/60/1770
f 2071/642/1383 2009/890/1917 1559/67/1934
f 1790/50/1351 2077/840/1821 1858/50/1935
f 2078/744/1636 1745/67/1489 1977/728/1581
f 2072/696/1495 1623/67/1566 1591/67/1531
f 2075/695/1493 1591/67/1531 1745/67/1489
f 2070/626/1352 1559/67/1934 1527/67/1380
f 2076/627/1353 1527/67/1380 1788/624/1347
f 2081/898/1924 1979/50/1580 1560/50/1161
f 2089/854/1420 1947/50/1580 1979/50/1580
f 2086/644/1385 1859/631/1850 1792/631/1361
f 2088/778/1420 1717/50/1580 1947/50/1580
f 2083/711/1537 1656/50/1550 1624/50/1532
f 2082/659/1422 1624/50/1532 1592/50/1494
f 2085/658/1420 1592/50/1494 1717/50/1580
f 2095/641/1376 2005/904/1936 1557/55/1919
f 2106/883/1909 1973/879/1905 2005/904/1936
f 2093/598/1288 1901/55/1769 1493/55/1284
f 2101/794/1691 1896/55/1829 1759/830/1767
f 2103/813/1724 1784/55/1332 1896/55/1829
f 2104/795/1692 1759/830/1767 1901/55/1769
f 2105/749/1643 1741/55/1647 1973/879/1905
f 1398/68/1169 2099/736/1599 1687/68/1604
f 2097/708/1528 1653/55/1591 1621/55/1520
f 2096/692/1484 1621/55/1520 1589/55/1475
f 2100/691/1482 1589/55/1475 1741/55/1647
f 2094/622/1341 1557/55/1919 1525/55/1413
f 2102/623/1342 1525/55/1413 1784/55/1332
f 1461/55/1937 2093/598/1288 1493/55/1284
f 2091/590/1255 1461/55/1937 1429/55/1252
f 1554/53/1377 2123/872/1897 1981/905/1938
f 2123/872/1897 1949/885/1911 1981/905/1938
f 2110/595/1278 1881/793/1688 1490/53/1289
f 2118/803/1706 1866/812/1722 1754/793/1856
f 2120/817/1731 1801/53/1343 1866/812/1722
f 2121/802/1704 1754/793/1856 1881/793/1688
f 2122/759/1654 1735/53/1642 1949/885/1911
f 1395/66/1145 2116/741/1627 1684/66/1939
f 2113/679/1462 1618/53/1529 1586/53/1486
f 2117/678/1460 1586/53/1486 1735/53/1642
f 1522/53/1940 2112/652/1407 1554/53/1377
f 1801/53/1343 2111/611/1319 1522/53/1940
f 1458/53/1941 2110/595/1278 1490/53/1289
f 2108/579/1212 1458/53/1941 1426/53/1257
f 2107/578/1211 1426/53/1257 1394/53/1162
f 2129/653/1408 1997/895/1922 1581/8/1942
f 2140/873/1898 1965/871/1896 1997/895/1922
f 2127/596/1279 1876/822/1740 1517/8/1859
f 2135/801/1703 1871/8/1802 1752/8/1738
f 2137/816/1730 1776/8/1766 1871/8/1802
f 2138/800/1702 1752/8/1738 1876/822/1740
f 2139/758/1653 1732/8/1455 1965/871/1896
f 1422/6/1146 2133/742/1628 1711/6/1632
f 2131/703/1515 1677/8/1546 1645/8/1509
f 2130/681/1465 1645/8/1509 1613/8/1943
f 2134/680/1463 1613/8/1943 1732/8/1455
f 2128/612/1321 1581/8/1942 1549/8/1313
f 2136/613/1322 1549/8/1313 1776/8/1766
f 2126/588/1246 1517/8/1859 1485/8/1239
f 2125/587/1244 1485/8/1239 1453/8/1944
f 1578/15/1395 2157/865/1890 1990/862/1886
f 2157/865/1890 1958/906/1945 1990/862/1886
f 2144/593/1269 1891/852/1866 1514/15/1946
f 2152/849/1862 1886/850/1863 1748/15/1673
f 1886/850/1863 2153/602/1299 1799/71/1713
f 2156/766/1661 1724/769/1664 1958/906/1945
f 1419/64/1203 2150/739/1619 1708/64/1621
f 2148/698/1502 1674/15/1582 1642/15/1947
f 2147/670/1444 1642/15/1947 1610/15/1439
f 2151/669/1442 1610/15/1439 1724/769/1664
f 1546/15/1373 2146/648/1399 1578/15/1395
f 1799/71/1713 2145/603/1301 1546/15/1373
f 2143/584/1235 1514/15/1946 1482/15/1266
f 2142/575/1198 1482/15/1266 1450/15/1232
f 2141/574/1196 1450/15/1232 1418/15/1192
f 1570/34/1412 2174/882/1908 2004/877/1903
f 2174/882/1908 1972/907/1948 2004/877/1903
f 2161/597/1286 1932/34/1876 1506/34/1949
f 2169/797/1695 1927/34/1726 1758/799/1697
f 1927/34/1726 2170/619/1337 1783/34/1330
f 2172/796/1693 1758/799/1697 1932/34/1876
f 2173/750/1644 1740/34/1649 1972/907/1948
f 1411/32/1165 2167/735/1598 1700/32/1602
f 2165/707/1526 1666/34/1596 1634/34/1519
f 2164/690/1481 1634/34/1519 1602/34/1474
f 2168/689/1479 1602/34/1474 1740/34/1649
f 1538/34/1950 2163/640/1375 1570/34/1412
f 1783/34/1330 2162/620/1339 1538/34/1950
f 2160/589/1254 1506/34/1949 1474/34/1251
f 2159/568/1158 1474/34/1251 1442/34/1150
f 2158/567/1156 1442/34/1150 1410/34/1597
f 2180/643/1384 1978/888/1915 1573/27/1382
f 2191/853/1880 1946/745/1637 1978/888/1915
f 2178/599/1294 1941/27/1796 1509/27/1879
f 2186/789/1684 1936/847/1845 1763/836/1794
f 2188/811/1719 1789/842/1828 1936/847/1845
f 2189/788/1683 1763/836/1794 1941/27/1796
f 2190/779/1671 1715/27/1951 1946/745/1637
f 1414/65/1179 2184/737/1608 1703/65/1610
f 2182/710/1535 1669/27/1567 1637/27/1952
f 2181/657/1419 1637/27/1952 1605/27/1492
f 2185/656/1417 1605/27/1492 1715/27/1951
f 2179/629/1356 1573/27/1382 1541/27/1350
f 2187/628/1354 1541/27/1350 1789/842/1828
f 2177/582/1222 1509/27/1879 1477/27/1218
f 2176/571/1176 1477/27/1218 1445/27/1953
f 2175/570/1174 1445/27/1953 1413/27/1170
f 2197/649/1400 1991/864/1888 1565/44/1396
f 2208/866/1891 1959/908/1954 1991/864/1888
f 2195/594/1271 1921/44/1838 1501/44/1268
f 2203/806/1710 1916/832/1772 1746/843/1836
f 2205/820/1734 1770/600/1296 1916/832/1772
f 2206/807/1711 1746/843/1836 1921/44/1838
f 2207/765/1660 1725/44/1440 1959/908/1954
f 1406/42/1204 2201/740/1620 1695/42/1955
f 2199/699/1504 1661/44/1594 1629/44/1584
f 2198/672/1447 1629/44/1584 1597/44/1499
f 2202/671/1445 1597/44/1499 1725/44/1440
f 2196/604/1303 1565/44/1396 1533/44/1956
f 2204/605/1304 1533/44/1956 1770/600/1296
f 1469/44/1233 2195/594/1271 1501/44/1268
f 2193/577/1201 1469/44/1233 1437/44/1957
f 2192/576/1199 1437/44/1957 1405/44/1194
f 1562/69/1388 2225/859/1884 1985/856/1882
f 2225/859/1884 1953/909/1958 1985/856/1882
f 2212/592/1263 1912/69/1899 1498/69/1259
f 2220/783/1677 1907/69/1715 1767/69/1870
f 2222/808/1714 1794/69/1359 1907/69/1715
f 2223/781/1675 1767/69/1870 1912/69/1899
f 2224/772/1666 1719/776/1669 1953/909/1958
f 1403/48/1191 2218/738/1614 1692/48/1959
f 2216/713/1541 1658/69/1593 1626/69/1574
f 2215/665/1432 1626/69/1574 1594/69/1426
f 2219/664/1430 1594/69/1426 1719/776/1669
f 1530/69/1960 2214/646/1392 1562/69/1388
f 2221/634/1365 1530/69/1960 1794/69/1359
f 1466/69/1226 2212/592/1263 1498/69/1259
f 2210/573/1187 1466/69/1226 1434/69/1961
f 2209/572/1185 1434/69/1961 1402/69/1181
f 2155/851/1865 1747/64/1781 1748/15/1673
s 73
f 2354/551/1127 2358/106/1142 2355/552/1128
f 2354/551/1127 2355/552/1128 2356/553/1129
f 2354/473/1127 2356/553/1129 2357/566/1131
f 2366/557/1134 2362/561/1138 2358/565/1142
f 2358/565/1142 2359/564/1141 2355/552/1128
f 2360/102/1140 2359/564/1141 2358/565/1142
f 2360/563/1140 2361/562/1139 2359/564/1141
f 2362/98/1138 2361/562/1139 2360/563/1140
f 2362/561/1138 2363/558/1135 2361/562/1139
f 2364/94/1137 2363/558/1135 2362/561/1138
f 2365/559/1136 2363/558/1135 2364/94/1137
f 2365/559/1136 2364/560/1137 2366/90/1134
f 2367/556/1133 2365/559/1136 2366/90/1134
f 2367/556/1133 2366/557/1134 2368/86/1132
f 2369/554/1130 2367/556/1133 2368/86/1132
f 2369/554/1130 2368/555/1132 2357/82/1131
f 2363/558/1135 2367/556/1133 2356/553/1129
f 2356/553/1129 2369/554/1130 2357/82/1131
s 74
f 2370/551/1127 2374/106/1142 2371/552/1128
f 2370/551/1127 2371/552/1128 2372/553/1129
f 2370/473/1127 2372/553/1129 2373/566/1131
f 2382/557/1134 2378/561/1138 2374/565/1142
f 2374/565/1142 2375/564/1141 2371/552/1128
f 2376/102/1140 2375/564/1141 2374/565/1142
f 2376/563/1140 2377/562/1139 2375/564/1141
f 2378/98/1138 2377/562/1139 2376/563/1140
f 2378/561/1138 2379/558/1135 2377/562/1139
f 2380/94/1979 2379/558/1135 2378/561/1138
f 2381/559/1136 2379/558/1135 2380/94/1979
f 2381/559/1136 2380/560/1979 2382/90/1134
f 2383/556/1133 2381/559/1136 2382/90/1134
f 2383/556/1133 2382/557/1134 2384/86/1132
f 2385/554/1130 2383/556/1133 2384/86/1132
f 2385/554/1130 2384/555/1132 2373/82/1131
f 2379/558/1135 2383/556/1133 2372/553/1129
f 2372/553/1129 2385/554/1130 2373/82/1131
s 75
f 2386/551/1127 2390/106/1142 2387/552/1128
f 2386/551/1127 2387/552/1128 2388/553/1129
f 2386/473/1127 2388/553/1129 2389/566/1131
f 2398/557/1134 2394/561/1138 2390/565/1142
f 2390/565/1142 2391/564/1141 2387/552/1128
f 2392/102/1140 2391/564/1141 2390/565/1142
f 2392/563/1140 2393/562/1139 2391/564/1141
f 2394/98/1138 2393/562/1139 2392/563/1140
f 2394/561/1138 2395/558/1135 2393/562/1139
f 2396/94/1137 2395/558/1135 2394/561/1138
f 2397/559/1136 2395/558/1135 2396/94/1137
f 2397/559/1136 2396/560/1137 2398/90/1134
f 2399/556/1980 2397/559/1136 2398/90/1134
f 2399/556/1980 2398/557/1134 2400/86/1132
f 2401/554/1130 2399/556/1980 2400/86/1132
f 2401/554/1130 2400/555/1132 2389/82/1131
f 2395/558/1135 2399/556/1980 2388/553/1129
f 2388/553/1129 2401/554/1130 2389/82/1131
s 3
f 1378/553/1129 1392/552/1128 1390/564/1141
f 1390/564/1141 1388/562/1139 1386/558/1135
f 1386/558/1135 1384/559/1136 1382/556/1133
f 1382/556/1133 1380/554/1130 1378/553/1129
f 1378/553/1129 1390/564/1141 1386/558/1135
f 1391/565/1142 1377/551/1127 1379/566/1131
f 1379/566/1131 1381/555/1132 1383/557/1134
f 1383/557/1134 1385/560/1137 1387/561/1138
f 1387/561/1138 1389/563/1140 1391/565/1142
f 1391/565/1142 1379/566/1131 1383/557/1134
s 4
f 1396/58/1143 1428/58/1153 1427/66/1144
f 1422/6/1146 1423/4/1155 1455/4/1147
f 1409/36/1149 1410/34/1597 1442/34/1150
f 1397/55/1152 1429/55/1252 1428/58/1153
f 1424/1/1154 1456/1/1206 1455/4/1147
f 2158/567/1156 1411/32/1165 1443/32/1157
f 1560/50/1161 1528/50/1386 2080/569/1159
f 2080/569/1159 1529/13/1360 1561/13/1160
f 1561/13/1160 2081/898/1924 1560/50/1161
f 1394/53/1162 1426/53/1257 1425/63/1163
f 1411/32/1165 1412/30/1171 1444/30/1166
f 1399/67/1167 1431/67/1173 1430/68/1168
f 1413/27/1170 1445/27/1953 1444/30/1166
f 1400/50/1172 1432/50/1178 1431/67/1173
f 2175/570/1174 1414/65/1179 1446/65/1175
f 1401/13/1177 1433/13/1182 1432/50/1178
f 1414/65/1179 1415/22/1184 1447/22/1180
f 1402/69/1181 1434/69/1961 1433/13/1182
f 1416/20/1183 1448/20/1189 1447/22/1180
f 2209/572/1185 1403/48/1191 1435/48/1186
f 1416/20/1183 1417/18/1193 1449/18/1188
f 1404/46/1190 1436/46/1195 1435/48/1186
f 1418/15/1192 1450/15/1232 1449/18/1188
f 1405/44/1194 1437/44/1957 1436/46/1195
f 2141/574/1196 1419/64/1203 1451/64/1197
f 2192/576/1199 1406/42/1204 1438/42/1200
f 1420/10/1202 1452/10/1208 1451/64/1197
f 1406/42/1204 1407/40/1209 1439/40/1205
f 1424/60/1154 1393/63/1164 1425/63/1163
f 1421/8/1207 1453/8/1944 1452/10/1208
f 1407/40/1209 1408/38/1216 1440/38/1210
f 2107/578/1211 1395/66/1145 1427/66/1144
f 2039/580/1213 2038/773/1427 1952/581/1214
f 1952/581/1214 1984/897/1923 1575/22/1215
f 1575/22/1215 2031/645/1390 2039/580/1213
f 1409/36/1149 1441/36/1151 1440/38/1210
f 1431/67/1173 1463/67/1220 1462/68/1217
f 1444/30/1166 1445/27/1953 1477/27/1218
f 1432/50/1178 1464/50/1224 1463/67/1220
f 2176/571/1176 1446/65/1175 1478/65/1221
f 1432/50/1178 1433/13/1182 1465/13/1223
f 1446/65/1175 1447/22/1180 1479/22/1225
f 1433/13/1182 1434/69/1961 1466/69/1226
f 1448/20/1189 1480/20/1230 1479/22/1225
f 2210/573/1187 1435/48/1186 1467/48/1227
f 1448/20/1189 1449/18/1188 1481/18/1229
f 1435/48/1186 1436/46/1195 1468/46/1231
f 1450/15/1232 1482/15/1266 1481/18/1229
f 1436/46/1195 1437/44/1957 1469/44/1233
f 2142/575/1198 1451/64/1197 1483/64/1234
f 2193/577/1201 1438/42/1200 1470/42/1236
f 1452/10/1208 1484/10/1240 1483/64/1234
f 1439/40/1205 1471/40/1241 1470/42/1236
f 1425/63/1163 1457/63/1258 1488/60/1238
f 1452/10/1208 1453/8/1944 1485/8/1239
f 1440/38/1210 1472/38/1248 1471/40/1241
f 2108/579/1212 1427/66/1144 1459/66/1242
f 2125/587/1244 1454/6/1148 1486/6/1245
f 1440/38/1210 1441/36/1151 1473/36/1247
f 1427/66/1144 1428/58/1153 1460/58/1249
f 1454/6/1148 1455/4/1147 1487/4/1250
f 1441/36/1151 1442/34/1150 1474/34/1251
f 1429/55/1252 1461/55/1937 1460/58/1249
f 1455/4/1147 1456/1/1206 1488/1/1238
f 2159/568/1158 1443/32/1157 1475/32/1253
f 2091/590/1255 1430/68/1168 1462/68/1217
f 1426/53/1257 1458/53/1941 1457/63/1258
f 1444/30/1166 1476/30/1219 1475/32/1253
f 1465/13/1223 1466/69/1226 1498/69/1259
f 1480/20/1230 1512/20/1264 1511/22/1261
f 2211/583/1228 1467/48/1227 1499/48/1262
f 1481/18/1229 1513/18/1267 1512/20/1264
f 1467/48/1227 1468/46/1231 1500/46/1265
f 1482/15/1266 1514/15/1946 1513/18/1267
f 1468/46/1231 1469/44/1233 1501/44/1268
f 1483/64/1234 1515/64/1272 2144/593/1269
f 2194/585/1237 1470/42/1236 1502/42/1270
f 1484/10/1240 1516/10/1276 1515/64/1272
f 1470/42/1236 1471/40/1241 1503/40/1273
f 1488/60/1238 1457/63/1258 1489/63/1274
f 1485/8/1239 1517/8/1859 1516/10/1276
f 1472/38/1248 1504/38/1281 1503/40/1273
f 2109/586/1243 1459/66/1242 1491/66/1277
f 1486/6/1245 1518/6/1283 2127/596/1279
f 1472/38/1248 1473/36/1247 1505/36/1280
f 1459/66/1242 1460/58/1249 1492/58/1282
f 1487/4/1250 1519/4/1285 1518/6/1283
f 1474/34/1251 1506/34/1949 1505/36/1280
f 1460/58/1249 1461/55/1937 1493/55/1284
f 1488/1/1238 1520/1/1275 1519/4/1285
f 1475/32/1253 1507/32/1290 2161/597/1286
f 2092/591/1256 1462/68/1217 1494/68/1287
f 1457/63/1258 1458/53/1941 1490/53/1289
f 1476/30/1219 1508/30/1292 1507/32/1290
f 1462/68/1217 1463/67/1220 1495/67/1291
f 1477/27/1218 1509/27/1879 1508/30/1292
f 1463/67/1220 1464/50/1224 1496/50/1293
f 1478/65/1221 1510/65/1295 2178/599/1294
f 1464/50/1224 1465/13/1223 1497/13/1260
f 1479/22/1225 1511/22/1261 1510/65/1295
f 1770/600/1296 1533/44/1956 1532/46/1297
f 2153/602/1299 1771/64/1305 1547/64/1300
f 1772/42/1302 1534/42/1308 2196/604/1303
f 1771/64/1305 1773/10/1312 1548/10/1306
f 1772/42/1302 1774/819/1733 1535/40/1307
f 2066/606/1309 1775/63/1344 1521/63/1310
f 1773/10/1312 1776/8/1766 1549/8/1313
f 2016/608/1314 1777/825/1751 1536/38/1315
f 2119/610/1317 1778/66/1327 1523/66/1318
f 1779/6/1320 1550/6/1329 2128/612/1321
f 2026/614/1323 1780/36/1331 1537/36/1324
f 1781/616/1326 1524/58/1333 1523/66/1318
f 1779/6/1320 1782/4/1729 1551/4/1328
f 1783/34/1330 1538/34/1950 1537/36/1324
f 1784/55/1332 1525/55/1413 1524/58/1333
f 2056/617/1334 1800/1/1770 1552/1/1335
f 2170/619/1337 1785/32/1345 1539/32/1338
f 1786/621/1340 1526/68/1348 2094/622/1341
f 1801/53/1343 1522/53/1940 1521/63/1310
f 1785/32/1345 1787/625/1349 1540/30/1346
f 1788/624/1347 1527/67/1380 1526/68/1348
f 1787/625/1349 1789/842/1828 1541/27/1350
f 1790/50/1351 1528/50/1386 2070/626/1352
f 2187/628/1354 1791/630/1357 1542/65/1355
f 1791/630/1357 1793/810/1718 1543/22/1358
f 1794/69/1359 1530/69/1960 1529/13/1360
f 2036/632/1362 1795/20/1788 1544/20/1363
f 2221/634/1365 1796/638/1371 1531/48/1366
f 2046/636/1368 1797/639/1372 1545/18/1369
f 1798/601/1298 1532/46/1297 1531/48/1366
f 1797/639/1372 1799/71/1713 1546/15/1373
f 2162/620/1339 1539/32/1338 1571/32/1374
f 1526/68/1348 1558/68/1381 2095/641/1376
f 1521/63/1310 1522/53/1940 1554/53/1377
f 1539/32/1338 1540/30/1346 1572/30/1379
f 1527/67/1380 1559/67/1934 1558/68/1381
f 1540/30/1346 1541/27/1350 1573/27/1382
f 2070/626/1352 1528/50/1386 1560/50/1161
f 1542/65/1355 1574/65/1387 2180/643/1384
f 1528/50/1386 1790/50/1351 2086/644/1385
f 2086/644/1385 1792/631/1361 1529/13/1360
f 1529/13/1360 2080/569/1159 1528/50/1386
f 1543/22/1358 1575/22/1215 1574/65/1387
f 1529/13/1360 1530/69/1960 1562/69/1388
f 2030/633/1364 1544/20/1363 1576/20/1389
f 2213/635/1367 1531/48/1366 1563/48/1391
f 2040/637/1370 1545/18/1369 1577/18/1393
f 1532/46/1297 1564/46/1397 1563/48/1391
f 1545/18/1369 1546/15/1373 1578/15/1395
f 1532/46/1297 1533/44/1956 1565/44/1396
f 2145/603/1301 1547/64/1300 1579/64/1398
f 1534/42/1308 1566/42/1401 2197/649/1400
f 1548/10/1306 1580/10/1403 1579/64/1398
f 1535/40/1307 1567/40/1927 1566/42/1401
f 1429/55/1252 1397/55/1152 2090/650/1402
f 2090/650/1402 1398/68/1169 1430/68/1168
f 2091/590/1255 1429/55/1252 2090/650/1402
f 1549/8/1313 1581/8/1942 1580/10/1403
f 2010/609/1316 1536/38/1315 1568/38/1404
f 2111/611/1319 1523/66/1318 1555/66/1406
f 1550/6/1329 1582/6/1411 2129/653/1408
f 2020/615/1325 1537/36/1324 1569/36/1409
f 1524/58/1333 1556/58/1414 1555/66/1406
f 1551/4/1328 1583/4/1933 1582/6/1411
f 1537/36/1324 1538/34/1950 1570/34/1412
f 1525/55/1413 1557/55/1919 1556/58/1414
f 2050/618/1336 1552/1/1335 1584/1/1415
f 2185/656/1417 1714/630/1424 1606/65/1418
f 2085/658/1420 1716/661/1425 1593/13/1421
f 1718/660/1423 1607/22/1930 1606/65/1418
f 1716/661/1425 1719/776/1669 1594/69/1426
f 2035/662/1427 1720/774/1667 1608/20/1428
f 2219/664/1430 1721/48/1437 1595/48/1431
f 2045/666/1433 1722/639/1438 1609/18/1434
f 1723/668/1436 1596/46/1441 1595/48/1431
f 1722/639/1438 1724/769/1664 1610/15/1439
f 1725/44/1440 1597/44/1499 1596/46/1441
f 2151/669/1442 1726/64/1449 1611/64/1443
f 2202/671/1445 1727/42/1451 1598/42/1446
f 1728/10/1448 1612/10/1456 1611/64/1443
f 1729/673/1450 1599/40/1926 1598/42/1446
f 2065/674/1452 1730/693/1485 1585/63/1453
f 1732/8/1455 1613/8/1943 1612/10/1456
f 2015/676/1457 1733/899/1920 1600/38/1458
f 2117/678/1460 1734/684/1470 1587/66/1461
f 2134/680/1463 1736/6/1472 1614/6/1464
f 2025/682/1466 1737/686/1473 1601/36/1467
f 1738/58/1469 1588/58/1476 1587/66/1461
f 1739/685/1471 1615/4/1518 1614/6/1464
f 1737/686/1473 1740/34/1649 1602/34/1474
f 1738/58/1469 1741/55/1647 1589/55/1475
f 2051/655/1416 2059/880/1906 2058/687/1477
f 2058/687/1477 1971/754/1650 2003/688/1478
f 2003/688/1478 1583/4/1933 2051/655/1416
f 2168/689/1479 1742/32/1487 1603/32/1480
f 2100/691/1482 1743/694/1490 1590/68/1483
f 1730/693/1485 1735/53/1642 1586/53/1486
f 1742/32/1487 1744/30/1491 1604/30/1488
f 1745/67/1489 1591/67/1531 1590/68/1483
f 1744/30/1491 1715/27/1951 1605/27/1492
f 2075/695/1493 1717/50/1580 1592/50/1494
f 2042/667/1435 1609/18/1434 1641/18/1496
f 1596/46/1441 1628/46/1500 1627/48/1498
f 1610/15/1439 1642/15/1947 1641/18/1496
f 1597/44/1499 1629/44/1584 1628/46/1500
f 2147/670/1444 1611/64/1443 1643/64/1501
f 2198/672/1447 1598/42/1446 1630/42/1503
f 1611/64/1443 1612/10/1456 1644/10/1505
f 1598/42/1446 1599/40/1926 1631/40/1506
f 2062/675/1454 1585/63/1453 1617/63/1507
f 1612/10/1456 1613/8/1943 1645/8/1509
f 2012/677/1459 1600/38/1458 1632/38/1510
f 2113/679/1462 1587/66/1461 1619/66/1512
f 2130/681/1465 1614/6/1464 1646/6/1514
f 2022/683/1468 1601/36/1467 1633/36/1516
f 1588/58/1476 1620/58/1521 1619/66/1512
f 1615/4/1518 1647/4/1932 1646/6/1514
f 1601/36/1467 1602/34/1474 1634/34/1519
f 1588/58/1476 1589/55/1475 1621/55/1520
f 2052/705/1522 1616/1/1568 1648/1/1523
f 2164/690/1481 1603/32/1480 1635/32/1525
f 2096/692/1484 1590/68/1483 1622/68/1527
f 1585/63/1453 1586/53/1486 1618/53/1529
f 1603/32/1480 1604/30/1488 1636/30/1530
f 1591/67/1531 1623/67/1566 1622/68/1527
f 1605/27/1492 1637/27/1952 1636/30/1530
f 2072/696/1495 1592/50/1494 1624/50/1532
f 2181/657/1419 1606/65/1418 1638/65/1534
f 2082/659/1422 1593/13/1421 1625/13/1536
f 1606/65/1418 1607/22/1930 1639/22/1538
f 1594/69/1426 1626/69/1574 1625/13/1536
f 2032/663/1429 1608/20/1428 1640/20/1539
f 2215/665/1432 1595/48/1431 1627/48/1498
f 1644/10/1505 1676/10/1547 1675/64/1542
f 1631/40/1506 1663/40/1595 1662/42/1543
f 2063/700/1508 1617/63/1507 1649/63/1544
f 1644/10/1505 1645/8/1509 1677/8/1546
f 2013/701/1511 1632/38/1510 1664/38/1548
f 1655/67/1592 1623/67/1566 2073/709/1533
f 2073/709/1533 1624/50/1532 1656/50/1550
f 2074/716/1551 1655/67/1592 2073/709/1533
f 2131/703/1515 1646/6/1514 1678/6/1552
f 2023/704/1517 1633/36/1516 1665/36/1554
f 1620/58/1521 1652/58/1558 1651/66/1556
f 1646/6/1514 1647/4/1932 1679/4/1557
f 1634/34/1519 1666/34/1596 1665/36/1554
f 1621/55/1520 1653/55/1591 1652/58/1558
f 2053/706/1524 1648/1/1523 1680/1/1559
f 2165/707/1526 1635/32/1525 1667/32/1561
f 2097/708/1528 1622/68/1527 1654/68/1563
f 1618/53/1529 1650/53/1589 1649/63/1544
f 1635/32/1525 1636/30/1530 1668/30/1565
f 1623/67/1566 1655/67/1592 1654/68/1563
f 1636/30/1530 1637/27/1952 1669/27/1567
f 1615/4/1518 1739/685/1471 2055/722/1477
f 2055/722/1477 1731/751/1645 1616/1/1568
f 2052/705/1522 1615/4/1518 2055/722/1477
f 2182/710/1535 1638/65/1534 1670/65/1569
f 2083/711/1537 1625/13/1536 1657/13/1571
f 1638/65/1534 1639/22/1538 1671/22/1573
f 1626/69/1574 1658/69/1593 1657/13/1571
f 2033/712/1540 1640/20/1539 1672/20/1575
f 2216/713/1541 1627/48/1498 1659/48/1577
f 1977/728/1581 2009/890/1917 2079/727/1579
f 2079/727/1579 1979/50/1580 1947/50/1580
f 1947/50/1580 2078/744/1636 1977/728/1581
f 1628/46/1500 1660/46/1585 1659/48/1577
f 1641/18/1496 1642/15/1947 1674/15/1582
f 1629/44/1584 1661/44/1594 1660/46/1585
f 2148/698/1502 1643/64/1501 1675/64/1542
f 2199/699/1504 1630/42/1503 1662/42/1543
f 2064/731/1545 1649/63/1544 1681/732/1588
f 2115/733/1590 1651/66/1556 1681/732/1588
f 2098/721/1564 1654/68/1563 1681/732/1588
f 2074/716/1551 1656/50/1550 1681/732/1588
f 2084/724/1572 1657/13/1571 1681/732/1588
f 2217/726/1578 1659/48/1577 1681/732/1588
f 2200/730/1587 1662/42/1543 1681/732/1588
f 2014/715/1549 1664/38/1548 1681/732/1588
f 2024/718/1555 1665/36/1554 1681/732/1588
f 2166/720/1562 1667/32/1561 1681/732/1588
f 2183/723/1570 1670/65/1569 1681/732/1588
f 2034/725/1576 1672/20/1575 1681/732/1588
f 2044/734/1588 1673/18/1583 1681/732/1588
f 2149/729/1586 1675/64/1542 1681/732/1588
f 2132/717/1553 1678/6/1552 1681/732/1588
f 2054/719/1560 1680/1/1559 1681/732/1588
f 1410/34/1597 1699/34/1634 2167/735/1598
f 1397/55/1152 1686/55/1635 2099/736/1599
f 1394/53/1162 1393/63/1164 1682/63/1600
f 1412/30/1171 1411/32/1165 1700/32/1602
f 1399/67/1167 1398/68/1169 1687/68/1604
f 1412/30/1171 1701/30/1603 1702/27/1606
f 1399/67/1167 1688/67/1605 1689/50/1607
f 1413/27/1170 1702/27/1606 2184/737/1608
f 1401/13/1177 1400/50/1172 1689/50/1607
f 1415/22/1184 1414/65/1179 1703/65/1610
f 1401/13/1177 1690/13/1609 1691/69/1612
f 1415/22/1184 1704/22/1611 1705/20/1613
f 1402/69/1181 1691/69/1612 2218/738/1614
f 1416/20/1183 1705/20/1613 1706/18/1615
f 1403/48/1191 1692/48/1959 1693/46/1616
f 1417/18/1193 1706/18/1615 1707/15/1617
f 1405/44/1194 1404/46/1190 1693/46/1616
f 1418/15/1192 1707/15/1617 2150/739/1619
f 1405/44/1194 1694/44/1618 2201/740/1620
f 1420/10/1202 1419/64/1203 1708/64/1621
f 1406/42/1204 1695/42/1955 1696/40/1623
f 1393/63/1164 1424/60/1154 1713/60/1624
f 1421/8/1207 1420/10/1202 1709/10/1622
f 1407/40/1209 1696/40/1623 1697/38/1626
f 1394/53/1162 1683/53/1601 2116/741/1627
f 1421/8/1207 1710/8/1625 2133/742/1628
f 1409/36/1149 1408/38/1216 1697/38/1626
f 1395/66/1145 1684/66/1939 1685/58/1631
f 1423/4/1155 1422/6/1146 1711/6/1632
f 1410/34/1597 1409/36/1149 1698/36/1630
f 1396/58/1143 1685/58/1631 1686/55/1635
f 1423/4/1155 1712/4/1633 1713/1/1624
f 2078/744/1636 1947/50/1580 1717/50/1580
f 1946/745/1637 1715/27/1951 1744/30/1491
f 1977/728/1581 1745/67/1489 1743/694/1490
f 1976/30/1638 1744/30/1491 1742/32/1487
f 1964/748/1641 1949/885/1911 1735/53/1642
f 2105/749/1643 1975/746/1639 1743/694/1490
f 2173/750/1644 1974/747/1640 1742/32/1487
f 2058/687/1477 1948/881/1907 1731/751/1645
f 1970/752/1646 1973/879/1905 1741/55/1647
f 1969/753/1648 1972/907/1948 1740/34/1649
f 1971/754/1650 1739/685/1471 1736/6/1472
f 1967/756/1652 1970/752/1646 1738/58/1469
f 2028/757/1466 1969/753/1648 1737/686/1473
f 2139/758/1653 1968/755/1651 1736/6/1472
f 2122/759/1654 1967/756/1652 1734/684/1470
f 1650/53/1589 1618/53/1529 2114/702/1513
f 2114/702/1513 1619/66/1512 1651/66/1556
f 2115/733/1590 1650/53/1589 2114/702/1513
f 1962/760/1655 1965/871/1896 1732/8/1455
f 2068/761/1656 1964/748/1641 1730/693/1485
f 1963/762/1657 1729/673/1450 1727/42/1451
f 1962/760/1655 1728/10/1448 1726/64/1449
f 2207/765/1660 1961/763/1658 1727/42/1451
f 2156/766/1661 1960/764/1659 1726/64/1449
f 1957/767/1662 1959/908/1954 1725/44/1440
f 1956/768/1663 1958/906/1945 1724/769/1664
f 1957/767/1662 1723/668/1436 1721/48/1437
f 2048/771/1433 1956/768/1663 1722/639/1438
f 2224/772/1666 1955/770/1665 1721/48/1437
f 2038/773/1427 1954/858/1667 1720/774/1667
f 1951/775/1668 1953/909/1958 1719/776/1669
f 1952/581/1214 1718/660/1423 1714/630/1424
f 2088/778/1420 1951/775/1668 1716/661/1425
f 2190/779/1671 1950/777/1670 1714/630/1424
f 1893/780/1672 1891/852/1866 1748/15/1673
f 2223/781/1675 1913/782/1817 1768/782/1676
f 2011/651/1405 2019/894/1921 2018/784/1678
f 2018/784/1678 1963/762/1657 1995/785/1679
f 1995/785/1679 1567/40/1927 2011/651/1405
f 1942/786/1680 1943/838/1811 1766/787/1681
f 2189/788/1683 1942/786/1680 1764/786/1682
f 1903/790/1685 1762/790/1843 1761/791/1686
f 1881/793/1688 1754/793/1856 1751/63/1689
f 1902/792/1687 1761/791/1686 2101/794/1691
f 2172/796/1693 1933/32/1775 1760/32/1694
f 1931/798/1696 1932/34/1876 1758/799/1697
f 1877/6/1699 1878/827/1758 1757/685/1700
f 2138/800/1702 1877/6/1699 1755/6/1701
f 2121/802/1704 1883/66/1741 1753/66/1705
f 1923/804/1707 1750/804/1791 1749/42/1708
f 1922/805/1709 1749/42/1708 2203/806/1710
f 1453/8/1944 1421/8/1207 2124/743/1629
f 2124/743/1629 1422/6/1146 1454/6/1148
f 2125/587/1244 1453/8/1944 2124/743/1629
f 1888/639/1712 1886/850/1863 1799/71/1713
f 2222/808/1714 1908/824/1747 1796/638/1371
f 1907/69/1715 1794/69/1359 1792/631/1361
f 1937/65/1717 1938/810/1737 1793/810/1718
f 2188/811/1719 1937/65/1717 1791/630/1357
f 1898/77/1720 1788/624/1347 1786/621/1340
f 1866/812/1722 1801/53/1343 1775/63/1344
f 1897/68/1721 1786/621/1340 2102/623/1342
f 2171/814/1725 1928/32/1835 1785/32/1345
f 1927/34/1726 1783/34/1330 1780/36/1331
f 1872/6/1728 1873/841/1823 1782/4/1729
f 2137/816/1730 1872/6/1728 1779/6/1320
f 2120/817/1731 1868/823/1810 1778/66/1327
f 1917/818/1732 1918/804/1793 1774/819/1733
f 1917/818/1732 1772/42/1302 2204/605/1304
f 2154/821/1735 1887/833/1783 1771/64/1305
f 1766/787/1681 1839/787/1878 1940/810/1736
f 1752/8/1738 1830/8/1857 1879/8/1739
f 1883/66/1741 1491/66/1277 1803/66/1742
f 1781/616/1326 1778/66/1327 1849/66/1744
f 1768/782/1676 1840/782/1871 1910/638/1746
f 1516/10/1276 1822/10/1756 1821/64/1748
f 1520/60/1275 1489/63/1274 1802/63/1749
f 1777/825/1751 1848/825/1925 2027/826/1752
f 1888/639/1712 1797/639/1372 1863/639/1753
f 1516/10/1276 1517/8/1859 1823/8/1755
f 1756/36/1698 1832/36/1874 1934/36/1757
f 1492/58/1282 1804/58/1762 1803/66/1742
f 1878/827/1758 1519/4/1285 1824/4/1759
f 1492/58/1282 1493/55/1284 1805/55/1761
f 2016/608/1314 1774/819/1733 1845/819/1763
f 1520/1/1275 1825/1/1750 1824/4/1759
f 1773/10/1312 1844/10/1787 1847/8/1765
f 1759/830/1767 1834/830/1867 1904/55/1768
f 1800/60/1770 1865/60/1931 2067/831/1771
f 1916/832/1772 1770/600/1296 1842/600/1773
f 1933/32/1775 1507/32/1290 1815/32/1776
f 1496/50/1293 1807/50/1785 1806/67/1778
f 1798/601/1298 1796/638/1371 1862/638/1779
f 1747/64/1781 1827/64/1864 1889/64/1782
f 1496/50/1293 1497/13/1260 1808/13/1784
f 1773/10/1312 1771/64/1305 1843/64/1786
f 1795/20/1788 1861/20/1929 2047/834/1789
f 1903/790/1685 1495/67/1291 1806/67/1778
f 1750/804/1791 1828/804/1873 1920/835/1792
f 1763/836/1794 1837/836/1877 1944/27/1795
f 2036/632/1362 1793/810/1718 1860/810/1797
f 1867/63/1723 1775/63/1344 1846/63/1799
f 1500/46/1265 1810/46/1808 1809/48/1801
f 1798/601/1298 1864/601/1780 1842/600/1773
f 1871/8/1802 1776/8/1766 1847/8/1765
f 1765/13/1804 1838/13/1869 1914/13/1805
f 1500/46/1265 1501/44/1268 1811/44/1807
f 1753/66/1705 1831/66/1860 1870/66/1809
f 1943/838/1811 1511/22/1261 1818/22/1812
f 1790/50/1351 1858/50/1935 2087/839/1814
f 1926/815/1727 1780/36/1331 1850/36/1815
f 1913/782/1817 1499/48/1262 1809/48/1801
f 1504/38/1281 1813/38/1826 1812/40/1819
f 2076/627/1353 1788/624/1347 1856/624/1820
f 1757/685/1700 1833/685/1858 1875/685/1822
f 1769/18/1674 1841/18/1861 1895/18/1824
f 1504/38/1281 1505/36/1280 1814/36/1825
f 1787/625/1349 1855/625/1833 1857/842/1827
f 1896/55/1829 1784/55/1332 1853/55/1830
f 1787/625/1349 1785/32/1345 1854/32/1832
f 1760/32/1694 1835/32/1875 1930/32/1834
f 1746/843/1836 1826/843/1872 1924/844/1837
f 1508/30/1292 1816/30/1840 1815/32/1776
f 1508/30/1292 1509/27/1879 1817/27/1839
f 1892/64/1841 1515/64/1272 1821/64/1748
f 1762/790/1843 1836/790/1868 1900/846/1844
f 1936/847/1845 1789/842/1828 1857/842/1827
f 2056/617/1334 1782/4/1729 1852/4/1847
f 1923/804/1707 1503/40/1273 1812/40/1819
f 1512/20/1264 1819/20/1854 1818/22/1812
f 1781/616/1326 1851/616/1745 1853/55/1830
f 1906/809/1716 1792/631/1361 1859/631/1850
f 1751/63/1689 1829/63/1855 1884/63/1852
f 1512/20/1264 1513/18/1267 1820/18/1853
f 1868/823/1810 1870/66/1809 1849/66/1744
f 1751/63/1689 1867/63/1723 1869/63/1800
f 2118/803/1706 1753/66/1705 1868/823/1810
f 1754/793/1856 1866/812/1722 1867/63/1723
f 1873/841/1823 1875/685/1822 1852/4/1847
f 1752/8/1738 1871/8/1802 1874/8/1803
f 2135/801/1703 1755/6/1701 1872/6/1728
f 1755/6/1701 1757/685/1700 1873/841/1823
f 1757/685/1700 1878/827/1758 1880/828/1760
f 1876/822/1740 1879/8/1739 1823/8/1755
f 2127/596/1279 1518/6/1283 1877/6/1699
f 1519/4/1285 1878/827/1758 1877/6/1699
f 1882/63/1690 1884/63/1852 1802/63/1749
f 1753/66/1705 1883/66/1741 1885/823/1743
f 2110/595/1278 1491/66/1277 1883/66/1741
f 1489/63/1274 1490/53/1289 1881/793/1688
f 1887/833/1783 1889/64/1782 1843/64/1786
f 1769/18/1674 1888/639/1712 1890/18/1754
f 2152/849/1862 1747/64/1781 1887/833/1783
f 1769/18/1674 1748/15/1673 1886/850/1863
f 1747/64/1781 1892/64/1841 1894/845/1842
f 1893/780/1672 1895/18/1824 1820/18/1853
f 2144/593/1269 1515/64/1272 1892/64/1841
f 1513/18/1267 1514/15/1946 1891/852/1866
f 1898/77/1720 1900/846/1844 1856/624/1820
f 1759/830/1767 1896/55/1829 1899/79/1831
f 2101/794/1691 1761/791/1686 1897/68/1721
f 1762/790/1843 1898/77/1720 1897/68/1721
f 1762/790/1843 1903/790/1685 1905/67/1790
f 1901/55/1769 1904/55/1768 1805/55/1761
f 2093/598/1288 1494/68/1287 1902/792/1687
f 1495/67/1291 1903/790/1685 1902/792/1687
f 1765/13/1804 1906/809/1716 1909/631/1851
f 1908/824/1747 1910/638/1746 1862/638/1779
f 1767/69/1870 1907/69/1715 1906/809/1716
f 2220/783/1677 1768/782/1676 1908/824/1747
f 1768/782/1676 1913/782/1817 1915/638/1818
f 1911/13/1806 1914/13/1805 1808/13/1784
f 2212/592/1263 1499/48/1262 1913/782/1817
f 1918/804/1793 1920/835/1792 1845/819/1763
f 1746/843/1836 1916/832/1772 1919/600/1774
f 2203/806/1710 1749/42/1708 1917/818/1732
f 1750/804/1791 1918/804/1793 1917/818/1732
f 1750/804/1791 1923/804/1707 1925/40/1849
f 1921/44/1838 1924/844/1837 1811/44/1807
f 2195/594/1271 1502/42/1270 1922/805/1709
f 1503/40/1273 1923/804/1707 1922/805/1709
f 1928/32/1835 1930/32/1834 1854/32/1832
f 1756/36/1698 1926/815/1727 1929/36/1816
f 1756/36/1698 1758/799/1697 1927/34/1726
f 2169/797/1695 1760/32/1694 1928/32/1835
f 1760/32/1694 1933/32/1775 1935/32/1777
f 1931/798/1696 1934/36/1757 1814/36/1825
f 1505/36/1280 1506/34/1949 1932/34/1876
f 2161/597/1286 1507/32/1290 1933/32/1775
f 1763/836/1794 1936/847/1845 1939/27/1846
f 1938/810/1737 1940/810/1736 1860/810/1797
f 2186/789/1684 1764/786/1682 1937/65/1717
f 1764/786/1682 1766/787/1681 1938/810/1737
f 1766/787/1681 1943/838/1811 1945/810/1813
f 1941/27/1796 1944/27/1795 1817/27/1839
f 2178/599/1294 1510/65/1295 1942/786/1680
f 1510/65/1295 1511/22/1261 1943/838/1811
f 2191/853/1880 1982/855/1881 1950/777/1670
f 2089/854/1420 1983/857/1883 1951/775/1668
f 1982/855/1881 1984/897/1923 1952/581/1214
f 1985/856/1882 1953/909/1958 1951/775/1668
f 2039/580/1213 1986/896/1667 1954/858/1667
f 2225/859/1884 1987/861/1885 1955/770/1665
f 2049/860/1433 1988/863/1887 1956/768/1663
f 1987/861/1885 1989/767/1889 1957/767/1662
f 1990/862/1886 1958/906/1945 1956/768/1663
f 1991/864/1888 1959/908/1954 1957/767/1662
f 2157/865/1890 1992/868/1893 1960/764/1659
f 2208/866/1891 1993/869/1894 1961/763/1658
f 1994/867/1892 1962/760/1655 1960/764/1659
f 1993/869/1894 1995/785/1679 1963/762/1657
f 2069/870/1895 1996/884/1910 1964/748/1641
f 1994/867/1892 1997/895/1922 1965/871/1896
f 2123/872/1897 1999/875/1901 1967/756/1652
f 2140/873/1898 2000/876/1902 1968/755/1651
f 1911/13/1806 1497/13/1260 1498/69/1259
f 1912/69/1899 1767/69/1870 1765/13/1804
f 1911/13/1806 1498/69/1259 1912/69/1899
f 2002/874/1900 1970/752/1646 1967/756/1652
f 2000/876/1902 2003/688/1478 1971/754/1650
f 2004/877/1903 1972/907/1948 1969/753/1648
f 2002/874/1900 2005/904/1936 1973/879/1905
f 2059/880/1906 1980/891/1918 1948/881/1907
f 2174/882/1908 2006/886/1913 1974/747/1640
f 2106/883/1909 2007/887/1914 1975/746/1639
f 1996/884/1910 1981/905/1938 1949/885/1911
f 2008/30/1912 1976/30/1638 1974/747/1640
f 2007/887/1914 2009/890/1917 1977/728/1581
f 1978/888/1915 1946/745/1637 1976/30/1638
f 1584/60/1415 1552/60/1335 2060/607/1311
f 2060/607/1311 1521/63/1310 1553/63/1378
f 2061/889/1916 1584/60/1415 2060/607/1311
f 2071/642/1383 1560/50/1161 1979/50/1580
f 1573/27/1382 1978/888/1915 2008/30/1912
f 1558/68/1381 1559/67/1934 2009/890/1917
f 1572/30/1379 2008/30/1912 2006/886/1913
f 1554/53/1377 1981/905/1938 1996/884/1910
f 1558/68/1381 2007/887/1914 2106/883/1909
f 2163/640/1375 1571/32/1374 2006/886/1913
f 2051/655/1416 1584/1/1415 1980/891/1918
f 1557/55/1919 2005/904/1936 2002/874/1900
f 1570/34/1412 2004/877/1903 2001/878/1904
f 1582/6/1411 1583/4/1933 2003/688/1478
f 1555/66/1406 1556/58/1414 2002/874/1900
f 1998/893/1920 1568/38/1404 2021/654/1410
f 2021/654/1410 1569/36/1409 2001/878/1904
f 2001/878/1904 1969/753/1648 2028/757/1466
f 2029/892/1466 1998/893/1920 2021/654/1410
f 2001/878/1904 2028/757/1466 2029/892/1466
f 1582/6/1411 2000/876/1902 2140/873/1898
f 2112/652/1407 1555/66/1406 1999/875/1901
f 2011/651/1405 1568/38/1404 1998/893/1920
f 1580/10/1403 1581/8/1942 1997/895/1922
f 2061/889/1916 1553/63/1378 1996/884/1910
f 1566/42/1401 1567/40/1927 1995/785/1679
f 1579/64/1398 1580/10/1403 1994/867/1892
f 1566/42/1401 1993/869/1894 2208/866/1891
f 2146/648/1399 1579/64/1398 1992/868/1893
f 1565/44/1396 1991/864/1888 1989/767/1889
f 1578/15/1395 1990/862/1886 1988/863/1887
f 1564/46/1397 1989/767/1889 1987/861/1885
f 2041/647/1394 1577/18/1393 1988/863/1887
f 2214/646/1392 1563/48/1391 1987/861/1885
f 2031/645/1390 1576/20/1389 1986/896/1667
f 1562/69/1388 1985/856/1882 1983/857/1883
f 1574/65/1387 1575/22/1215 1984/897/1923
f 2081/898/1924 1561/13/1160 1983/857/1883
f 1574/65/1387 1982/855/1881 2191/853/1880
f 2018/784/1678 2019/894/1921 1998/893/1920
f 1998/893/1920 1966/900/1928 1733/899/1920
f 1733/899/1920 2015/676/1457 2018/784/1678
f 1777/825/1751 2016/608/1314 2017/829/1764
f 2018/784/1678 2015/676/1457 1729/673/1450
f 2013/701/1511 2014/715/1549 1663/40/1595
f 2012/677/1459 2013/701/1511 1631/40/1506
f 2015/676/1457 2012/677/1459 1599/40/1926
f 2010/609/1316 2011/651/1405 1567/40/1927
f 2016/608/1314 2010/609/1316 1535/40/1307
f 2029/892/1466 2028/757/1466 1966/900/1928
f 2026/614/1323 2027/826/1752 1850/36/1815
f 2028/757/1466 2025/682/1466 1733/899/1920
f 2023/704/1517 2024/718/1555 1664/38/1548
f 2022/683/1468 2023/704/1517 1632/38/1510
f 2025/682/1466 2022/683/1468 1600/38/1458
f 2020/615/1325 2021/654/1410 1568/38/1404
f 2026/614/1323 2020/615/1325 1536/38/1315
f 1795/20/1788 2036/632/1362 2037/837/1798
f 2038/773/1427 2035/662/1427 1718/660/1423
f 2033/712/1540 2034/725/1576 1671/22/1573
f 2032/663/1429 2033/712/1540 1639/22/1538
f 2035/662/1427 2032/663/1429 1607/22/1930
f 2030/633/1364 2031/645/1390 1575/22/1215
f 2036/632/1362 2030/633/1364 1543/22/1358
f 2041/647/1394 2049/860/1433 1986/896/1667
f 2049/860/1433 2048/771/1433 1954/858/1667
f 2046/636/1368 2047/834/1789 1863/639/1753
f 2048/771/1433 2045/666/1433 1720/774/1667
f 2042/667/1435 2043/697/1497 1640/20/1539
f 2045/666/1433 2042/667/1435 1608/20/1428
f 2040/637/1370 2041/647/1394 1576/20/1389
f 1795/20/1788 2046/636/1368 2040/637/1370
f 1672/20/1575 1640/20/1539 2043/697/1497
f 2043/697/1497 1641/18/1496 1673/18/1583
f 1673/18/1583 2044/734/1588 1672/20/1575
f 1800/1/1770 2056/617/1334 2057/848/1848
f 2058/687/1477 2055/722/1477 1739/685/1471
f 2053/706/1524 2054/719/1560 1679/4/1557
f 2052/705/1522 2053/706/1524 1647/4/1932
f 2050/618/1336 2051/655/1416 1583/4/1933
f 2056/617/1334 2050/618/1336 1551/4/1328
f 2061/889/1916 2069/870/1895 1980/901/1918
f 2069/870/1895 2068/761/1656 1948/902/1907
f 2066/606/1309 2067/831/1771 1846/63/1799
f 2068/761/1656 2065/674/1452 1731/903/1645
f 2063/700/1508 2064/714/1545 1680/60/1559
f 2062/675/1454 2063/700/1508 1648/60/1523
f 2065/674/1452 2062/675/1454 1616/60/1568
f 2066/606/1309 2060/607/1311 1552/60/1335
f 2071/642/1383 2079/727/1579 2009/890/1917
f 1790/50/1351 2076/627/1353 2077/840/1821
f 2078/744/1636 2075/695/1493 1745/67/1489
f 2072/696/1495 2073/709/1533 1623/67/1566
f 2075/695/1493 2072/696/1495 1591/67/1531
f 2070/626/1352 2071/642/1383 1559/67/1934
f 2076/627/1353 2070/626/1352 1527/67/1380
f 2081/898/1924 2089/854/1420 1979/50/1580
f 2089/854/1420 2088/778/1420 1947/50/1580
f 2086/644/1385 2087/839/1814 1859/631/1850
f 2088/778/1420 2085/658/1420 1717/50/1580
f 2083/711/1537 2084/724/1572 1656/50/1550
f 2082/659/1422 2083/711/1537 1624/50/1532
f 2085/658/1420 2082/659/1422 1592/50/1494
f 2095/641/1376 2106/883/1909 2005/904/1936
f 2106/883/1909 2105/749/1643 1973/879/1905
f 2093/598/1288 2104/795/1692 1901/55/1769
f 2101/794/1691 2103/813/1724 1896/55/1829
f 2103/813/1724 2102/623/1342 1784/55/1332
f 2104/795/1692 2101/794/1691 1759/830/1767
f 2105/749/1643 2100/691/1482 1741/55/1647
f 1398/68/1169 2090/650/1402 2099/736/1599
f 2097/708/1528 2098/721/1564 1653/55/1591
f 2096/692/1484 2097/708/1528 1621/55/1520
f 2100/691/1482 2096/692/1484 1589/55/1475
f 2094/622/1341 2095/641/1376 1557/55/1919
f 2102/623/1342 2094/622/1341 1525/55/1413
f 1461/55/1937 2092/591/1256 2093/598/1288
f 2091/590/1255 2092/591/1256 1461/55/1937
f 1554/53/1377 2112/652/1407 2123/872/1897
f 2123/872/1897 2122/759/1654 1949/885/1911
f 2110/595/1278 2121/802/1704 1881/793/1688
f 2118/803/1706 2120/817/1731 1866/812/1722
f 2120/817/1731 2119/610/1317 1801/53/1343
f 2121/802/1704 2118/803/1706 1754/793/1856
f 2122/759/1654 2117/678/1460 1735/53/1642
f 1395/66/1145 2107/578/1211 2116/741/1627
f 2113/679/1462 2114/702/1513 1618/53/1529
f 2117/678/1460 2113/679/1462 1586/53/1486
f 1522/53/1940 2111/611/1319 2112/652/1407
f 1801/53/1343 2119/610/1317 2111/611/1319
f 1458/53/1941 2109/586/1243 2110/595/1278
f 2108/579/1212 2109/586/1243 1458/53/1941
f 2107/578/1211 2108/579/1212 1426/53/1257
f 2129/653/1408 2140/873/1898 1997/895/1922
f 2140/873/1898 2139/758/1653 1965/871/1896
f 2127/596/1279 2138/800/1702 1876/822/1740
f 2135/801/1703 2137/816/1730 1871/8/1802
f 2137/816/1730 2136/613/1322 1776/8/1766
f 2138/800/1702 2135/801/1703 1752/8/1738
f 2139/758/1653 2134/680/1463 1732/8/1455
f 1422/6/1146 2124/743/1629 2133/742/1628
f 2131/703/1515 2132/717/1553 1677/8/1546
f 2130/681/1465 2131/703/1515 1645/8/1509
f 2134/680/1463 2130/681/1465 1613/8/1943
f 2128/612/1321 2129/653/1408 1581/8/1942
f 2136/613/1322 2128/612/1321 1549/8/1313
f 2126/588/1246 2127/596/1279 1517/8/1859
f 2125/587/1244 2126/588/1246 1485/8/1239
f 1578/15/1395 2146/648/1399 2157/865/1890
f 2157/865/1890 2156/766/1661 1958/906/1945
f 2144/593/1269 2155/851/1865 1891/852/1866
f 2152/849/1862 2154/821/1735 1886/850/1863
f 1886/850/1863 2154/821/1735 2153/602/1299
f 2156/766/1661 2151/669/1442 1724/769/1664
f 1419/64/1203 2141/574/1196 2150/739/1619
f 2148/698/1502 2149/729/1586 1674/15/1582
f 2147/670/1444 2148/698/1502 1642/15/1947
f 2151/669/1442 2147/670/1444 1610/15/1439
f 1546/15/1373 2145/603/1301 2146/648/1399
f 1799/71/1713 2153/602/1299 2145/603/1301
f 2143/584/1235 2144/593/1269 1514/15/1946
f 2142/575/1198 2143/584/1235 1482/15/1266
f 2141/574/1196 2142/575/1198 1450/15/1232
f 1570/34/1412 2163/640/1375 2174/882/1908
f 2174/882/1908 2173/750/1644 1972/907/1948
f 2161/597/1286 2172/796/1693 1932/34/1876
f 2169/797/1695 2171/814/1725 1927/34/1726
f 1927/34/1726 2171/814/1725 2170/619/1337
f 2172/796/1693 2169/797/1695 1758/799/1697
f 2173/750/1644 2168/689/1479 1740/34/1649
f 1411/32/1165 2158/567/1156 2167/735/1598
f 2165/707/1526 2166/720/1562 1666/34/1596
f 2164/690/1481 2165/707/1526 1634/34/1519
f 2168/689/1479 2164/690/1481 1602/34/1474
f 1538/34/1950 2162/620/1339 2163/640/1375
f 1783/34/1330 2170/619/1337 2162/620/1339
f 2160/589/1254 2161/597/1286 1506/34/1949
f 2159/568/1158 2160/589/1254 1474/34/1251
f 2158/567/1156 2159/568/1158 1442/34/1150
f 2180/643/1384 2191/853/1880 1978/888/1915
f 2191/853/1880 2190/779/1671 1946/745/1637
f 2178/599/1294 2189/788/1683 1941/27/1796
f 2186/789/1684 2188/811/1719 1936/847/1845
f 2188/811/1719 2187/628/1354 1789/842/1828
f 2189/788/1683 2186/789/1684 1763/836/1794
f 2190/779/1671 2185/656/1417 1715/27/1951
f 1414/65/1179 2175/570/1174 2184/737/1608
f 2182/710/1535 2183/723/1570 1669/27/1567
f 2181/657/1419 2182/710/1535 1637/27/1952
f 2185/656/1417 2181/657/1419 1605/27/1492
f 2179/629/1356 2180/643/1384 1573/27/1382
f 2187/628/1354 2179/629/1356 1541/27/1350
f 2177/582/1222 2178/599/1294 1509/27/1879
f 2176/571/1176 2177/582/1222 1477/27/1218
f 2175/570/1174 2176/571/1176 1445/27/1953
f 2197/649/1400 2208/866/1891 1991/864/1888
f 2208/866/1891 2207/765/1660 1959/908/1954
f 2195/594/1271 2206/807/1711 1921/44/1838
f 2203/806/1710 2205/820/1734 1916/832/1772
f 2205/820/1734 2204/605/1304 1770/600/1296
f 2206/807/1711 2203/806/1710 1746/843/1836
f 2207/765/1660 2202/671/1445 1725/44/1440
f 1406/42/1204 2192/576/1199 2201/740/1620
f 2199/699/1504 2200/730/1587 1661/44/1594
f 2198/672/1447 2199/699/1504 1629/44/1584
f 2202/671/1445 2198/672/1447 1597/44/1499
f 2196/604/1303 2197/649/1400 1565/44/1396
f 2204/605/1304 2196/604/1303 1533/44/1956
f 1469/44/1233 2194/585/1237 2195/594/1271
f 2193/577/1201 2194/585/1237 1469/44/1233
f 2192/576/1199 2193/577/1201 1437/44/1957
f 1562/69/1388 2214/646/1392 2225/859/1884
f 2225/859/1884 2224/772/1666 1953/909/1958
f 2212/592/1263 2223/781/1675 1912/69/1899
f 2220/783/1677 2222/808/1714 1907/69/1715
f 2222/808/1714 2221/634/1365 1794/69/1359
f 2223/781/1675 2220/783/1677 1767/69/1870
f 2224/772/1666 2219/664/1430 1719/776/1669
f 1403/48/1191 2209/572/1185 2218/738/1614
f 2216/713/1541 2217/726/1578 1658/69/1593
f 2215/665/1432 2216/713/1541 1626/69/1574
f 2219/664/1430 2215/665/1432 1594/69/1426
f 1530/69/1960 2213/635/1367 2214/646/1392
f 2221/634/1365 2213/635/1367 1530/69/1960
f 1466/69/1226 2211/583/1228 2212/592/1263
f 2210/573/1187 2211/583/1228 1466/69/1226
f 2209/572/1185 2210/573/1187 1434/69/1961
f 1748/15/1673 1891/852/1866 2155/851/1865
f 2155/851/1865 1892/64/1841 1747/64/1781
f 1747/64/1781 2152/849/1862 1748/15/1673
s 73
f 2358/565/1142 2354/551/1127 2357/566/1131
f 2357/566/1131 2368/555/1132 2366/557/1134
f 2366/557/1134 2364/560/1137 2362/561/1138
f 2362/561/1138 2360/563/1140 2358/565/1142
f 2358/565/1142 2357/566/1131 2366/557/1134
f 2356/553/1129 2355/552/1128 2359/564/1141
f 2359/564/1141 2361/562/1139 2363/558/1135
f 2363/558/1135 2365/559/1136 2367/556/1133
f 2367/556/1133 2369/554/1130 2356/553/1129
f 2356/553/1129 2359/564/1141 2363/558/1135
s 74
f 2374/565/1142 2370/551/1127 2373/566/1131
f 2373/566/1131 2384/555/1132 2382/557/1134
f 2382/557/1134 2380/560/1979 2378/561/1138
f 2378/561/1138 2376/563/1140 2374/565/1142
f 2374/565/1142 2373/566/1131 2382/557/1134
f 2372/553/1129 2371/552/1128 2375/564/1141
f 2375/564/1141 2377/562/1139 2379/558/1135
f 2379/558/1135 2381/559/1136 2383/556/1133
f 2383/556/1133 2385/554/1130 2372/553/1129
f 2372/553/1129 2375/564/1141 2379/558/1135
s 75
f 2390/565/1142 2386/551/1127 2389/566/1131
f 2389/566/1131 2400/555/1132 2398/557/1134
f 2398/557/1134 2396/560/1137 2394/561/1138
f 2394/561/1138 2392/563/1140 2390/565/1142
f 2390/565/1142 2389/566/1131 2398/557/1134
f 2388/553/1129 2387/552/1128 2391/564/1141
f 2391/564/1141 2393/562/1139 2395/558/1135
f 2395/558/1135 2397/559/1136 2399/556/1980
f 2399/556/1980 2401/554/1130 2388/553/1129
f 2388/553/1129 2391/564/1141 2395/558/1135
