# Blender 5.0.1
# www.blender.org
mtllib llanta_izquierda_frente.mtl
g Tire.002_Mesh
v 0.266917 -0.040326 -0.069349
v 0.253922 -0.091624 -0.069349
v 0.256019 -0.038679 -0.085333
v 0.269656 0.012522 -0.069349
v 0.266917 -0.040326 -0.050727
v 0.253921 -0.091624 -0.050727
v 0.266917 -0.040326 -0.048244
v 0.269656 0.012522 -0.050727
v 0.262031 0.064889 -0.050727
v 0.269656 0.012522 -0.048244
v 0.262031 0.064889 -0.048244
v 0.266825 0.012391 -0.047817
v 0.264115 -0.039902 -0.047817
v 0.259281 0.064208 -0.047817
v 0.266825 0.012391 -0.042090
v 0.264115 -0.039902 -0.042090
v 0.269656 0.012522 -0.042456
v 0.259281 0.064208 -0.042090
v 0.262031 0.064889 -0.042456
v 0.241772 0.113557 -0.042090
v 0.244337 0.114762 -0.042456
v 0.214973 0.158543 -0.042090
v 0.241772 0.113557 -0.047817
v 0.244337 0.114762 -0.048244
v 0.214973 0.158543 -0.047817
v 0.179912 0.197435 -0.047817
v 0.217254 0.160224 -0.048244
v 0.181821 0.199530 -0.048244
v 0.217254 0.160224 -0.050727
v 0.181821 0.199530 -0.050727
v 0.244337 0.114762 -0.050727
v 0.217254 0.160224 -0.069349
v 0.244337 0.114762 -0.069349
v 0.208383 0.153682 -0.085333
v 0.181821 0.199530 -0.069349
v 0.174397 0.191383 -0.085333
v 0.139401 0.231167 -0.069349
v 0.133709 0.221729 -0.085333
v 0.091624 0.253922 -0.069349
v 0.139401 0.231167 -0.050727
v 0.091624 0.253922 -0.050727
v 0.139401 0.231167 -0.048244
v 0.091624 0.253922 -0.048244
v 0.137937 0.228741 -0.047817
v 0.090662 0.251256 -0.047817
v 0.137937 0.228741 -0.042090
v 0.179912 0.197435 -0.042090
v 0.139401 0.231167 -0.042456
v 0.090662 0.251256 -0.042090
v 0.091624 0.253922 -0.042456
v 0.039902 0.264115 -0.042090
v 0.040326 0.266917 -0.042456
v -0.012391 0.266825 -0.042090
v 0.039902 0.264115 -0.047817
v -0.012391 0.266825 -0.047817
v 0.040326 0.266917 -0.048244
v -0.012522 0.269656 -0.048244
v 0.040326 0.266917 -0.050727
v -0.012522 0.269656 -0.050727
v 0.040326 0.266917 -0.069349
v 0.038679 0.256019 -0.085333
v -0.012522 0.269656 -0.069349
v -0.012011 0.258645 -0.085333
v -0.064889 0.262032 -0.069349
v -0.062239 0.251332 -0.085333
v -0.114762 0.244337 -0.069349
v -0.064889 0.262032 -0.050727
v -0.114762 0.244337 -0.050727
v -0.064889 0.262032 -0.048244
v -0.114762 0.244337 -0.048244
v -0.064208 0.259281 -0.047817
v -0.113557 0.241772 -0.047817
v -0.064208 0.259281 -0.042090
v -0.064889 0.262032 -0.042456
v -0.113557 0.241772 -0.042090
v -0.114762 0.244337 -0.042456
v -0.158543 0.214973 -0.042090
v -0.160225 0.217254 -0.042456
v -0.197436 0.179912 -0.042090
v -0.158543 0.214973 -0.047817
v -0.197436 0.179912 -0.047818
v -0.160225 0.217254 -0.048244
v -0.199530 0.181821 -0.048244
v -0.160225 0.217254 -0.050727
v -0.199530 0.181821 -0.050727
v -0.160225 0.217254 -0.069349
v -0.153683 0.208383 -0.085333
v -0.199530 0.181821 -0.069349
v -0.191383 0.174397 -0.085333
v -0.231168 0.139401 -0.069349
v -0.221729 0.133709 -0.085333
v -0.253922 0.091624 -0.069349
v -0.231168 0.139401 -0.050727
v -0.253922 0.091624 -0.050727
v -0.231168 0.139401 -0.048244
v -0.253922 0.091624 -0.048244
v -0.228741 0.137938 -0.047818
v -0.251256 0.090662 -0.047818
v -0.228741 0.137938 -0.042090
v -0.231168 0.139401 -0.042456
v -0.251256 0.090662 -0.042090
v -0.253922 0.091624 -0.042456
v -0.264116 0.039902 -0.042090
v -0.266825 -0.012391 -0.042090
v -0.264116 0.039902 -0.047818
v -0.266918 0.040326 -0.042456
v -0.269656 -0.012522 -0.042456
v -0.266918 0.040326 -0.040887
v -0.269656 -0.012522 -0.040887
v -0.266918 0.040326 -0.012490
v -0.253922 0.091624 -0.040887
v -0.253922 0.091624 -0.012490
v -0.231168 0.139401 -0.040887
v -0.199530 0.181821 -0.040887
v -0.231168 0.139401 -0.012490
v -0.231168 0.139401 -0.010722
v -0.228741 0.137938 -0.010689
v -0.253922 0.091624 -0.010722
v -0.199530 0.181821 -0.010722
v -0.197436 0.179912 -0.010689
v -0.160225 0.217254 -0.010722
v -0.199530 0.181821 -0.012490
v -0.158543 0.214973 -0.010689
v -0.114762 0.244337 -0.010722
v -0.160225 0.217254 -0.012490
v -0.114762 0.244337 -0.012490
v -0.160225 0.217254 -0.040887
v -0.114762 0.244337 -0.040887
v -0.064889 0.262032 -0.040887
v -0.064889 0.262032 -0.012490
v -0.012522 0.269656 -0.040887
v -0.012522 0.269656 -0.012490
v 0.040326 0.266917 -0.040887
v -0.012522 0.269656 -0.042456
v 0.091624 0.253922 -0.040887
v 0.040326 0.266917 -0.012490
v 0.040326 0.266917 -0.010722
v 0.039902 0.264115 -0.010689
v -0.012522 0.269656 -0.010722
v 0.091624 0.253922 -0.010722
v 0.090662 0.251256 -0.010689
v 0.139401 0.231167 -0.010722
v 0.091624 0.253922 -0.012490
v 0.139401 0.231167 -0.012490
v 0.181821 0.199530 -0.012490
v 0.139401 0.231167 -0.040887
v 0.181821 0.199530 -0.040887
v 0.217254 0.160224 -0.040887
v 0.181821 0.199530 -0.042456
v 0.217254 0.160224 -0.042456
v 0.217254 0.160224 -0.012490
v 0.244337 0.114762 -0.040887
v 0.244337 0.114762 -0.012490
v 0.262031 0.064889 -0.040887
v 0.262031 0.064889 -0.012490
v 0.269656 0.012522 -0.040887
v 0.269656 0.012522 -0.012490
v 0.266917 -0.040326 -0.040887
v 0.253921 -0.091624 -0.040887
v 0.266917 -0.040326 -0.012490
v 0.266917 -0.040326 -0.042456
v 0.253921 -0.091624 -0.042456
v 0.251256 -0.090662 -0.042090
v 0.231168 -0.139401 -0.042456
v 0.228741 -0.137937 -0.042090
v 0.199530 -0.181821 -0.042456
v 0.231168 -0.139401 -0.040887
v 0.231168 -0.139401 -0.012490
v 0.199530 -0.181821 -0.040887
v 0.199530 -0.181821 -0.012490
v 0.160225 -0.217254 -0.040887
v 0.160225 -0.217254 -0.012490
v 0.114762 -0.244337 -0.040887
v 0.160225 -0.217254 -0.042456
v 0.158543 -0.214973 -0.042090
v 0.114762 -0.244337 -0.042456
v 0.113557 -0.241773 -0.042090
v 0.064889 -0.262032 -0.042456
v 0.012522 -0.269656 -0.042456
v 0.064889 -0.262032 -0.040887
v 0.064208 -0.259281 -0.042090
v 0.064208 -0.259281 -0.047817
v 0.012391 -0.266825 -0.042090
v 0.012391 -0.266825 -0.047817
v -0.039902 -0.264116 -0.042090
v -0.039902 -0.264116 -0.047817
v -0.090662 -0.251256 -0.042090
v -0.040326 -0.266918 -0.042456
v -0.091624 -0.253922 -0.042456
v -0.040326 -0.266918 -0.040887
v 0.012522 -0.269656 -0.040887
v -0.040326 -0.266918 -0.012490
v -0.091624 -0.253922 -0.040887
v -0.091624 -0.253922 -0.012490
v -0.139401 -0.231168 -0.040887
v -0.181821 -0.199530 -0.040887
v -0.139401 -0.231168 -0.012490
v -0.139401 -0.231168 -0.042456
v -0.137938 -0.228741 -0.042090
v -0.181821 -0.199530 -0.042456
v -0.179913 -0.197436 -0.042090
v -0.217254 -0.160225 -0.042456
v -0.214973 -0.158543 -0.042090
v -0.244338 -0.114762 -0.042456
v -0.217254 -0.160225 -0.040887
v -0.217254 -0.160225 -0.012490
v -0.244338 -0.114762 -0.040887
v -0.244338 -0.114762 -0.012490
v -0.262032 -0.064889 -0.040887
v -0.262032 -0.064889 -0.012490
v -0.262032 -0.064889 -0.042456
v -0.259281 -0.064208 -0.042090
v -0.241773 -0.113557 -0.042090
v -0.259281 -0.064208 -0.047818
v -0.241773 -0.113557 -0.047818
v -0.266825 -0.012391 -0.047818
v -0.262032 -0.064889 -0.048244
v -0.244338 -0.114762 -0.048244
v -0.262032 -0.064889 -0.050727
v -0.269656 -0.012522 -0.048244
v -0.269656 -0.012522 -0.050727
v -0.266918 0.040326 -0.048244
v -0.266918 0.040326 -0.050727
v -0.266918 0.040326 -0.069349
v -0.256019 0.038679 -0.085333
v -0.269656 -0.012522 -0.069349
v -0.258646 -0.012011 -0.085333
v -0.262032 -0.064889 -0.069349
v -0.251333 -0.062239 -0.085333
v -0.244338 -0.114762 -0.069349
v -0.234361 -0.110076 -0.085333
v -0.217254 -0.160225 -0.069349
v -0.244338 -0.114762 -0.050727
v -0.181821 -0.199530 -0.069349
v -0.217254 -0.160225 -0.050727
v -0.208383 -0.153682 -0.085333
v -0.195753 -0.144367 -0.085333
v -0.174397 -0.191383 -0.085333
v -0.163827 -0.179782 -0.085333
v -0.133709 -0.221729 -0.085333
v -0.125605 -0.208289 -0.085333
v -0.087883 -0.243554 -0.085333
v -0.139401 -0.231168 -0.069349
v -0.091624 -0.253922 -0.069349
v -0.139401 -0.231168 -0.050727
v -0.091624 -0.253922 -0.050727
v -0.139401 -0.231168 -0.048244
v -0.181821 -0.199530 -0.050727
v -0.181821 -0.199530 -0.048244
v -0.217254 -0.160225 -0.048244
v -0.179913 -0.197436 -0.047817
v -0.137938 -0.228741 -0.047817
v -0.214973 -0.158543 -0.047817
v -0.090662 -0.251256 -0.047817
v -0.091624 -0.253922 -0.048244
v -0.040326 -0.266918 -0.048244
v 0.012522 -0.269656 -0.048244
v -0.040326 -0.266918 -0.050727
v 0.012522 -0.269656 -0.050727
v -0.040326 -0.266918 -0.069349
v -0.038679 -0.256019 -0.085333
v 0.012522 -0.269656 -0.069349
v 0.012011 -0.258646 -0.085333
v 0.064889 -0.262032 -0.069349
v 0.062239 -0.251333 -0.085333
v 0.114762 -0.244337 -0.069349
v 0.064889 -0.262032 -0.050727
v 0.064889 -0.262032 -0.048244
v 0.114762 -0.244337 -0.050727
v 0.160225 -0.217254 -0.050727
v 0.114762 -0.244337 -0.048244
v 0.113557 -0.241773 -0.047817
v 0.160225 -0.217254 -0.048244
v 0.158543 -0.214973 -0.047817
v 0.199530 -0.181821 -0.048244
v 0.197435 -0.179912 -0.047817
v 0.231168 -0.139401 -0.048244
v 0.199530 -0.181821 -0.050727
v 0.199530 -0.181821 -0.069349
v 0.160225 -0.217254 -0.069349
v 0.191383 -0.174397 -0.085333
v 0.231168 -0.139401 -0.069349
v 0.221729 -0.133709 -0.085333
v 0.231168 -0.139401 -0.050727
v 0.208289 -0.125605 -0.085333
v 0.243553 -0.087883 -0.085333
v 0.228791 -0.082556 -0.085333
v 0.240501 -0.036335 -0.085333
v 0.204096 -0.073645 -0.089778
v 0.179401 -0.064734 -0.083886
v 0.185807 -0.112047 -0.089778
v 0.214541 -0.032413 -0.089778
v 0.188582 -0.028491 -0.083886
v 0.216743 0.010065 -0.089778
v 0.190517 0.008847 -0.083886
v 0.210614 0.052156 -0.089778
v 0.242968 0.011283 -0.085333
v 0.258645 0.012011 -0.085333
v 0.236098 0.058467 -0.085333
v 0.251332 0.062239 -0.085333
v 0.220155 0.103404 -0.085333
v 0.234361 0.110076 -0.085333
v 0.195752 0.144367 -0.085333
v 0.196392 0.092243 -0.089778
v 0.172629 0.081082 -0.083886
v 0.174623 0.128784 -0.089778
v 0.153494 0.113202 -0.083886
v 0.146143 0.160377 -0.089778
v 0.128460 0.140972 -0.083886
v 0.112047 0.185807 -0.089778
v 0.163826 0.179782 -0.085333
v 0.125604 0.208289 -0.085333
v 0.082556 0.228791 -0.085333
v 0.087883 0.243554 -0.085333
v 0.036335 0.240501 -0.085333
v 0.073645 0.204096 -0.089778
v 0.064734 0.179401 -0.083886
v 0.032413 0.214542 -0.089778
v 0.028491 0.188583 -0.083886
v -0.010065 0.216743 -0.089778
v -0.008847 0.190517 -0.083886
v -0.052156 0.210614 -0.089778
v -0.011283 0.242968 -0.085333
v -0.058467 0.236098 -0.085333
v -0.103404 0.220155 -0.085333
v -0.110076 0.234361 -0.085333
v -0.144367 0.195752 -0.085333
v -0.092243 0.196392 -0.089778
v -0.081082 0.172629 -0.083886
v -0.128785 0.174623 -0.089778
v -0.113202 0.153494 -0.083886
v -0.160377 0.146143 -0.089778
v -0.140972 0.128460 -0.083886
v -0.185807 0.112047 -0.089778
v -0.179783 0.163826 -0.085333
v -0.208289 0.125604 -0.085333
v -0.228791 0.082556 -0.085333
v -0.243554 0.087883 -0.085333
v -0.240501 0.036335 -0.085333
v -0.204096 0.073645 -0.089778
v -0.179401 0.064734 -0.083886
v -0.214542 0.032413 -0.089778
v -0.188583 0.028491 -0.083886
v -0.216743 -0.010065 -0.089778
v -0.242968 -0.011283 -0.085333
v -0.210615 -0.052156 -0.089778
v -0.190518 -0.008847 -0.083886
v -0.185131 -0.045845 -0.083886
v -0.175451 -0.008147 -0.075745
v -0.170490 -0.042219 -0.075745
v -0.173669 0.026238 -0.075745
v -0.171374 -0.007958 -0.062425
v -0.166529 -0.041239 -0.062425
v -0.169634 0.025628 -0.062425
v -0.161375 0.058230 -0.062425
v -0.165213 0.059615 -0.075745
v -0.146914 0.088593 -0.062425
v -0.150409 0.090701 -0.075745
v -0.126807 0.115553 -0.062425
v -0.129824 0.118301 -0.075745
v -0.101828 0.138071 -0.062425
v -0.104250 0.141355 -0.075745
v -0.072935 0.155284 -0.062425
v -0.074669 0.158977 -0.075745
v -0.041239 0.166529 -0.062425
v -0.042220 0.170490 -0.075745
v -0.007958 0.171374 -0.062425
v -0.008148 0.175451 -0.075745
v 0.025628 0.169634 -0.062425
v 0.026238 0.173669 -0.075745
v 0.058230 0.161375 -0.062425
v 0.059615 0.165213 -0.075745
v 0.088593 0.146914 -0.062425
v 0.115552 0.126807 -0.062425
v 0.090701 0.150408 -0.075745
v 0.118301 0.129823 -0.075745
v 0.098490 0.163325 -0.083886
v 0.141355 0.104249 -0.075745
v 0.158977 0.074669 -0.075745
v 0.138071 0.101827 -0.062425
v 0.155284 0.072934 -0.062425
v 0.166529 0.041239 -0.062425
v 0.170490 0.042220 -0.075745
v 0.171374 0.007958 -0.062425
v 0.175451 0.008147 -0.075745
v 0.169634 -0.025628 -0.062425
v 0.173669 -0.026238 -0.075745
v 0.161374 -0.058230 -0.062425
v 0.165213 -0.059615 -0.075745
v 0.146914 -0.088594 -0.062425
v 0.150408 -0.090701 -0.075745
v 0.126807 -0.115553 -0.062425
v 0.129823 -0.118301 -0.075745
v 0.101827 -0.138071 -0.062425
v 0.104249 -0.141356 -0.075745
v 0.072934 -0.155284 -0.062425
v 0.074669 -0.158978 -0.075745
v 0.041239 -0.166529 -0.062425
v 0.042219 -0.170490 -0.075745
v 0.007958 -0.171374 -0.062425
v -0.025628 -0.169634 -0.062425
v 0.008147 -0.175451 -0.075745
v 0.008847 -0.190517 -0.083886
v -0.026238 -0.173669 -0.075745
v -0.028491 -0.188583 -0.083886
v -0.059615 -0.165213 -0.075745
v -0.064734 -0.179401 -0.083886
v -0.090701 -0.150408 -0.075745
v -0.058230 -0.161375 -0.062425
v -0.088594 -0.146914 -0.062425
v -0.115553 -0.126807 -0.062425
v -0.118301 -0.129823 -0.075745
v -0.138071 -0.101827 -0.062425
v -0.141356 -0.104249 -0.075745
v -0.155284 -0.072934 -0.062425
v -0.158978 -0.074669 -0.075745
v -0.172630 -0.081081 -0.083886
v -0.196393 -0.092242 -0.089778
v -0.153495 -0.113202 -0.083886
v -0.174624 -0.128784 -0.089778
v -0.128460 -0.140972 -0.083886
v -0.146144 -0.160377 -0.089778
v -0.098490 -0.163325 -0.083886
v -0.112047 -0.185807 -0.089778
v -0.073645 -0.204096 -0.089778
v -0.032413 -0.214542 -0.089778
v -0.082556 -0.228791 -0.085333
v -0.036335 -0.240501 -0.085333
v 0.011283 -0.242968 -0.085333
v 0.058467 -0.236099 -0.085333
v 0.010065 -0.216743 -0.089778
v 0.052156 -0.210615 -0.089778
v 0.045845 -0.185131 -0.083886
v 0.092243 -0.196393 -0.089778
v 0.081081 -0.172630 -0.083886
v 0.128784 -0.174623 -0.089778
v 0.103404 -0.220156 -0.085333
v 0.110076 -0.234361 -0.085333
v 0.144367 -0.195752 -0.085333
v 0.153682 -0.208383 -0.085333
v 0.179782 -0.163826 -0.085333
v 0.160377 -0.146143 -0.089778
v 0.140972 -0.128460 -0.083886
v 0.163324 -0.098490 -0.083886
v 0.113202 -0.153494 -0.083886
v -0.220156 -0.103404 -0.085333
v -0.236099 -0.058466 -0.085333
v 0.185131 0.045845 -0.083886
v -0.045845 0.185131 -0.083886
v -0.163325 0.098490 -0.083886
v 0.262031 0.064889 -0.069349
v 0.228741 -0.137937 -0.047817
v 0.253921 -0.091624 -0.048244
v 0.251256 -0.090662 -0.047817
v 0.197435 -0.179912 -0.042090
v -0.269656 -0.012522 -0.012490
v -0.262032 -0.064889 -0.010722
v -0.259281 -0.064208 -0.010689
v -0.244338 -0.114762 -0.010722
v -0.269656 -0.012522 -0.010722
v -0.266825 -0.012391 -0.010689
v -0.266918 0.040326 -0.010722
v -0.264116 0.039902 -0.010689
v -0.251256 0.090662 -0.010689
v -0.264116 0.039902 -0.003833
v -0.251256 0.090662 -0.003833
v -0.266918 0.040326 -0.003793
v -0.266826 -0.012391 -0.003833
v -0.269656 -0.012522 -0.003793
v -0.259281 -0.064208 -0.003833
v -0.262032 -0.064889 -0.003793
v -0.241773 -0.113557 -0.003833
v -0.244338 -0.114762 -0.003793
v -0.214973 -0.158543 -0.003833
v -0.241773 -0.113557 -0.010689
v -0.214973 -0.158543 -0.010689
v -0.179913 -0.197436 -0.010689
v -0.217254 -0.160225 -0.010722
v -0.181821 -0.199530 -0.010722
v -0.181821 -0.199530 -0.012490
v -0.139401 -0.231168 -0.010722
v -0.091624 -0.253922 -0.010722
v -0.137938 -0.228741 -0.010689
v -0.090662 -0.251256 -0.010689
v -0.137938 -0.228741 -0.003833
v -0.179913 -0.197436 -0.003833
v -0.139401 -0.231168 -0.003793
v -0.090662 -0.251256 -0.003833
v -0.091624 -0.253922 -0.003793
v -0.039902 -0.264116 -0.003833
v -0.040326 -0.266918 -0.003793
v 0.012391 -0.266825 -0.003833
v -0.039902 -0.264116 -0.010689
v 0.012391 -0.266825 -0.010689
v -0.040326 -0.266918 -0.010722
v 0.012522 -0.269656 -0.010722
v 0.012522 -0.269656 -0.012490
v 0.064889 -0.262032 -0.010722
v 0.064889 -0.262032 -0.012490
v 0.114762 -0.244337 -0.010722
v 0.064208 -0.259281 -0.010689
v 0.113557 -0.241773 -0.010689
v 0.064208 -0.259281 -0.003833
v 0.064889 -0.262032 -0.003793
v 0.113557 -0.241773 -0.003833
v 0.114762 -0.244337 -0.003793
v 0.158543 -0.214973 -0.003833
v 0.160225 -0.217254 -0.003793
v 0.197435 -0.179912 -0.003833
v 0.158543 -0.214973 -0.010689
v 0.197435 -0.179912 -0.010689
v 0.160225 -0.217254 -0.010722
v 0.199530 -0.181821 -0.010722
v 0.231168 -0.139401 -0.010722
v 0.253921 -0.091624 -0.010722
v 0.228741 -0.137937 -0.010689
v 0.251256 -0.090662 -0.010689
v 0.228741 -0.137937 -0.003833
v 0.251256 -0.090662 -0.003833
v 0.231168 -0.139401 -0.003793
v 0.253921 -0.091624 -0.003793
v 0.199530 -0.181821 -0.003793
v 0.231168 -0.139401 -0.002473
v 0.253921 -0.091624 -0.002473
v 0.231168 -0.139401 0.025374
v 0.199530 -0.181821 -0.002473
v 0.160225 -0.217254 -0.002473
v 0.199530 -0.181821 0.025374
v 0.199530 -0.181821 0.026385
v 0.160225 -0.217254 0.026385
v 0.231168 -0.139401 0.026385
v 0.197435 -0.179912 0.026028
v 0.228741 -0.137937 0.026028
v 0.158543 -0.214973 0.026028
v 0.197435 -0.179912 0.032751
v 0.158543 -0.214973 0.032751
v 0.199530 -0.181821 0.033179
v 0.228741 -0.137937 0.032751
v 0.231168 -0.139401 0.033179
v 0.251256 -0.090662 0.032751
v 0.253921 -0.091624 0.033179
v 0.264115 -0.039902 0.032751
v 0.251256 -0.090662 0.026028
v 0.264115 -0.039902 0.026028
v 0.253921 -0.091624 0.026385
v 0.253921 -0.091624 0.025374
v 0.266917 -0.040326 0.026385
v 0.269656 0.012522 0.026385
v 0.266917 -0.040326 0.025374
v 0.269656 0.012522 0.025374
v 0.266917 -0.040326 -0.002473
v 0.269656 0.012522 -0.002473
v 0.266917 -0.040326 -0.003793
v 0.264115 -0.039902 -0.003833
v 0.269656 0.012522 -0.003793
v 0.266825 0.012391 -0.003833
v 0.262031 0.064889 -0.003793
v 0.259281 0.064208 -0.003833
v 0.244337 0.114762 -0.003793
v 0.262031 0.064889 -0.002473
v 0.262031 0.064889 0.025374
v 0.244337 0.114762 -0.002473
v 0.217253 0.160224 -0.002473
v 0.244337 0.114762 0.025374
v 0.217253 0.160224 0.025374
v 0.244337 0.114762 0.026385
v 0.217253 0.160224 0.026385
v 0.241772 0.113557 0.026028
v 0.262031 0.064889 0.026385
v 0.259281 0.064208 0.026028
v 0.259281 0.064208 0.032751
v 0.266825 0.012391 0.026028
v 0.266825 0.012391 0.032751
v 0.269656 0.012522 0.033179
v 0.266917 -0.040326 0.033179
v 0.262031 0.064889 0.033179
v 0.269656 0.012522 0.034494
v 0.266917 -0.040326 0.034494
v 0.269656 0.012522 0.057934
v 0.262031 0.064889 0.034494
v 0.262031 0.064889 0.057934
v 0.244337 0.114762 0.034494
v 0.244337 0.114762 0.057934
v 0.217253 0.160224 0.034494
v 0.244337 0.114762 0.033179
v 0.241772 0.113557 0.032751
v 0.217253 0.160224 0.033179
v 0.214973 0.158543 0.032751
v 0.181821 0.199530 0.033179
v 0.139401 0.231167 0.033179
v 0.181821 0.199530 0.034494
v 0.179912 0.197435 0.032751
v 0.137937 0.228741 0.032751
v 0.179912 0.197435 0.026028
v 0.137937 0.228741 0.026028
v 0.214973 0.158543 0.026028
v 0.181821 0.199530 0.026385
v 0.181821 0.199530 0.025374
v 0.139401 0.231167 0.026385
v 0.139401 0.231167 0.025374
v 0.091624 0.253922 0.026385
v 0.091624 0.253922 0.025374
v 0.040326 0.266917 0.026385
v 0.090662 0.251256 0.026028
v 0.039902 0.264115 0.026028
v 0.090662 0.251256 0.032751
v 0.039902 0.264115 0.032751
v 0.091624 0.253922 0.033179
v 0.040326 0.266917 0.033179
v 0.091624 0.253922 0.034494
v 0.139401 0.231167 0.034494
v 0.091624 0.253922 0.057934
v 0.040326 0.266917 0.034494
v 0.040325 0.266917 0.057934
v -0.012522 0.269656 0.034494
v -0.012522 0.269656 0.057934
v -0.064889 0.262032 0.034494
v -0.012522 0.269656 0.033179
v -0.012391 0.266825 0.032751
v -0.064889 0.262032 0.033179
v -0.114762 0.244337 0.033179
v -0.064208 0.259281 0.032751
v -0.113557 0.241772 0.032751
v -0.064208 0.259281 0.026028
v -0.113557 0.241772 0.026028
v -0.012391 0.266825 0.026028
v -0.064889 0.262032 0.026385
v -0.064889 0.262032 0.025374
v -0.012522 0.269656 0.026385
v -0.114762 0.244337 0.026385
v -0.160225 0.217254 0.026385
v -0.114762 0.244337 0.025374
v -0.160225 0.217254 0.025374
v -0.114762 0.244337 -0.002473
v -0.064889 0.262032 -0.002473
v -0.160225 0.217254 -0.002474
v -0.114762 0.244337 -0.003793
v -0.113557 0.241772 -0.003833
v -0.064889 0.262032 -0.003793
v -0.160225 0.217254 -0.003793
v -0.158543 0.214973 -0.003833
v -0.199530 0.181821 -0.003793
v -0.197436 0.179912 -0.003833
v -0.231168 0.139401 -0.003793
v -0.199530 0.181821 -0.002474
v -0.231168 0.139401 -0.002474
v -0.199530 0.181821 0.025374
v -0.199530 0.181821 0.026385
v -0.231168 0.139401 0.025374
v -0.231168 0.139401 0.026385
v -0.253922 0.091624 0.026385
v -0.228741 0.137938 0.026028
v -0.251256 0.090662 0.026028
v -0.228741 0.137938 0.032751
v -0.197436 0.179912 0.026028
v -0.197436 0.179912 0.032751
v -0.158543 0.214973 0.026028
v -0.158543 0.214973 0.032751
v -0.160225 0.217254 0.033179
v -0.199530 0.181821 0.033179
v -0.160225 0.217254 0.034494
v -0.114762 0.244337 0.034494
v -0.160225 0.217254 0.057934
v -0.199530 0.181821 0.034494
v -0.199530 0.181821 0.057934
v -0.231168 0.139401 0.034494
v -0.231168 0.139401 0.057934
v -0.253922 0.091624 0.034494
v -0.231168 0.139401 0.033179
v -0.253922 0.091624 0.033179
v -0.251256 0.090662 0.032751
v -0.266918 0.040326 0.033179
v -0.264116 0.039902 0.032751
v -0.269656 -0.012522 0.033179
v -0.266918 0.040326 0.034494
v -0.266918 0.040326 0.057934
v -0.269656 -0.012522 0.034494
v -0.269656 -0.012522 0.057934
v -0.262032 -0.064889 0.034494
v -0.262032 -0.064889 0.057934
v -0.244338 -0.114762 0.034494
v -0.262032 -0.064889 0.033179
v -0.259281 -0.064208 0.032751
v -0.244338 -0.114762 0.033179
v -0.241773 -0.113557 0.032751
v -0.217254 -0.160225 0.033179
v -0.214973 -0.158543 0.032751
v -0.181821 -0.199530 0.033179
v -0.217254 -0.160225 0.034494
v -0.217254 -0.160225 0.057934
v -0.181821 -0.199530 0.034494
v -0.181821 -0.199530 0.057934
v -0.139401 -0.231168 0.034494
v -0.139401 -0.231168 0.057934
v -0.139401 -0.231168 0.033179
v -0.091624 -0.253922 0.033179
v -0.137938 -0.228741 0.032751
v -0.090662 -0.251256 0.032751
v -0.137938 -0.228741 0.026028
v -0.179913 -0.197436 0.032751
v -0.179913 -0.197436 0.026028
v -0.181821 -0.199530 0.026385
v -0.214973 -0.158543 0.026028
v -0.217254 -0.160225 0.026385
v -0.241773 -0.113557 0.026028
v -0.244338 -0.114762 0.026385
v -0.259281 -0.064208 0.026028
v -0.262032 -0.064889 0.026385
v -0.266826 -0.012391 0.026028
v -0.269656 -0.012522 0.026385
v -0.264116 0.039902 0.026028
v -0.266826 -0.012391 0.032751
v -0.266918 0.040326 0.026385
v -0.266918 0.040326 0.025374
v -0.253922 0.091624 0.025374
v -0.269656 -0.012522 0.025374
v -0.266918 0.040326 -0.002474
v -0.269656 -0.012522 -0.002474
v -0.253922 0.091624 -0.002474
v -0.253922 0.091624 -0.003793
v -0.262032 -0.064889 -0.002474
v -0.244338 -0.114762 -0.002474
v -0.262032 -0.064889 0.025374
v -0.244338 -0.114762 0.025374
v -0.217254 -0.160225 0.025374
v -0.217254 -0.160225 -0.002474
v -0.181821 -0.199530 -0.002473
v -0.217254 -0.160225 -0.003793
v -0.181821 -0.199530 -0.003793
v -0.181821 -0.199530 0.025374
v -0.139401 -0.231168 0.026385
v -0.091624 -0.253922 0.026385
v -0.139401 -0.231168 0.025374
v -0.091624 -0.253922 0.025374
v -0.139401 -0.231168 -0.002473
v -0.091624 -0.253922 -0.002473
v -0.040326 -0.266918 -0.002473
v 0.012522 -0.269656 -0.002473
v -0.040326 -0.266918 0.025374
v -0.040326 -0.266918 0.026385
v 0.012522 -0.269656 0.025374
v 0.012522 -0.269656 0.026385
v 0.064889 -0.262032 0.025374
v 0.064889 -0.262032 0.026385
v 0.114762 -0.244337 0.025374
v 0.064889 -0.262032 -0.002473
v 0.114762 -0.244337 0.026385
v 0.160225 -0.217254 0.025374
v 0.114762 -0.244337 -0.002473
v 0.113557 -0.241773 0.026028
v 0.064208 -0.259281 0.026028
v 0.113557 -0.241773 0.032751
v 0.114762 -0.244337 0.033179
v 0.064208 -0.259281 0.032751
v 0.012391 -0.266825 0.032751
v 0.064889 -0.262032 0.033179
v 0.064889 -0.262032 0.034494
v 0.012522 -0.269656 0.033179
v 0.012522 -0.269656 0.034494
v -0.040326 -0.266918 0.033179
v -0.039902 -0.264116 0.032751
v -0.040326 -0.266918 0.034494
v -0.091624 -0.253922 0.034494
v -0.040326 -0.266918 0.057934
v -0.091624 -0.253922 0.057934
v 0.012522 -0.269656 0.057934
v -0.038679 -0.256019 0.072934
v -0.087883 -0.243554 0.072934
v 0.012011 -0.258646 0.072934
v -0.036335 -0.240501 0.072934
v -0.082556 -0.228791 0.072934
v 0.011283 -0.242968 0.072934
v -0.032413 -0.214542 0.077379
v -0.028491 -0.188583 0.071487
v -0.073645 -0.204096 0.077379
v 0.010065 -0.216743 0.077379
v 0.008847 -0.190518 0.071487
v 0.052156 -0.210615 0.077379
v 0.045845 -0.185131 0.071487
v 0.092243 -0.196392 0.077379
v 0.058467 -0.236098 0.072934
v 0.062239 -0.251333 0.072934
v 0.103404 -0.220155 0.072934
v 0.110076 -0.234361 0.072934
v 0.144367 -0.195752 0.072934
v 0.179783 -0.163826 0.072934
v 0.153682 -0.208383 0.072934
v 0.128785 -0.174623 0.077379
v 0.113202 -0.153494 0.071487
v 0.160377 -0.146143 0.077379
v 0.140972 -0.128460 0.071487
v 0.185807 -0.112047 0.077379
v 0.204096 -0.073645 0.077379
v 0.208289 -0.125604 0.072934
v 0.163324 -0.098489 0.071487
v 0.179401 -0.064734 0.071487
v 0.150408 -0.090701 0.063346
v 0.129823 -0.118301 0.063346
v 0.165213 -0.059615 0.063346
v 0.146914 -0.088593 0.050026
v 0.126807 -0.115552 0.050026
v 0.161374 -0.058229 0.050026
v 0.169634 -0.025628 0.050026
v 0.171374 0.007958 0.050026
v 0.173669 -0.026238 0.063346
v 0.175450 0.008147 0.063346
v 0.188582 -0.028491 0.071487
v 0.214541 -0.032413 0.077379
v 0.190517 0.008847 0.071487
v 0.216743 0.010065 0.077379
v 0.185130 0.045845 0.071487
v 0.210614 0.052156 0.077379
v 0.172629 0.081082 0.071487
v 0.170490 0.042220 0.063346
v 0.158977 0.074669 0.063346
v 0.166529 0.041239 0.050026
v 0.155283 0.072934 0.050026
v 0.138071 0.101827 0.050026
v 0.141355 0.104249 0.063346
v 0.115552 0.126807 0.050026
v 0.118301 0.129823 0.063346
v 0.088593 0.146914 0.050026
v 0.090701 0.150408 0.063346
v 0.058229 0.161375 0.050026
v 0.059615 0.165213 0.063346
v 0.025628 0.169634 0.050026
v 0.026238 0.173669 0.063346
v -0.007958 0.171374 0.050026
v -0.008148 0.175451 0.063346
v -0.041239 0.166529 0.050026
v -0.072935 0.155284 0.050026
v -0.042220 0.170490 0.063346
v -0.074670 0.158977 0.063346
v -0.045845 0.185131 0.071487
v -0.052156 0.210614 0.077379
v -0.008847 0.190517 0.071487
v -0.081082 0.172629 0.071487
v -0.092243 0.196392 0.077379
v -0.113202 0.153494 0.071487
v -0.128785 0.174623 0.077379
v -0.140972 0.128460 0.071487
v -0.104250 0.141355 0.063346
v -0.129824 0.118301 0.063346
v -0.101828 0.138071 0.050026
v -0.126807 0.115553 0.050026
v -0.146914 0.088593 0.050026
v -0.150409 0.090701 0.063346
v -0.161375 0.058230 0.050026
v -0.165214 0.059615 0.063346
v -0.169634 0.025628 0.050026
v -0.173669 0.026238 0.063346
v -0.171374 -0.007958 0.050026
v -0.175451 -0.008148 0.063346
v -0.166529 -0.041239 0.050026
v -0.170490 -0.042220 0.063346
v -0.155284 -0.072935 0.050026
v -0.158978 -0.074670 0.063346
v -0.138071 -0.101828 0.050026
v -0.141356 -0.104250 0.063346
v -0.115553 -0.126807 0.050026
v -0.118301 -0.129824 0.063346
v -0.088593 -0.146914 0.050026
v -0.090701 -0.150409 0.063346
v -0.058230 -0.161375 0.050026
v -0.025628 -0.169634 0.050026
v -0.059615 -0.165213 0.063346
v -0.064734 -0.179401 0.071487
v -0.026238 -0.173669 0.063346
v 0.008147 -0.175451 0.063346
v 0.042220 -0.170490 0.063346
v 0.007958 -0.171374 0.050026
v 0.041239 -0.166529 0.050026
v 0.072935 -0.155284 0.050026
v 0.074669 -0.158977 0.063346
v 0.101827 -0.138071 0.050026
v 0.104250 -0.141355 0.063346
v 0.081082 -0.172629 0.071487
v -0.098490 -0.163325 0.071487
v -0.112047 -0.185807 0.077379
v -0.128460 -0.140972 0.071487
v -0.153494 -0.113202 0.071487
v -0.146143 -0.160377 0.077379
v -0.174623 -0.128785 0.077379
v -0.163826 -0.179783 0.072934
v -0.174397 -0.191383 0.072934
v -0.195752 -0.144367 0.072934
v -0.125605 -0.208289 0.072934
v -0.133709 -0.221729 0.072934
v -0.208383 -0.153683 0.072934
v -0.220156 -0.103404 0.072934
v -0.234361 -0.110076 0.072934
v -0.236099 -0.058467 0.072934
v -0.196393 -0.092243 0.077379
v -0.172630 -0.081082 0.071487
v -0.210615 -0.052156 0.077379
v -0.185131 -0.045845 0.071487
v -0.216743 -0.010065 0.077379
v -0.190518 -0.008847 0.071487
v -0.214542 0.032413 0.077379
v -0.242968 -0.011283 0.072934
v -0.258646 -0.012011 0.072934
v -0.240501 0.036335 0.072934
v -0.256019 0.038679 0.072934
v -0.228791 0.082556 0.072934
v -0.243554 0.087883 0.072934
v -0.208289 0.125605 0.072934
v -0.204096 0.073645 0.077379
v -0.179401 0.064734 0.071487
v -0.185807 0.112047 0.077379
v -0.163325 0.098490 0.071487
v -0.160378 0.146143 0.077379
v -0.179783 0.163826 0.072934
v -0.191383 0.174397 0.072934
v -0.144367 0.195752 0.072934
v -0.153683 0.208383 0.072934
v -0.103404 0.220155 0.072934
v -0.110076 0.234361 0.072934
v -0.058467 0.236098 0.072934
v -0.062239 0.251332 0.072934
v -0.011283 0.242968 0.072934
v -0.012011 0.258646 0.072934
v 0.036334 0.240501 0.072934
v -0.010065 0.216743 0.077379
v 0.032413 0.214542 0.077379
v 0.028491 0.188583 0.071487
v 0.073645 0.204096 0.077379
v 0.064734 0.179401 0.071487
v 0.112047 0.185807 0.077379
v 0.082556 0.228791 0.072934
v 0.087883 0.243554 0.072934
v 0.125604 0.208289 0.072934
v 0.133709 0.221729 0.072934
v 0.163826 0.179782 0.072934
v 0.174397 0.191383 0.072934
v 0.195752 0.144367 0.072934
v 0.146143 0.160377 0.077379
v 0.128460 0.140972 0.071487
v 0.174623 0.128784 0.077379
v 0.153494 0.113202 0.071487
v 0.196392 0.092243 0.077379
v 0.220155 0.103404 0.072934
v 0.234361 0.110076 0.072934
v 0.236098 0.058467 0.072934
v 0.251332 0.062239 0.072934
v 0.242968 0.011283 0.072934
v 0.258645 0.012011 0.072934
v 0.240500 -0.036335 0.072934
v 0.256019 -0.038679 0.072934
v 0.228791 -0.082556 0.072934
v 0.243554 -0.087882 0.072934
v 0.253921 -0.091624 0.057934
v 0.221729 -0.133709 0.072934
v 0.231168 -0.139401 0.057934
v 0.191383 -0.174397 0.072934
v 0.199530 -0.181821 0.057934
v 0.199530 -0.181821 0.034494
v 0.160225 -0.217254 0.057934
v 0.160225 -0.217254 0.034494
v 0.114762 -0.244337 0.057934
v 0.114762 -0.244337 0.034494
v 0.064889 -0.262032 0.057934
v 0.160225 -0.217254 0.033179
v 0.231168 -0.139401 0.034494
v 0.253921 -0.091624 0.034494
v 0.266917 -0.040326 0.057934
v 0.208383 0.153682 0.072934
v 0.217253 0.160224 0.057934
v 0.181821 0.199530 0.057934
v 0.139401 0.231167 0.057934
v 0.098489 0.163325 0.071487
v 0.038679 0.256019 0.072934
v -0.064889 0.262032 0.057934
v -0.114762 0.244337 0.057934
v -0.221729 0.133709 0.072934
v -0.188583 0.028491 0.071487
v -0.253922 0.091624 0.057934
v -0.251333 -0.062240 0.072934
v -0.244338 -0.114762 0.057934
v -0.039902 -0.264116 0.026028
v 0.012391 -0.266825 0.026028
v -0.090662 -0.251256 0.026028
v 0.012522 -0.269656 -0.003793
v -0.228741 0.137938 -0.003833
v -0.064208 0.259281 -0.003833
v -0.012522 0.269656 -0.003793
v -0.012391 0.266825 -0.003833
v 0.040326 0.266917 -0.003793
v -0.012522 0.269656 -0.002473
v -0.012522 0.269656 0.025374
v 0.040326 0.266917 -0.002473
v 0.040326 0.266917 0.025374
v 0.091624 0.253922 -0.002473
v 0.139401 0.231167 -0.002473
v 0.091624 0.253922 -0.003793
v 0.090662 0.251256 -0.003833
v 0.139401 0.231167 -0.003793
v 0.137937 0.228741 -0.003833
v 0.181821 0.199530 -0.003793
v 0.179912 0.197435 -0.003833
v 0.217253 0.160224 -0.003793
v 0.181821 0.199530 -0.002473
v 0.214973 0.158543 -0.003833
v 0.241772 0.113557 -0.003833
v 0.214973 0.158543 -0.010689
v 0.179912 0.197435 -0.010689
v 0.217254 0.160224 -0.010722
v 0.241772 0.113557 -0.010689
v 0.244337 0.114762 -0.010722
v 0.259281 0.064208 -0.010689
v 0.262031 0.064889 -0.010722
v 0.266825 0.012391 -0.010689
v 0.269656 0.012522 -0.010722
v 0.264115 -0.039902 -0.010689
v 0.266917 -0.040326 -0.010722
v 0.181821 0.199530 -0.010722
v 0.137937 0.228741 -0.010689
v 0.039902 0.264115 -0.003833
v -0.012391 0.266825 -0.010689
v -0.064208 0.259281 -0.010689
v -0.113557 0.241772 -0.010689
v -0.064889 0.262032 -0.010722
v 0.253921 -0.091624 -0.012490
v 0.114762 -0.244337 -0.012490
v -0.199530 0.181821 -0.042456
v -0.139450 0.021512 -0.043904
v -0.140889 -0.006274 -0.043904
v -0.139450 0.021512 -0.047853
v -0.137239 0.021178 -0.042805
v -0.132617 0.048484 -0.043904
v -0.130513 0.047725 -0.042805
v -0.120653 0.073605 -0.043904
v -0.132617 0.048484 -0.047853
v -0.120653 0.073605 -0.047853
v -0.132617 0.048484 -0.063922
v -0.120653 0.073605 -0.063922
v -0.139450 0.021512 -0.063922
v -0.140889 -0.006274 -0.063922
v -0.140889 -0.006274 -0.047853
v -0.136881 -0.033808 -0.063922
v -0.127577 -0.060030 -0.063922
v -0.136881 -0.033808 -0.047853
v -0.136881 -0.033808 -0.043904
v -0.127577 -0.060030 -0.043904
v -0.134710 -0.033270 -0.042805
v -0.122158 -0.030162 -0.036445
v -0.125553 -0.059080 -0.042804
v -0.138656 -0.006170 -0.042805
v -0.125739 -0.005571 -0.036445
v -0.123841 -0.005483 -0.035511
v -0.124453 0.019247 -0.036445
v -0.122574 0.018963 -0.035511
v -0.118350 0.043336 -0.036445
v -0.116563 0.042691 -0.035511
v -0.107664 0.065772 -0.036445
v -0.106038 0.064791 -0.035511
v -0.118738 0.072450 -0.042805
v -0.102365 0.094402 -0.042804
v -0.104018 0.095909 -0.043904
v -0.092807 0.085693 -0.036445
v -0.091403 0.084413 -0.035511
v -0.073222 0.100803 -0.035511
v -0.090377 0.083478 -0.031942
v -0.072398 0.099686 -0.031942
v -0.104849 0.064075 -0.031942
v -0.085088 0.078658 -0.013544
v -0.084192 0.077842 -0.010429
v -0.098721 0.060379 -0.013544
v -0.068151 0.093927 -0.013544
v -0.067431 0.092951 -0.010429
v -0.048560 0.105597 -0.013544
v -0.048045 0.104500 -0.010429
v -0.027069 0.113222 -0.013544
v -0.051602 0.112075 -0.031942
v -0.052193 0.113331 -0.035511
v -0.028790 0.120168 -0.031942
v -0.029123 0.121516 -0.035511
v -0.004836 0.123656 -0.031942
v -0.004504 0.116507 -0.013544
v 0.019338 0.122403 -0.031942
v -0.004900 0.125043 -0.035511
v -0.004988 0.126940 -0.036445
v 0.019545 0.123776 -0.035511
v 0.019829 0.125654 -0.036445
v 0.043274 0.117765 -0.035511
v 0.043919 0.119551 -0.036445
v 0.065374 0.107239 -0.035511
v 0.042803 0.116459 -0.031942
v 0.064657 0.106050 -0.031942
v 0.040374 0.109727 -0.013544
v 0.039962 0.108587 -0.010429
v 0.018269 0.115327 -0.013544
v 0.060961 0.099922 -0.013544
v 0.060336 0.098885 -0.010429
v 0.079241 0.086289 -0.013544
v 0.078424 0.085394 -0.010429
v 0.094509 0.069352 -0.013544
v 0.084061 0.091579 -0.031942
v 0.084996 0.092605 -0.035511
v 0.086275 0.094009 -0.036445
v 0.101386 0.074424 -0.035511
v 0.102914 0.075551 -0.036445
v 0.113914 0.053394 -0.035511
v 0.100268 0.073600 -0.031942
v 0.115633 0.054202 -0.036445
v 0.112657 0.052804 -0.031942
v 0.122098 0.030325 -0.035511
v 0.123942 0.030781 -0.036445
v 0.125625 0.006102 -0.035511
v 0.120751 0.029991 -0.031942
v 0.124238 0.006038 -0.031942
v 0.113804 0.028271 -0.013544
v 0.112628 0.027980 -0.010429
v 0.106180 0.049762 -0.013544
v 0.117090 0.005706 -0.013544
v 0.115879 0.005649 -0.010429
v 0.115910 -0.017067 -0.013544
v 0.114711 -0.016886 -0.010429
v 0.110309 -0.039172 -0.013544
v 0.122985 -0.018136 -0.031942
v 0.124358 -0.018344 -0.035511
v 0.117041 -0.041601 -0.031942
v 0.118347 -0.042072 -0.035511
v 0.107822 -0.064172 -0.035511
v 0.120134 -0.042717 -0.036445
v 0.126237 -0.018627 -0.036445
v 0.109448 -0.065153 -0.036445
v 0.132297 -0.047106 -0.042805
v 0.120522 -0.071831 -0.042805
v 0.139022 -0.020559 -0.042805
v 0.134400 -0.047865 -0.043904
v 0.141234 -0.020893 -0.043904
v 0.122437 -0.072986 -0.043904
v 0.134400 -0.047865 -0.047853
v 0.141234 -0.020893 -0.047853
v 0.134400 -0.047865 -0.063922
v 0.122437 -0.072986 -0.047853
v 0.122437 -0.072986 -0.063922
v 0.105802 -0.095289 -0.063922
v 0.105802 -0.095289 -0.047853
v 0.085136 -0.113919 -0.063922
v 0.085136 -0.113919 -0.047853
v 0.061232 -0.128160 -0.063922
v 0.061232 -0.128160 -0.047853
v 0.035010 -0.137463 -0.063922
v 0.035010 -0.137463 -0.047853
v 0.007476 -0.141472 -0.063922
v 0.007476 -0.141472 -0.047853
v -0.020311 -0.140032 -0.063922
v -0.020311 -0.140032 -0.047853
v -0.047283 -0.133199 -0.063922
v -0.047283 -0.133199 -0.047853
v -0.072403 -0.121235 -0.063922
v -0.094707 -0.104600 -0.063922
v -0.072403 -0.121235 -0.047853
v -0.094707 -0.104600 -0.047853
v -0.072403 -0.121235 -0.043904
v -0.047283 -0.133199 -0.043904
v -0.071249 -0.119320 -0.042804
v -0.094707 -0.104600 -0.043904
v -0.093201 -0.102948 -0.042804
v -0.113337 -0.083934 -0.043904
v -0.111537 -0.082607 -0.042804
v -0.113337 -0.083934 -0.047853
v -0.113337 -0.083934 -0.063922
v -0.127577 -0.060030 -0.047853
v -0.101131 -0.074932 -0.036445
v -0.099602 -0.073804 -0.035511
v -0.084491 -0.093390 -0.036445
v -0.113849 -0.053582 -0.036445
v -0.112130 -0.052775 -0.035511
v -0.120314 -0.029705 -0.035511
v -0.110873 -0.052185 -0.031942
v -0.104396 -0.049142 -0.013544
v -0.098484 -0.072980 -0.031942
v -0.118967 -0.029372 -0.031942
v -0.122454 -0.005418 -0.031942
v -0.112020 -0.027652 -0.013544
v -0.110844 -0.027360 -0.010429
v -0.115306 -0.005086 -0.013544
v -0.114095 -0.005030 -0.010429
v -0.114126 0.017686 -0.013544
v -0.112927 0.017505 -0.010429
v -0.108526 0.039791 -0.013544
v -0.121202 0.018755 -0.031942
v -0.115257 0.042220 -0.031942
v -0.107386 0.039380 -0.010429
v -0.097683 0.059753 -0.010429
v -0.106013 0.038885 -0.009376
v -0.097476 0.035804 -0.002828
v -0.111485 0.017287 -0.009376
v -0.096433 0.059000 -0.009376
v -0.088662 0.054313 -0.002828
v -0.083113 0.076859 -0.009376
v -0.076405 0.070747 -0.002828
v -0.066565 0.091777 -0.009376
v -0.061179 0.084473 -0.002828
v -0.047425 0.103180 -0.009376
v -0.043566 0.094965 -0.002828
v -0.026427 0.110629 -0.009376
v -0.024246 0.101820 -0.002828
v -0.004380 0.113839 -0.009376
v -0.026778 0.112046 -0.010429
v -0.004448 0.115297 -0.010429
v 0.018088 0.114129 -0.010429
v 0.017870 0.112686 -0.009376
v 0.016514 0.103713 -0.002828
v 0.039467 0.107215 -0.009376
v 0.036387 0.098678 -0.002828
v 0.059582 0.097635 -0.009376
v 0.054895 0.089863 -0.002828
v 0.077442 0.084315 -0.009376
v 0.071329 0.077607 -0.002828
v 0.092359 0.067767 -0.009376
v 0.085055 0.062380 -0.002828
v 0.103762 0.048626 -0.009376
v 0.093534 0.068633 -0.010429
v 0.105083 0.049247 -0.010429
v 0.095548 0.044768 -0.002828
v 0.102402 0.025447 -0.002828
v 0.105356 0.005161 -0.002828
v 0.111212 0.027629 -0.009376
v 0.114422 0.005582 -0.009376
v 0.113269 -0.016668 -0.009376
v 0.104295 -0.015312 -0.002828
v 0.099260 -0.035185 -0.002828
v 0.090446 -0.053694 -0.002828
v 0.107797 -0.038266 -0.009376
v 0.109170 -0.038761 -0.010429
v 0.099467 -0.059134 -0.010429
v 0.100505 -0.059760 -0.013544
v 0.085976 -0.077223 -0.010429
v 0.098217 -0.058381 -0.009376
v 0.084897 -0.076240 -0.009376
v 0.078189 -0.070127 -0.002828
v 0.068349 -0.091158 -0.009376
v 0.062962 -0.083854 -0.002828
v 0.049208 -0.102561 -0.009376
v 0.069215 -0.092332 -0.010429
v 0.069934 -0.093307 -0.013544
v 0.049829 -0.103881 -0.010429
v 0.050344 -0.104978 -0.013544
v 0.028562 -0.111426 -0.010429
v 0.028853 -0.112603 -0.013544
v 0.006232 -0.114678 -0.010429
v 0.028211 -0.110010 -0.009376
v 0.026030 -0.101201 -0.002828
v 0.005743 -0.104154 -0.002828
v 0.045350 -0.094346 -0.002828
v -0.014730 -0.103093 -0.002828
v 0.006164 -0.113220 -0.009376
v -0.016086 -0.112067 -0.009376
v -0.037683 -0.106595 -0.009376
v -0.016304 -0.113510 -0.010429
v -0.016485 -0.114708 -0.013544
v -0.038179 -0.107968 -0.010429
v -0.038590 -0.109108 -0.013544
v -0.058552 -0.098265 -0.010429
v -0.059178 -0.099303 -0.013544
v -0.076641 -0.084774 -0.010429
v -0.057798 -0.097016 -0.009376
v -0.053112 -0.089244 -0.002828
v -0.075658 -0.083696 -0.009376
v -0.069545 -0.076988 -0.002828
v -0.090576 -0.067147 -0.009376
v -0.083272 -0.061761 -0.002828
v -0.091750 -0.068014 -0.010429
v -0.092725 -0.068733 -0.013544
v -0.103299 -0.048627 -0.010429
v -0.101978 -0.048007 -0.009376
v -0.093764 -0.044149 -0.002828
v -0.100618 -0.024828 -0.002828
v -0.103572 -0.004541 -0.002828
v -0.109428 -0.027010 -0.009376
v -0.112638 -0.004962 -0.009376
v -0.102511 0.015932 -0.002828
v -0.077457 -0.085670 -0.013544
v -0.082277 -0.090959 -0.031942
v -0.083212 -0.091986 -0.035511
v -0.063590 -0.106620 -0.035511
v -0.041490 -0.117145 -0.035511
v -0.064571 -0.108247 -0.036445
v -0.062873 -0.105431 -0.031942
v -0.017761 -0.123157 -0.035511
v -0.042135 -0.118932 -0.036445
v -0.041019 -0.115839 -0.031942
v -0.017554 -0.121784 -0.031942
v 0.006620 -0.123037 -0.031942
v 0.006684 -0.124423 -0.035511
v 0.006288 -0.115888 -0.013544
v 0.030907 -0.120897 -0.035511
v 0.006772 -0.126321 -0.036445
v 0.031364 -0.122741 -0.036445
v 0.007372 -0.139238 -0.042804
v 0.007476 -0.141472 -0.043904
v -0.019977 -0.137821 -0.042804
v -0.018045 -0.125035 -0.036445
v -0.046524 -0.131095 -0.042804
v -0.020311 -0.140032 -0.043904
v 0.035010 -0.137463 -0.043904
v 0.034472 -0.135292 -0.042804
v 0.061232 -0.128160 -0.043904
v 0.060281 -0.126136 -0.042804
v 0.085136 -0.113919 -0.043904
v 0.083809 -0.112120 -0.042804
v 0.105802 -0.095289 -0.043904
v 0.104149 -0.093783 -0.042805
v 0.094591 -0.085074 -0.036445
v 0.093187 -0.083794 -0.035511
v 0.076133 -0.101713 -0.036445
v 0.075006 -0.100184 -0.035511
v 0.054784 -0.114431 -0.036445
v 0.053977 -0.112712 -0.035511
v 0.053386 -0.111455 -0.031942
v 0.074182 -0.099067 -0.031942
v 0.092161 -0.082859 -0.031942
v 0.106633 -0.063455 -0.031942
v 0.086872 -0.078039 -0.013544
v 0.030573 -0.119549 -0.031942
v -0.034603 -0.098059 -0.002828
v -0.003959 0.104773 -0.002828
v 0.141234 -0.020893 -0.063922
v 0.142673 0.006894 -0.063922
v 0.142673 0.006894 -0.047853
v 0.138665 0.034427 -0.063922
v 0.138665 0.034427 -0.047853
v 0.129361 0.060650 -0.063922
v 0.129361 0.060650 -0.047853
v 0.115121 0.084554 -0.063922
v 0.115121 0.084554 -0.047853
v 0.096491 0.105220 -0.063922
v 0.096491 0.105220 -0.047853
v 0.074187 0.121854 -0.063922
v 0.074187 0.121854 -0.047853
v 0.049067 0.133818 -0.063922
v 0.049067 0.133818 -0.047853
v 0.022095 0.140651 -0.063922
v 0.022095 0.140651 -0.047853
v -0.005692 0.142091 -0.063922
v -0.005692 0.142091 -0.047853
v -0.033226 0.138082 -0.063922
v -0.033226 0.138082 -0.047853
v -0.059448 0.128779 -0.063922
v -0.059448 0.128779 -0.047853
v -0.083352 0.114539 -0.063922
v -0.083352 0.114539 -0.047853
v -0.104018 0.095909 -0.063922
v -0.104018 0.095909 -0.047853
v -0.083352 0.114539 -0.043904
v -0.082025 0.112739 -0.042804
v -0.059448 0.128779 -0.043904
v -0.058498 0.126755 -0.042804
v -0.033226 0.138082 -0.043904
v -0.032688 0.135912 -0.042804
v -0.005692 0.142091 -0.043904
v -0.005588 0.139857 -0.042804
v 0.022095 0.140651 -0.043904
v 0.021761 0.138440 -0.042804
v 0.049067 0.133818 -0.043904
v 0.074187 0.121854 -0.043904
v 0.048308 0.131715 -0.042804
v 0.073032 0.119939 -0.042804
v 0.066355 0.108866 -0.036445
v 0.094985 0.103567 -0.042804
v 0.096491 0.105220 -0.043904
v 0.115121 0.084554 -0.043904
v 0.113321 0.083226 -0.042804
v 0.129361 0.060650 -0.043904
v 0.138665 0.034427 -0.043904
v 0.127337 0.059699 -0.042805
v 0.136494 0.033890 -0.042805
v 0.142673 0.006894 -0.043904
v 0.140440 0.006790 -0.042805
v 0.127522 0.006190 -0.036445
v -0.029580 0.123360 -0.036445
v -0.053000 0.115051 -0.036445
v -0.074350 0.102332 -0.036445
v -0.000300 -0.068014 -0.002551
v -0.000300 -0.068014 0.026864
v -0.001090 -0.063818 -0.002551
v -0.002251 -0.071499 -0.002551
v -0.002251 -0.071499 0.026864
v -0.004564 -0.075085 -0.002551
v -0.004564 -0.075085 0.026864
v -0.008369 -0.076183 -0.002551
v -0.008369 -0.076183 0.026864
v -0.012580 -0.077070 -0.002551
v -0.012580 -0.077070 0.026864
v -0.016147 -0.075008 -0.002551
v -0.016147 -0.075008 0.026864
v -0.019651 -0.072806 -0.002551
v -0.019651 -0.072806 0.026864
v -0.020653 -0.069016 -0.002551
v -0.020653 -0.069016 0.026864
v -0.021636 -0.064790 -0.002551
v -0.021636 -0.064790 0.026864
v -0.019685 -0.061305 -0.002551
v -0.019685 -0.061305 0.026864
v -0.017372 -0.057719 -0.002551
v -0.017372 -0.057719 0.026864
v -0.013359 -0.056553 -0.002551
v -0.013359 -0.056553 0.026864
v -0.009356 -0.055734 -0.002551
v -0.009356 -0.055734 0.026864
v -0.005789 -0.057796 -0.002551
v -0.005789 -0.057796 0.026864
v -0.002285 -0.059998 -0.002551
v -0.002285 -0.059998 0.026864
v -0.001090 -0.063818 0.026864
v 0.078682 -0.012260 -0.002551
v 0.078682 -0.012260 0.026864
v 0.076731 -0.015745 -0.002551
v 0.077891 -0.008064 -0.002551
v 0.077891 -0.008064 0.026864
v 0.076697 -0.004244 -0.002551
v 0.076697 -0.004244 0.026864
v 0.073193 -0.002042 -0.002551
v 0.073193 -0.002042 0.026864
v 0.069625 0.000020 -0.002551
v 0.069625 0.000020 0.026864
v 0.065623 -0.000799 -0.002551
v 0.065622 -0.000799 0.026864
v 0.061610 -0.001965 -0.002551
v 0.061610 -0.001965 0.026864
v 0.059296 -0.005551 -0.002551
v 0.059296 -0.005551 0.026864
v 0.057345 -0.009036 -0.002551
v 0.057345 -0.009036 0.026864
v 0.058329 -0.013262 -0.002551
v 0.058329 -0.013262 0.026864
v 0.059330 -0.017052 -0.002551
v 0.059330 -0.017052 0.026864
v 0.062834 -0.019254 -0.002551
v 0.062834 -0.019254 0.026864
v 0.066402 -0.021316 -0.002551
v 0.066402 -0.021316 0.026864
v 0.070613 -0.020429 -0.002551
v 0.070613 -0.020429 0.026864
v 0.074417 -0.019331 -0.002551
v 0.074417 -0.019331 0.026864
v 0.076731 -0.015745 0.026864
v 0.021421 0.064898 -0.002551
v 0.021421 0.064898 0.026864
v 0.020631 0.069094 -0.002551
v 0.019471 0.061413 -0.002551
v 0.019471 0.061413 0.026864
v 0.017157 0.057827 -0.002551
v 0.017157 0.057827 0.026864
v 0.013352 0.056729 -0.002551
v 0.013352 0.056729 0.026864
v 0.009141 0.055842 -0.002551
v 0.009141 0.055842 0.026864
v 0.005574 0.057904 -0.002551
v 0.005574 0.057904 0.026864
v 0.002070 0.060106 -0.002551
v 0.002070 0.060106 0.026864
v 0.001069 0.063896 -0.002551
v 0.001069 0.063896 0.026864
v 0.000085 0.068122 -0.002551
v 0.000085 0.068122 0.026864
v 0.002036 0.071607 -0.002551
v 0.002036 0.071607 0.026864
v 0.004349 0.075193 -0.002551
v 0.004349 0.075193 0.026864
v 0.008362 0.076359 -0.002551
v 0.008362 0.076359 0.026864
v 0.012365 0.077178 -0.002551
v 0.012365 0.077178 0.026864
v 0.015932 0.075116 -0.002551
v 0.015932 0.075116 0.026864
v 0.019436 0.072914 -0.002551
v 0.019436 0.072914 0.026864
v 0.020631 0.069094 0.026864
v -0.056399 0.007328 -0.002551
v -0.056399 0.007328 0.026864
v -0.057189 0.011524 -0.002551
v -0.058350 0.003842 -0.002551
v -0.058350 0.003842 0.026864
v -0.060663 0.000256 -0.002551
v -0.060663 0.000256 0.026864
v -0.064468 -0.000842 -0.002551
v -0.064468 -0.000842 0.026864
v -0.068679 -0.001729 -0.002551
v -0.068679 -0.001729 0.026864
v -0.072246 0.000333 -0.002551
v -0.072246 0.000333 0.026864
v -0.075750 0.002536 -0.002551
v -0.075750 0.002536 0.026864
v -0.076752 0.006326 -0.002551
v -0.076752 0.006326 0.026864
v -0.077735 0.010551 -0.002551
v -0.077735 0.010551 0.026864
v -0.075784 0.014036 -0.002551
v -0.075784 0.014036 0.026864
v -0.073471 0.017623 -0.002551
v -0.073471 0.017623 0.026864
v -0.069458 0.018788 -0.002551
v -0.069458 0.018788 0.026864
v -0.065455 0.019607 -0.002551
v -0.065455 0.019607 0.026864
v -0.061888 0.017545 -0.002551
v -0.061888 0.017545 0.026864
v -0.058384 0.015343 -0.002551
v -0.058384 0.015343 0.026864
v -0.057189 0.011524 0.026864
v 0.021348 0.065062 0.023321
v 0.016934 0.069491 0.031735
v 0.015823 0.062135 0.031735
v 0.017162 0.058119 0.023321
v 0.019399 0.072933 0.023321
v 0.013146 0.072943 0.031735
v 0.012456 0.077119 0.023321
v 0.008027 0.072705 0.031735
v 0.004586 0.075170 0.023321
v 0.004576 0.068917 0.031735
v 0.000399 0.068227 0.023321
v 0.004186 0.066334 0.031735
v 0.002348 0.060357 0.023321
v 0.006364 0.061696 0.031735
v 0.009291 0.056170 0.023321
v 0.011184 0.059957 0.031735
v -0.000453 -0.067965 0.023321
v -0.004868 -0.063536 0.031735
v -0.005979 -0.070892 0.031735
v -0.004640 -0.074908 0.023321
v -0.002402 -0.060095 0.023321
v -0.008655 -0.060085 0.031735
v -0.009345 -0.055908 0.023321
v -0.013774 -0.060322 0.031735
v -0.017215 -0.057857 0.023321
v -0.017226 -0.064110 0.031735
v -0.021402 -0.064800 0.023321
v -0.017616 -0.066693 0.031735
v -0.019453 -0.072670 0.023321
v -0.015438 -0.071331 0.031735
v -0.012510 -0.076857 0.023321
v -0.010617 -0.073071 0.031735
v -0.056381 0.007367 0.023321
v -0.060795 0.011796 0.031735
v -0.061906 0.004440 0.031735
v -0.060568 0.000424 0.023321
v -0.058330 0.015237 0.023321
v -0.064583 0.015248 0.031735
v -0.065273 0.019424 0.023321
v -0.069702 0.015010 0.031735
v -0.073143 0.017475 0.023321
v -0.073153 0.011222 0.031735
v -0.077330 0.010532 0.023321
v -0.073544 0.008639 0.031735
v -0.075381 0.002662 0.023321
v -0.071365 0.004001 0.031735
v -0.068438 -0.001525 0.023321
v -0.066545 0.002261 0.031735
v 0.078690 -0.012187 0.023321
v 0.074276 -0.007758 0.031735
v 0.073165 -0.015115 0.031735
v 0.074503 -0.019130 0.023321
v 0.076741 -0.004317 0.023321
v 0.070488 -0.004307 0.031735
v 0.069798 -0.000130 0.023321
v 0.065369 -0.004545 0.031735
v 0.061928 -0.002079 0.023321
v 0.061918 -0.008332 0.031735
v 0.057741 -0.009022 0.023321
v 0.061527 -0.010915 0.031735
v 0.059690 -0.016892 0.023321
v 0.063706 -0.015554 0.031735
v 0.066633 -0.021079 0.023321
v 0.068526 -0.017293 0.031735
v 0.149500 -0.053945 0.030306
v 0.146528 -0.052873 0.016654
v 0.136103 -0.082075 0.030306
v 0.157151 -0.023743 0.030306
v 0.173687 -0.062673 0.040967
v 0.158123 -0.095353 0.040967
v 0.182576 -0.027584 0.040967
v 0.184449 0.008565 0.040967
v 0.158763 0.007372 0.030306
v 0.179234 0.044385 0.040967
v 0.154274 0.038204 0.030306
v 0.168464 0.074743 0.040967
v 0.145004 0.064334 0.030306
v 0.167131 0.078499 0.040967
v 0.143857 0.067567 0.030306
v 0.148605 0.109596 0.040967
v 0.127911 0.094334 0.030306
v 0.124369 0.136482 0.040967
v 0.107049 0.117476 0.030306
v 0.120751 0.139180 0.040967
v 0.103935 0.119798 0.030306
v 0.095352 0.158122 0.040967
v 0.082074 0.136103 0.030306
v 0.062672 0.173686 0.040967
v 0.053945 0.149500 0.030306
v 0.027583 0.182576 0.040967
v 0.023742 0.157151 0.030306
v -0.008566 0.184449 0.040967
v -0.007373 0.158763 0.030306
v -0.044385 0.179234 0.040966
v -0.038204 0.154274 0.030306
v -0.074733 0.168467 0.040966
v -0.064326 0.145007 0.030306
v -0.078499 0.167131 0.040966
v -0.067568 0.143857 0.030306
v -0.109597 0.148605 0.040966
v -0.094335 0.127911 0.030306
v -0.136482 0.124368 0.040966
v -0.117476 0.107049 0.030306
v -0.138581 0.121555 0.040966
v -0.119283 0.104627 0.030306
v -0.158123 0.095352 0.040966
v -0.136103 0.082074 0.030306
v -0.173687 0.062672 0.040966
v -0.149500 0.053944 0.030306
v -0.182577 0.027583 0.040966
v -0.157152 0.023742 0.030306
v -0.184450 -0.008566 0.040966
v -0.158764 -0.007373 0.030306
v -0.179235 -0.044386 0.040966
v -0.154275 -0.038205 0.030306
v -0.168183 -0.075536 0.040966
v -0.144762 -0.065017 0.030306
v -0.167132 -0.078500 0.040966
v -0.143857 -0.067568 0.030306
v -0.148606 -0.109597 0.040966
v -0.127911 -0.094335 0.030306
v -0.124369 -0.136483 0.040966
v -0.107050 -0.117477 0.030306
v -0.121557 -0.138580 0.040966
v -0.104629 -0.119282 0.030306
v -0.095353 -0.158123 0.040966
v -0.082075 -0.136104 0.030306
v -0.062673 -0.173688 0.040967
v -0.053945 -0.149500 0.030306
v -0.027584 -0.182577 0.040967
v -0.023743 -0.157152 0.030306
v 0.008565 -0.184450 0.040967
v 0.007372 -0.158764 0.030306
v 0.044385 -0.179235 0.040967
v 0.038204 -0.154275 0.030306
v 0.074503 -0.168549 0.040967
v 0.064128 -0.145078 0.030306
v 0.078499 -0.167132 0.040967
v 0.067568 -0.143858 0.030306
v 0.109596 -0.148606 0.040967
v 0.094334 -0.127912 0.030306
v 0.136482 -0.124369 0.040967
v 0.117476 -0.107050 0.030306
v 0.139505 -0.120316 0.040967
v 0.120078 -0.103562 0.030306
v 0.117690 -0.101503 0.016654
v 0.115141 -0.104922 0.016654
v 0.101077 -0.087174 0.003739
v 0.133397 -0.080443 0.016654
v 0.114566 -0.069087 0.003739
v 0.125843 -0.045409 0.003739
v 0.110765 -0.066468 -0.012445
v 0.121492 -0.043451 -0.012248
v 0.105594 -0.063432 -0.000155
v 0.097557 -0.083873 -0.012276
v 0.095413 -0.086698 -0.012248
v 0.093013 -0.080084 -0.000094
v 0.088470 -0.076294 0.012088
v 0.090971 -0.082787 -0.000084
v 0.086529 -0.078875 0.012081
v 0.081747 -0.082267 0.005770
v 0.078990 -0.085166 0.003116
v 0.081192 -0.081225 0.008624
v 0.078164 -0.080370 0.009899
v 0.079251 -0.072311 0.017294
v 0.073061 -0.081351 0.010524
v 0.064559 -0.087215 0.010776
v 0.071973 -0.065747 0.022507
v 0.068669 -0.062575 0.033201
v 0.073571 -0.063579 0.022529
v 0.057964 -0.078375 0.022507
v 0.055142 -0.074769 0.033201
v 0.041761 -0.088028 0.022507
v 0.039496 -0.084090 0.033201
v 0.056469 -0.093606 0.010509
v 0.045986 -0.096845 0.017294
v 0.039628 -0.088772 0.022526
v 0.037485 -0.084804 0.033201
v 0.023545 -0.094375 0.022667
v 0.043644 -0.097674 0.017306
v 0.025997 -0.103926 0.017401
v 0.047661 -0.106576 0.012087
v 0.050169 -0.111875 -0.000092
v 0.028449 -0.113477 0.012134
v 0.050210 -0.105661 0.012081
v 0.054089 -0.101242 0.008600
v 0.052841 -0.110908 -0.000084
v 0.055034 -0.101997 0.005746
v 0.055471 -0.116155 -0.012249
v 0.076893 -0.103394 -0.012249
v 0.056876 -0.121094 0.003739
v 0.058714 -0.100141 0.003098
v 0.052677 -0.117173 -0.012272
v 0.053980 -0.122121 0.003739
v 0.031612 -0.124843 -0.012445
v 0.032159 -0.129863 0.003739
v 0.006450 -0.128295 -0.012249
v 0.030031 -0.119160 -0.000155
v 0.006004 -0.122507 -0.000084
v 0.005557 -0.116719 0.012081
v -0.000182 -0.115673 0.005777
v -0.004147 -0.115748 0.003124
v 0.000129 -0.114571 0.008627
v -0.001431 -0.111840 0.009900
v 0.005016 -0.106990 0.017294
v -0.005744 -0.108935 0.010524
v -0.006673 -0.108765 0.010547
v 0.004476 -0.097262 0.022507
v 0.004309 -0.092804 0.033201
v 0.002753 -0.097172 0.022507
v 0.002646 -0.092718 0.033201
v -0.014359 -0.096286 0.022507
v -0.013879 -0.091861 0.033201
v -0.030970 -0.092077 0.022507
v -0.015902 -0.107076 0.010773
v -0.025198 -0.105984 0.010528
v -0.026134 -0.105874 0.010504
v -0.031017 -0.107400 0.009870
v -0.032642 -0.091654 0.022507
v -0.031533 -0.087389 0.033200
v -0.050012 -0.083262 0.022667
v -0.035853 -0.100816 0.017294
v -0.054996 -0.091690 0.017401
v -0.039065 -0.109977 0.012081
v -0.033173 -0.109573 0.008593
v -0.040843 -0.115429 -0.000084
v -0.059979 -0.100118 0.012134
v -0.062807 -0.105134 -0.000155
v -0.076667 -0.087569 0.012086
v -0.080287 -0.091929 -0.000091
v -0.078458 -0.086222 0.012081
v -0.070349 -0.080248 0.017304
v -0.064031 -0.072927 0.022522
v -0.071997 -0.079020 0.017294
v -0.065536 -0.071818 0.022507
v -0.079936 -0.077831 0.009895
v -0.080764 -0.080839 0.008620
v -0.080927 -0.072743 0.010522
v -0.086794 -0.064250 0.010774
v -0.078164 -0.057809 0.022507
v -0.093176 -0.056159 0.010507
v -0.097708 -0.053769 0.009873
v -0.087817 -0.041607 0.022507
v -0.084090 -0.039496 0.033200
v -0.096530 -0.045755 0.017294
v -0.088368 -0.040024 0.022521
v -0.084619 -0.038005 0.033200
v -0.094167 -0.023392 0.022667
v -0.097146 -0.044018 0.017303
v -0.103614 -0.025767 0.017401
v -0.105923 -0.048012 0.012085
v -0.111001 -0.050400 -0.000090
v -0.113060 -0.028143 0.012134
v -0.105244 -0.049903 0.012081
v -0.100768 -0.053754 0.008596
v -0.110284 -0.052382 -0.000084
v -0.101471 -0.054661 0.005748
v -0.115325 -0.054860 -0.012249
v -0.102564 -0.076282 -0.012249
v -0.121094 -0.056876 0.003739
v -0.099572 -0.058301 0.003103
v -0.116080 -0.052787 -0.012266
v -0.121855 -0.054729 0.003739
v -0.124010 -0.030998 -0.012445
v -0.129863 -0.032159 0.003739
v -0.127465 -0.005839 -0.012249
v -0.118535 -0.029571 -0.000155
v -0.121883 -0.005545 -0.000084
v -0.116301 -0.005250 0.012081
v -0.115155 0.000642 0.005767
v -0.115171 0.004672 0.003123
v -0.114116 0.000240 0.008607
v -0.111424 0.001733 0.009877
v -0.106676 -0.004785 0.017294
v -0.108535 0.005985 0.010504
v -0.108401 0.006718 0.010523
v -0.097050 -0.004321 0.022507
v -0.092804 -0.004310 0.033200
v -0.096980 -0.002958 0.022507
v -0.092735 -0.002994 0.033200
v -0.096074 0.014514 0.022507
v -0.091861 0.013878 0.033200
v -0.106681 0.016117 0.010761
v -0.091764 0.031527 0.022507
v -0.087699 0.030305 0.033200
v -0.091443 0.032797 0.022507
v -0.105544 0.025634 0.010522
v -0.105459 0.026344 0.010504
v -0.106963 0.031260 0.009877
v -0.100501 0.036084 0.017294
v -0.109094 0.033481 0.008607
v -0.110205 0.033404 0.005767
v -0.109560 0.039372 0.012081
v -0.114806 0.041302 -0.000084
v -0.099701 0.060285 0.012134
v -0.104509 0.063267 -0.000155
v -0.091377 0.055225 0.017401
v -0.087152 0.076973 0.012086
v -0.091306 0.080745 -0.000091
v -0.085805 0.078765 0.012081
v -0.079934 0.070579 0.017304
v -0.072717 0.064185 0.022522
v -0.078706 0.072228 0.017294
v -0.071606 0.065691 0.022507
v -0.077455 0.080243 0.009870
v -0.080380 0.081130 0.008596
v -0.072424 0.081185 0.010501
v -0.063944 0.087028 0.010767
v -0.055834 0.093402 0.010516
v -0.057598 0.078319 0.022507
v -0.055142 0.074768 0.033200
v -0.041395 0.087972 0.022507
v -0.039496 0.084089 0.033200
v -0.045440 0.096761 0.017294
v -0.039384 0.088673 0.022524
v -0.037601 0.084762 0.033200
v -0.023183 0.094320 0.022667
v -0.043234 0.097543 0.017306
v -0.025455 0.103843 0.017401
v -0.047083 0.106413 0.012087
v -0.049239 0.111654 -0.000092
v -0.027726 0.113367 0.012134
v -0.049485 0.105551 0.012081
v -0.053290 0.101081 0.008620
v -0.051758 0.110744 -0.000084
v -0.054082 0.101866 0.005776
v -0.054031 0.115937 -0.012249
v -0.075452 0.103175 -0.012249
v -0.056876 0.121093 0.003739
v -0.057620 0.100046 0.003127
v -0.051396 0.116895 -0.012270
v -0.054147 0.122061 0.003739
v -0.030165 0.124623 -0.012445
v -0.032159 0.129862 0.003739
v -0.005009 0.128076 -0.012249
v -0.028946 0.118995 -0.000155
v -0.004921 0.122342 -0.000084
v -0.004833 0.116608 0.012081
v 0.001231 0.115537 0.005757
v 0.005342 0.115574 0.003117
v 0.000724 0.114474 0.008592
v 0.002144 0.111775 0.009858
v -0.004471 0.106907 0.017294
v 0.006335 0.108880 0.010483
v 0.007132 0.108734 0.010504
v -0.004109 0.097205 0.022507
v -0.004310 0.092803 0.033200
v -0.002625 0.097128 0.022507
v -0.002876 0.092729 0.033200
v 0.014726 0.096229 0.022507
v 0.013878 0.091860 0.033201
v 0.016444 0.107019 0.010748
v 0.030895 0.092133 0.022507
v 0.029492 0.087905 0.033201
v 0.033008 0.091597 0.022507
v 0.025491 0.105930 0.010532
v 0.026673 0.105788 0.010504
v 0.031628 0.107291 0.009888
v 0.036399 0.100732 0.017294
v 0.033922 0.109425 0.008626
v 0.033948 0.110562 0.005790
v 0.039789 0.109867 0.012081
v 0.041926 0.115264 -0.000084
v 0.060702 0.100007 0.012134
v 0.063892 0.104969 -0.000155
v 0.055538 0.091607 0.017401
v 0.076878 0.087844 0.012087
v 0.070422 0.080516 0.017307
v 0.079182 0.086112 0.012081
v 0.081561 0.080775 0.008600
v 0.072542 0.078936 0.017294
v 0.083246 0.090347 -0.000084
v 0.082691 0.081220 0.005735
v 0.087309 0.094583 -0.012249
v 0.080833 0.092170 -0.000093
v 0.084787 0.096497 -0.012273
v 0.087489 0.100841 0.003739
v 0.067081 0.109931 -0.012445
v 0.044062 0.120662 -0.012249
v 0.069087 0.114566 0.003739
v 0.045408 0.125843 0.003739
v 0.080442 0.133397 0.016654
v 0.052872 0.146527 0.016654
v 0.101869 0.117416 0.016654
v 0.104921 0.115140 0.016654
v 0.125368 0.092459 0.016654
v 0.090110 0.098886 0.003739
v 0.107670 0.079407 0.003739
v 0.121093 0.056875 0.003739
v 0.104005 0.076063 -0.012249
v 0.116766 0.054642 -0.012248
v 0.093567 0.068465 0.002539
v 0.085677 0.078349 0.003083
v 0.100647 0.058022 0.003101
v 0.102430 0.054417 0.005759
v 0.111367 0.052217 -0.000084
v 0.101586 0.053583 0.008625
v 0.105968 0.049792 0.012081
v 0.098431 0.053655 0.009909
v 0.097076 0.045671 0.017294
v 0.093833 0.056114 0.010540
v 0.088183 0.041550 0.022507
v 0.087425 0.064238 0.010797
v 0.078530 0.057753 0.022507
v 0.081579 0.072753 0.010526
v 0.065902 0.071761 0.022507
v 0.080635 0.077820 0.009887
v 0.062574 0.068669 0.033201
v 0.063966 0.073189 0.022527
v 0.060754 0.070026 0.033201
v 0.050373 0.083207 0.022667
v 0.047975 0.079557 0.033201
v 0.031532 0.087388 0.033201
v 0.043460 0.072070 0.025000
v 0.028565 0.079164 0.024230
v 0.042546 0.070554 0.025055
v 0.055037 0.063436 0.031097
v 0.056686 0.062206 0.031966
v 0.053879 0.062102 0.027388
v 0.033932 0.039110 0.025256
v 0.055493 0.060898 0.032078
v 0.034949 0.038352 0.025149
v 0.066307 0.048901 0.032078
v 0.041759 0.030797 0.025149
v 0.074574 0.035026 0.032078
v 0.067732 0.049952 0.031966
v 0.074769 0.055142 0.033201
v 0.076176 0.035778 0.031966
v 0.084090 0.039495 0.033201
v 0.076784 0.034067 0.031199
v 0.084760 0.037605 0.033201
v 0.081693 0.020230 0.025000
v 0.075168 0.033350 0.027490
v 0.047340 0.021003 0.025243
v 0.079974 0.019804 0.025055
v 0.050366 0.012472 0.026007
v 0.082301 0.003821 0.024342
v 0.084070 0.003903 0.024230
v 0.051832 0.002406 0.026274
v 0.051790 0.001600 0.026274
v 0.050263 0.002334 0.026373
v 0.041315 0.001918 0.026940
v 0.048842 0.012095 0.026057
v 0.050223 0.001552 0.026373
v 0.049753 -0.007517 0.026373
v 0.040896 -0.006179 0.026940
v 0.051305 -0.007752 0.026274
v 0.047606 -0.015990 0.028312
v 0.039131 -0.013143 0.026940
v 0.047331 -0.017079 0.028561
v 0.049092 -0.016489 0.028122
v 0.048807 -0.017612 0.028360
v 0.077951 -0.026181 0.024444
v 0.077499 -0.027965 0.024457
v 0.079626 -0.026744 0.024230
v 0.081465 -0.012308 0.024342
v 0.082235 0.002541 0.024342
v 0.083216 -0.012573 0.024230
v 0.084002 0.002596 0.024230
v 0.091861 -0.013879 0.033201
v 0.092728 0.002866 0.033201
v 0.096441 -0.014571 0.022507
v 0.087897 -0.029522 0.033201
v 0.092336 -0.030771 0.022507
v 0.087388 -0.031533 0.033201
v 0.091809 -0.032853 0.022507
v 0.079557 -0.047976 0.033201
v 0.079164 -0.028566 0.024230
v 0.072070 -0.043461 0.025000
v 0.070554 -0.042547 0.024941
v 0.063584 -0.054839 0.030993
v 0.070190 -0.060536 0.033201
v 0.062207 -0.056686 0.031966
v 0.062247 -0.053685 0.027267
v 0.039202 -0.033810 0.024977
v 0.060898 -0.055494 0.032078
v 0.038352 -0.034949 0.025149
v 0.048902 -0.066308 0.032078
v 0.030797 -0.041760 0.025149
v 0.035026 -0.074574 0.032078
v 0.049953 -0.067733 0.031966
v 0.035779 -0.076177 0.031966
v 0.033957 -0.076823 0.031150
v 0.020230 -0.081693 0.025000
v 0.033243 -0.075207 0.027441
v 0.020936 -0.047364 0.025249
v 0.019804 -0.079975 0.025055
v 0.012472 -0.050367 0.026007
v 0.003822 -0.082302 0.024342
v 0.002407 -0.051833 0.026274
v 0.002346 -0.082225 0.024342
v 0.003904 -0.084070 0.024230
v 0.002397 -0.083992 0.024230
v -0.012572 -0.083217 0.024230
v -0.027103 -0.079535 0.024230
v -0.012308 -0.081466 0.024342
v -0.007752 -0.051306 0.026274
v -0.026533 -0.077862 0.024342
v -0.016710 -0.049037 0.026274
v -0.027965 -0.077500 0.024342
v -0.017612 -0.048808 0.026274
v -0.042547 -0.070555 0.025055
v -0.028566 -0.079165 0.024230
v -0.043461 -0.072071 0.025000
v -0.047976 -0.079558 0.033200
v -0.055404 -0.063164 0.031291
v -0.061160 -0.069725 0.033200
v -0.056686 -0.062208 0.031966
v -0.054239 -0.061835 0.027583
v -0.034159 -0.038943 0.025232
v -0.055494 -0.060899 0.032078
v -0.034949 -0.038353 0.025149
v -0.066308 -0.048902 0.032078
v -0.041760 -0.030798 0.025149
v -0.074574 -0.035027 0.032078
v -0.067733 -0.049953 0.031966
v -0.074769 -0.055143 0.033200
v -0.076177 -0.035780 0.031966
v -0.076656 -0.034429 0.031360
v -0.081693 -0.020231 0.025000
v -0.075043 -0.033704 0.027653
v -0.047261 -0.021227 0.025223
v -0.079975 -0.019805 0.025055
v -0.050367 -0.012473 0.026007
v -0.082302 -0.003822 0.024342
v -0.084070 -0.003905 0.024230
v -0.051832 -0.002407 0.026274
v -0.050264 -0.002335 0.026373
v -0.051794 -0.001673 0.026274
v -0.082241 -0.002655 0.024342
v -0.050227 -0.001622 0.026373
v -0.041286 -0.001333 0.026940
v -0.049754 0.007516 0.026373
v -0.040896 0.006178 0.026940
v -0.051306 0.007751 0.026274
v -0.047499 0.016414 0.026373
v -0.039044 0.013492 0.026940
v -0.047331 0.017078 0.026373
v -0.048982 0.016926 0.026274
v -0.048808 0.017611 0.026274
v -0.077775 0.026876 0.024342
v -0.081466 0.012307 0.024342
v -0.083216 0.012572 0.024230
v -0.084008 -0.002713 0.024230
v -0.079446 0.027453 0.024230
v -0.079165 0.028565 0.024230
v -0.087389 0.031532 0.033200
v -0.072071 0.043460 0.025000
v -0.077499 0.027964 0.024342
v -0.070555 0.042546 0.025055
v -0.044434 0.026795 0.026007
v -0.061835 0.054237 0.027583
v -0.038943 0.034158 0.025232
v -0.060899 0.055493 0.032078
v -0.063164 0.055403 0.031290
v -0.069725 0.061158 0.033200
v -0.062207 0.056685 0.031966
v -0.068669 0.062574 0.033200
v -0.049953 0.067732 0.031966
v -0.035779 0.076176 0.031966
v -0.048902 0.066307 0.032078
v -0.030798 0.041759 0.025149
v -0.035027 0.074573 0.032078
v -0.022059 0.046965 0.025149
v -0.033346 0.075170 0.027488
v -0.021001 0.047340 0.025244
v -0.019805 0.079974 0.025055
v -0.034063 0.076785 0.031197
v -0.020231 0.081692 0.025000
v -0.022332 0.090179 0.033200
v -0.003904 0.084069 0.024230
v -0.002606 0.084002 0.024230
v -0.003822 0.082301 0.024342
v -0.002407 0.051832 0.026274
v -0.001607 0.051790 0.026274
v -0.002334 0.050263 0.026373
v -0.012473 0.050366 0.026007
v -0.012096 0.048842 0.026057
v -0.009942 0.040147 0.026940
v -0.020366 0.045908 0.025337
v -0.016740 0.037735 0.026940
v -0.021392 0.045544 0.025248
v -0.017584 0.037436 0.026940
v -0.029866 0.040495 0.025248
v -0.024549 0.033286 0.026940
v -0.037193 0.033891 0.025248
v -0.030572 0.027857 0.026940
v -0.037764 0.033124 0.025326
v -0.038353 0.034948 0.025149
v -0.031042 0.027227 0.026940
v -0.043090 0.025984 0.026057
v -0.035419 0.021358 0.026940
v -0.038905 0.014038 0.026940
v -0.029443 0.017754 0.045859
v -0.032341 0.011669 0.045859
v -0.023987 0.014464 0.055988
v -0.025804 0.022633 0.045859
v -0.025413 0.023157 0.045859
v -0.021022 0.018439 0.055988
v -0.020704 0.018866 0.055988
v -0.016626 0.022542 0.055988
v -0.000000 -0.000001 0.055988
v 0.027696 -0.004185 0.055988
v 0.026347 -0.009508 0.055988
v 0.023986 -0.014465 0.055988
v 0.020703 -0.018866 0.055988
v 0.016625 -0.022543 0.055988
v 0.011908 -0.025353 0.055988
v 0.006733 -0.027189 0.055988
v 0.001299 -0.027981 0.055988
v -0.004185 -0.027696 0.055988
v -0.009507 -0.026348 0.055988
v -0.014465 -0.023987 0.055988
v -0.018866 -0.020704 0.055988
v -0.022543 -0.016626 0.055988
v -0.025353 -0.011908 0.055988
v -0.027189 -0.006733 0.055988
v -0.027980 -0.001300 0.055988
v -0.027696 0.004184 0.055988
v -0.026348 0.009507 0.055988
v -0.011908 0.025352 0.055988
v -0.006733 0.027188 0.055988
v -0.001300 0.027980 0.055988
v 0.004184 0.027695 0.055988
v 0.009507 0.026347 0.055988
v 0.014464 0.023986 0.055988
v 0.018866 0.020703 0.055988
v 0.022542 0.016625 0.055988
v 0.025353 0.011907 0.055988
v 0.027189 0.006732 0.055988
v 0.027980 0.001299 0.055988
v 0.034344 0.001594 0.045859
v 0.027957 0.000864 0.055988
v 0.034317 0.001060 0.045859
v 0.041282 0.001275 0.026940
v 0.033996 -0.005137 0.045859
v 0.032529 -0.010926 0.045859
v 0.032340 -0.011670 0.045859
v 0.026501 -0.008901 0.055988
v 0.038905 -0.014039 0.026940
v 0.029442 -0.017755 0.045859
v 0.035418 -0.021359 0.026940
v 0.025976 -0.022403 0.045859
v 0.031248 -0.026951 0.026940
v 0.025413 -0.023158 0.045859
v 0.030571 -0.027858 0.026940
v 0.020407 -0.027671 0.045859
v 0.024549 -0.033287 0.026940
v 0.014616 -0.031120 0.045859
v 0.017583 -0.037437 0.026940
v 0.013872 -0.031384 0.045859
v 0.016688 -0.037755 0.026940
v 0.008264 -0.033374 0.045859
v 0.011301 -0.025568 0.055988
v 0.009942 -0.040148 0.026940
v 0.001595 -0.034345 0.045859
v 0.001918 -0.041316 0.026940
v 0.000979 -0.034313 0.045859
v 0.001178 -0.041278 0.026940
v -0.005136 -0.033996 0.045859
v -0.006179 -0.040897 0.026940
v -0.011073 -0.032493 0.045859
v -0.013320 -0.039087 0.026940
v -0.011670 -0.032341 0.045859
v -0.009021 -0.026471 0.055988
v -0.014039 -0.038905 0.026940
v -0.017755 -0.029443 0.045859
v -0.021359 -0.035419 0.026940
v -0.022634 -0.025804 0.045859
v -0.027228 -0.031042 0.026940
v -0.023158 -0.025414 0.045859
v -0.018440 -0.021022 0.055988
v -0.027858 -0.030572 0.026940
v -0.027671 -0.020408 0.045859
v -0.033287 -0.024549 0.026940
v -0.031120 -0.014617 0.045859
v -0.037437 -0.017584 0.026940
v -0.031316 -0.014065 0.045859
v -0.037672 -0.016920 0.026940
v -0.033374 -0.008265 0.045859
v -0.025513 -0.011459 0.055988
v -0.040148 -0.009942 0.026940
v -0.034345 -0.001595 0.045859
v -0.041316 -0.001919 0.026940
v -0.034320 -0.001108 0.045859
v -0.033996 0.005136 0.045859
v -0.027960 -0.000903 0.055988
v -0.032456 0.011215 0.045859
v -0.026441 0.009137 0.055988
v -0.048843 -0.012096 0.026057
v -0.045831 -0.020584 0.025318
v -0.045545 -0.021392 0.025248
v -0.040496 -0.029866 0.025248
v -0.046966 -0.022059 0.025149
v -0.033892 -0.037193 0.025248
v -0.033125 -0.037764 0.025326
v -0.025985 -0.043090 0.026057
v -0.017079 -0.047331 0.026373
v -0.026795 -0.044434 0.026007
v -0.016205 -0.047553 0.026373
v -0.007517 -0.049754 0.026373
v 0.001433 -0.050217 0.026373
v 0.001478 -0.051784 0.026274
v 0.002334 -0.050264 0.026373
v 0.012095 -0.048843 0.026057
v 0.020302 -0.045931 0.025343
v 0.021391 -0.045545 0.025248
v 0.029866 -0.040496 0.025248
v 0.022059 -0.046966 0.025149
v 0.037192 -0.033892 0.025248
v 0.038016 -0.032787 0.025055
v 0.043089 -0.025985 0.023868
v 0.044434 -0.026796 0.023921
v 0.033373 0.008264 0.045859
v 0.031368 0.013917 0.045859
v 0.040147 0.009942 0.026940
v 0.037735 0.016741 0.026940
v 0.045907 0.020367 0.025337
v 0.037436 0.017583 0.026940
v 0.033286 0.024548 0.026940
v 0.045544 0.021391 0.025248
v 0.031120 0.014616 0.045859
v 0.027670 0.020407 0.045859
v 0.023157 0.025413 0.045859
v 0.022484 0.025915 0.045859
v 0.027858 0.030571 0.026940
v 0.027047 0.031175 0.026940
v 0.033891 0.037192 0.025248
v 0.032905 0.037927 0.025349
v 0.040496 0.029865 0.025248
v 0.025984 0.043089 0.026057
v 0.021358 0.035418 0.026940
v 0.017078 0.047330 0.026373
v 0.026795 0.044434 0.026007
v 0.017611 0.048807 0.026274
v 0.016471 0.049096 0.026274
v 0.027964 0.077499 0.024342
v 0.026154 0.077957 0.024342
v 0.026716 0.079632 0.024230
v 0.012307 0.081465 0.024342
v 0.007751 0.051305 0.026274
v -0.002551 0.082235 0.024342
v 0.012572 0.083216 0.024230
v 0.007516 0.049753 0.026373
v 0.006178 0.040896 0.026940
v -0.001558 0.050223 0.026373
v 0.015973 0.047610 0.026373
v 0.013129 0.039135 0.026940
v 0.014038 0.038904 0.026940
v 0.010914 0.032532 0.045859
v 0.011669 0.032340 0.045859
v 0.005136 0.033995 0.045859
v -0.001065 0.034317 0.045859
v -0.001281 0.041282 0.026940
v -0.000867 0.027957 0.055988
v -0.001595 0.034344 0.045859
v -0.008265 0.033373 0.045859
v -0.001919 0.041315 0.026940
v -0.013916 0.031368 0.045859
v -0.011337 0.025555 0.055988
v -0.014617 0.031120 0.045859
v -0.020407 0.027670 0.045859
v 0.017754 0.029442 0.045859
v 0.018317 0.021112 0.055988
v 0.046965 0.022059 0.025149
v 0.025555 0.011338 0.055988
v 0.008891 0.026503 0.055988
v 0.000797 -0.027955 0.055988
v 0.021162 -0.018252 0.055988
v -0.079558 0.047975 0.033200
v -0.083054 0.050165 0.022667
v -0.090180 -0.022332 0.033200
v -0.062575 -0.068670 0.033200
v 0.022332 -0.090180 0.033201
v 0.083415 -0.050221 0.022667
v 0.091919 -0.055308 0.017401
v 0.101047 -0.036168 0.017294
v 0.100424 -0.060396 0.012134
v 0.081020 -0.069936 0.017309
v 0.110284 -0.039482 0.012081
v 0.115888 -0.041467 -0.000084
v 0.109906 -0.033598 0.008612
v 0.111103 -0.033534 0.005771
v 0.107735 -0.031371 0.009877
v 0.106209 -0.026455 0.010498
v 0.106347 -0.025291 0.010527
v 0.107422 -0.016230 0.010753
v 0.109136 -0.006906 0.010518
v 0.097339 0.002770 0.022507
v 0.109283 -0.006102 0.010498
v 0.097417 0.004264 0.022507
v 0.112194 -0.001857 0.009877
v 0.107221 0.004702 0.017294
v 0.114926 -0.000370 0.008612
v 0.117026 0.005139 0.012081
v 0.116050 -0.000785 0.005771
v 0.122966 0.005380 -0.000084
v 0.116145 -0.004824 0.003124
v 0.128906 0.005620 -0.012248
v 0.114752 -0.017337 0.002585
v 0.127615 -0.019281 -0.012248
v 0.112386 -0.029703 0.003124
v 0.132284 -0.019986 0.003739
v 0.154027 -0.023271 0.016654
v 0.133641 0.006206 0.003739
v 0.129862 0.032158 0.003739
v 0.155607 0.007226 0.016654
v 0.151207 0.037444 0.016654
v 0.142121 0.063055 0.016654
v 0.122059 0.054154 0.003739
v 0.140997 0.066224 0.016654
v 0.117723 0.052014 -0.012270
v 0.125456 0.030779 -0.012445
v 0.112276 0.049705 -0.000092
v 0.106829 0.047396 0.012087
v 0.119620 0.029406 -0.000155
v 0.113783 0.028032 0.012134
v 0.104156 0.025684 0.017401
v 0.094528 0.023336 0.022667
v 0.097855 0.043471 0.017306
v 0.088882 0.039545 0.022524
v 0.090179 0.022331 0.033201
v 0.092803 0.004309 0.033201
v 0.023270 0.154027 0.016654
v -0.007226 0.155607 0.016654
v 0.019985 0.132283 0.003739
v -0.006206 0.133641 0.003739
v 0.019892 0.126786 -0.012249
v 0.017867 0.114159 0.002594
v 0.030204 0.111793 0.003143
v -0.037445 0.151207 0.016654
v -0.063047 0.142124 0.016654
v -0.066225 0.140997 0.016654
v -0.092459 0.125368 0.016654
v -0.115141 0.104921 0.016654
v -0.079407 0.107670 0.003739
v -0.098887 0.090110 0.003739
v -0.100408 0.088071 0.003739
v -0.093972 0.086480 -0.012249
v -0.095460 0.084518 -0.012268
v -0.077896 0.085113 0.003108
v -0.089888 0.082622 -0.000084
v -0.080783 0.082203 0.005751
v -0.068030 0.092974 0.002576
v -0.109318 0.066248 -0.012445
v -0.120051 0.043233 -0.012249
v -0.114567 0.069086 0.003739
v -0.125843 0.045408 0.003739
v -0.133398 0.080442 0.016654
v -0.146528 0.052872 0.016654
v -0.116911 0.102547 0.016654
v -0.154027 0.023270 0.016654
v -0.155608 -0.007227 0.016654
v -0.132284 0.019985 0.003739
v -0.133641 -0.006207 0.003739
v -0.126175 0.019062 -0.012249
v -0.113762 0.017187 0.002583
v -0.111411 0.029558 0.003123
v -0.151208 -0.037445 0.016654
v -0.141885 -0.063725 0.016654
v -0.140997 -0.066225 0.016654
v -0.125369 -0.092460 0.016654
v -0.104922 -0.115141 0.016654
v -0.107671 -0.079408 0.003739
v -0.090110 -0.098887 0.003739
v -0.088073 -0.100407 0.003739
v -0.085869 -0.094802 -0.012249
v -0.083907 -0.096289 -0.012268
v -0.084603 -0.078568 0.003121
v -0.082163 -0.090512 -0.000084
v -0.081755 -0.081356 0.005772
v -0.092464 -0.068732 0.002568
v -0.065635 -0.110151 -0.012445
v -0.042622 -0.120881 -0.012249
v -0.069087 -0.114567 0.003739
v -0.045409 -0.125844 0.003739
v -0.080443 -0.133398 0.016654
v -0.052873 -0.146528 0.016654
v -0.102549 -0.116911 0.016654
v -0.023270 -0.154028 0.016654
v 0.007226 -0.155608 0.016654
v -0.019986 -0.132284 0.003739
v 0.006206 -0.133641 0.003739
v -0.018451 -0.127004 -0.012249
v -0.016657 -0.114362 0.002567
v -0.029065 -0.112009 0.003098
v -0.033004 -0.110747 0.005743
v 0.037445 -0.151208 0.016654
v 0.062853 -0.142194 0.016654
v 0.066224 -0.140998 0.016654
v 0.092459 -0.125369 0.016654
v 0.079407 -0.107671 0.003739
v 0.098887 -0.090111 0.003739
v -0.053389 0.097966 0.009892
v -0.029919 -0.087798 0.033200
v 0.069156 -0.093040 0.002561
v 0.054084 -0.098155 0.009877
vn 0.9456 -0.1429 -0.2921
vn 0.9406 -0.3394 -0.0000
vn 0.8996 -0.3246 -0.2921
vn 0.4816 -0.0728 -0.8734
vn 0.4866 0.0226 -0.8734
vn 0.9553 0.0444 -0.2921
vn 0.9888 -0.1494 -0.0000
vn 0.7283 -0.2628 0.6329
vn 0.9989 0.0464 -0.0000
vn 0.7655 -0.1157 0.6329
vn 0.9283 0.2299 -0.2921
vn 0.9707 0.2404 -0.0000
vn 0.7734 0.0359 0.6329
vn 0.7178 0.1778 0.6732
vn 0.7515 0.1861 0.6329
vn 0.7387 0.0343 0.6732
vn 0.6251 -0.0944 -0.7748
vn 0.7312 -0.1105 0.6732
vn 0.6315 0.0293 -0.7748
vn 0.6775 -0.1024 -0.7283
vn 0.6845 0.0318 -0.7284
vn 0.6136 0.1520 -0.7748
vn 0.6651 0.1647 -0.7284
vn 0.5722 0.2688 -0.7748
vn 0.6202 0.2913 -0.7284
vn 0.6693 0.3144 0.6732
vn 0.5088 0.3752 -0.7748
vn 0.5515 0.4067 -0.7284
vn 0.5951 0.4389 0.6732
vn 0.7008 0.3291 0.6329
vn 0.6231 0.4595 0.6329
vn 0.4981 0.5466 0.6732
vn 0.5215 0.5723 0.6329
vn 0.6735 0.7391 -0.0000
vn 0.8048 0.5935 -0.0000
vn 0.9051 0.4251 -0.0000
vn 0.6442 0.7069 -0.2921
vn 0.7697 0.5676 -0.2921
vn 0.8656 0.4066 -0.2921
vn 0.3920 0.2891 -0.8734
vn 0.3281 0.3600 -0.8734
vn 0.2515 0.4171 -0.8733
vn 0.4939 0.8190 -0.2921
vn 0.1653 0.4582 -0.8734
vn 0.3246 0.8996 -0.2921
vn 0.5164 0.8563 -0.0000
vn 0.3394 0.9406 -0.0000
vn 0.3998 0.6630 0.6329
vn 0.2510 0.6956 0.6732
vn 0.2628 0.7283 0.6329
vn 0.3819 0.6332 0.6732
vn 0.3265 0.5414 -0.7748
vn 0.4258 0.4673 -0.7748
vn 0.3538 0.5868 -0.7283
vn 0.4615 0.5065 -0.7284
vn 0.2146 0.5947 -0.7748
vn 0.2326 0.6445 -0.7284
vn 0.0944 0.6251 -0.7748
vn 0.1024 0.6775 -0.7284
vn 0.1105 0.7312 0.6732
vn -0.0318 0.6845 -0.7284
vn -0.0343 0.7387 0.6732
vn -0.0359 0.7734 0.6329
vn 0.1157 0.7655 0.6329
vn -0.0464 0.9989 -0.0000
vn 0.1494 0.9888 -0.0000
vn -0.0444 0.9553 -0.2922
vn 0.1429 0.9456 -0.2921
vn 0.0728 0.4816 -0.8734
vn -0.0226 0.4866 -0.8734
vn -0.2299 0.9283 -0.2921
vn -0.1171 0.4728 -0.8733
vn -0.2071 0.4409 -0.8734
vn -0.4066 0.8656 -0.2921
vn -0.2404 0.9707 -0.0000
vn -0.4251 0.9051 -0.0000
vn -0.1861 0.7515 0.6329
vn -0.3291 0.7008 0.6329
vn -0.1778 0.7178 0.6732
vn -0.3144 0.6693 0.6732
vn -0.1520 0.6136 -0.7748
vn -0.0293 0.6315 -0.7748
vn -0.1647 0.6651 -0.7284
vn -0.2913 0.6202 -0.7284
vn -0.2688 0.5722 -0.7748
vn -0.4067 0.5515 -0.7284
vn -0.4389 0.5951 0.6732
vn -0.3752 0.5088 -0.7748
vn -0.5065 0.4615 -0.7284
vn -0.5466 0.4981 0.6732
vn -0.5723 0.5215 0.6329
vn -0.4595 0.6231 0.6329
vn -0.7391 0.6735 -0.0000
vn -0.5935 0.8048 -0.0000
vn -0.7069 0.6442 -0.2922
vn -0.5676 0.7697 -0.2921
vn -0.2891 0.3920 -0.8734
vn -0.3600 0.3281 -0.8733
vn -0.8190 0.4939 -0.2921
vn -0.4171 0.2515 -0.8734
vn -0.8996 0.3246 -0.2921
vn -0.4582 0.1653 -0.8734
vn -0.8563 0.5164 -0.0000
vn -0.9406 0.3394 -0.0000
vn -0.6630 0.3998 0.6329
vn -0.6956 0.2510 0.6732
vn -0.7283 0.2628 0.6329
vn -0.5414 0.3265 -0.7748
vn -0.6332 0.3819 0.6732
vn -0.4673 0.4258 -0.7748
vn -0.5868 0.3538 -0.7283
vn -0.5947 0.2146 -0.7748
vn -0.6445 0.2326 -0.7284
vn -0.6775 0.1024 -0.7284
vn -0.7312 0.1105 0.6732
vn -0.6251 0.0944 -0.7748
vn -0.6845 -0.0318 -0.7283
vn -0.7387 -0.0343 0.6732
vn -0.9888 0.1494 -0.0000
vn -0.9989 -0.0464 -0.0000
vn -0.5408 0.4928 0.6817
vn -0.3802 0.9249 -0.0000
vn -0.6265 0.3778 0.6817
vn -0.5086 0.4635 0.7256
vn -0.6472 0.2335 0.7256
vn -0.6882 0.2483 0.6817
vn -0.4084 0.5538 0.7256
vn -0.4342 0.5888 0.6817
vn -0.2925 0.6228 0.7256
vn -0.3110 0.6622 0.6817
vn 0.2483 0.6882 0.6817
vn 0.1093 0.7234 0.6818
vn 0.1028 0.6804 0.7256
vn -0.0339 0.7308 0.6817
vn 0.2335 0.6472 0.7256
vn 0.3778 0.6265 0.6817
vn 0.4928 0.5408 0.6817
vn 0.6445 -0.2326 -0.7284
vn 0.5947 -0.2146 -0.7748
vn 0.5414 -0.3265 -0.7748
vn 0.5868 -0.3538 -0.7284
vn 0.8563 -0.5164 -0.0000
vn 0.5065 -0.4615 -0.7284
vn 0.7391 -0.6735 -0.0000
vn 0.5935 -0.8048 -0.0000
vn 0.4067 -0.5515 -0.7284
vn 0.4251 -0.9051 -0.0000
vn 0.2913 -0.6202 -0.7284
vn 0.3752 -0.5088 -0.7748
vn 0.4673 -0.4258 -0.7748
vn 0.1520 -0.6136 -0.7748
vn 0.1647 -0.6651 -0.7284
vn 0.2404 -0.9707 -0.0000
vn 0.0318 -0.6845 -0.7284
vn 0.0464 -0.9989 -0.0000
vn 0.3144 -0.6693 0.6732
vn 0.1778 -0.7178 0.6732
vn 0.0293 -0.6315 -0.7748
vn 0.0343 -0.7387 0.6732
vn -0.0944 -0.6251 -0.7748
vn -0.1105 -0.7312 0.6732
vn -0.1024 -0.6775 -0.7284
vn -0.2146 -0.5947 -0.7748
vn -0.2510 -0.6956 0.6732
vn -0.2326 -0.6445 -0.7284
vn -0.1494 -0.9888 -0.0000
vn -0.3394 -0.9406 -0.0000
vn -0.1093 -0.7234 0.6817
vn -0.5164 -0.8563 -0.0000
vn -0.3538 -0.5868 -0.7284
vn -0.6735 -0.7391 -0.0000
vn -0.4615 -0.5065 -0.7284
vn -0.4928 -0.5408 0.6817
vn -0.4258 -0.4673 -0.7748
vn -0.5088 -0.3752 -0.7748
vn -0.5515 -0.4067 -0.7284
vn -0.8048 -0.5935 -0.0000
vn -0.5722 -0.2688 -0.7748
vn -0.6202 -0.2913 -0.7284
vn -0.9051 -0.4251 -0.0000
vn -0.9707 -0.2404 -0.0000
vn -0.6651 -0.1647 -0.7284
vn -0.6137 -0.1520 -0.7748
vn -0.6693 -0.3144 0.6732
vn -0.7178 -0.1778 0.6732
vn -0.6315 -0.0293 -0.7748
vn -0.7515 -0.1861 0.6329
vn -0.7008 -0.3291 0.6329
vn -0.7734 -0.0359 0.6329
vn -0.7655 0.1157 0.6329
vn -0.9553 -0.0444 -0.2921
vn -0.9456 0.1429 -0.2921
vn -0.4816 0.0728 -0.8734
vn -0.4866 -0.0226 -0.8734
vn -0.4728 -0.1171 -0.8734
vn -0.9283 -0.2299 -0.2921
vn -0.4409 -0.2071 -0.8734
vn -0.8656 -0.4066 -0.2921
vn -0.3920 -0.2891 -0.8734
vn -0.7697 -0.5676 -0.2921
vn -0.3281 -0.3600 -0.8733
vn -0.6442 -0.7069 -0.2921
vn -0.6231 -0.4595 0.6329
vn -0.0632 -0.0466 -0.9969
vn -0.0711 -0.0334 -0.9969
vn -0.0406 -0.0673 -0.9969
vn -0.2515 -0.4171 -0.8734
vn -0.4939 -0.8190 -0.2921
vn -0.0267 -0.0739 -0.9969
vn -0.1653 -0.4582 -0.8734
vn -0.3246 -0.8996 -0.2921
vn -0.3998 -0.6630 0.6329
vn -0.5215 -0.5723 0.6329
vn -0.5951 -0.4389 0.6732
vn -0.3819 -0.6332 0.6732
vn -0.4981 -0.5466 0.6732
vn -0.2628 -0.7283 0.6329
vn -0.3265 -0.5414 -0.7748
vn -0.1157 -0.7655 0.6329
vn 0.0359 -0.7734 0.6329
vn 0.0444 -0.9553 -0.2921
vn -0.1429 -0.9456 -0.2921
vn -0.0728 -0.4816 -0.8733
vn 0.0226 -0.4866 -0.8734
vn 0.1171 -0.4728 -0.8734
vn 0.2299 -0.9283 -0.2921
vn 0.2071 -0.4409 -0.8734
vn 0.4066 -0.8656 -0.2921
vn 0.1861 -0.7515 0.6329
vn 0.3292 -0.7008 0.6329
vn 0.4389 -0.5951 0.6732
vn 0.4595 -0.6231 0.6329
vn 0.5466 -0.4981 0.6732
vn 0.5723 -0.5215 0.6329
vn 0.6332 -0.3819 0.6732
vn 0.6630 -0.3998 0.6329
vn 0.5676 -0.7697 -0.2921
vn 0.3600 -0.3281 -0.8734
vn 0.7069 -0.6442 -0.2921
vn 0.4171 -0.2515 -0.8734
vn 0.8190 -0.4939 -0.2921
vn 0.4582 -0.1653 -0.8733
vn 0.0581 -0.0529 -0.9969
vn 0.0673 -0.0406 -0.9969
vn 0.0777 -0.0117 -0.9969
vn -0.0136 0.0049 -0.9999
vn 0.0739 -0.0267 -0.9969
vn -0.0124 0.0075 -0.9999
vn -0.3224 0.1163 -0.9394
vn -0.0143 0.0022 -0.9999
vn -0.2935 0.1770 -0.9394
vn -0.3424 -0.0159 -0.9394
vn -0.0145 -0.0007 -0.9999
vn 0.0785 0.0036 -0.9969
vn -0.3327 -0.0824 -0.9394
vn -0.0140 -0.0035 -0.9999
vn 0.0763 0.0189 -0.9969
vn 0.4728 0.1171 -0.8734
vn 0.4409 0.2071 -0.8733
vn 0.0711 0.0334 -0.9969
vn 0.0632 0.0466 -0.9969
vn -0.0131 -0.0062 -0.9999
vn -0.3102 -0.1457 -0.9394
vn -0.0116 -0.0086 -0.9999
vn -0.2308 -0.2533 -0.9394
vn -0.0097 -0.0107 -0.9999
vn 0.0529 0.0581 -0.9969
vn -0.1770 -0.2935 -0.9394
vn -0.0075 -0.0124 -0.9999
vn 0.0406 0.0673 -0.9969
vn 0.0267 0.0739 -0.9969
vn -0.0049 -0.0136 -0.9999
vn 0.0117 0.0777 -0.9969
vn -0.1163 -0.3224 -0.9394
vn -0.0022 -0.0143 -0.9999
vn -0.0512 -0.3389 -0.9394
vn 0.0007 -0.0145 -0.9999
vn -0.0036 0.0785 -0.9969
vn 0.0159 -0.3424 -0.9394
vn 0.0035 -0.0140 -0.9999
vn -0.0189 0.0763 -0.9969
vn -0.0334 0.0711 -0.9969
vn 0.0062 -0.0131 -0.9999
vn 0.0086 -0.0116 -0.9999
vn -0.0466 0.0632 -0.9969
vn 0.0824 -0.3327 -0.9394
vn 0.1457 -0.3102 -0.9394
vn 0.2533 -0.2308 -0.9394
vn 0.0107 -0.0097 -0.9999
vn -0.0581 0.0529 -0.9969
vn 0.0124 -0.0075 -0.9999
vn -0.0673 0.0406 -0.9969
vn -0.0739 0.0267 -0.9969
vn -0.0777 0.0117 -0.9969
vn 0.0136 -0.0049 -0.9999
vn 0.3224 -0.1163 -0.9394
vn 0.0143 -0.0022 -0.9999
vn 0.3424 0.0159 -0.9394
vn 0.0145 0.0007 -0.9999
vn -0.0785 -0.0036 -0.9969
vn -0.0763 -0.0189 -0.9969
vn 0.3327 0.0824 -0.9394
vn 0.0140 0.0035 -0.9999
vn 0.3389 -0.0512 -0.9394
vn 0.7627 0.0354 -0.6457
vn 0.7412 0.1835 -0.6457
vn 0.9551 0.0444 -0.2929
vn 0.9454 -0.1428 -0.2929
vn 0.7550 -0.1141 -0.6457
vn 0.7182 -0.2592 -0.6457
vn 0.6539 -0.3943 -0.6458
vn 0.8994 -0.3245 -0.2929
vn 0.7067 -0.6440 -0.2929
vn 0.5644 -0.5143 -0.6458
vn 0.5675 -0.7695 -0.2929
vn 0.4532 -0.6145 -0.6457
vn 0.4065 -0.8654 -0.2929
vn 0.3246 -0.6911 -0.6457
vn 0.1835 -0.7412 -0.6457
vn 0.0354 -0.7627 -0.6458
vn 0.2298 -0.9281 -0.2929
vn -0.1428 -0.9454 -0.2929
vn -0.1141 -0.7550 -0.6457
vn -0.3245 -0.8994 -0.2929
vn -0.2592 -0.7182 -0.6458
vn -0.4938 -0.8188 -0.2929
vn -0.3943 -0.6539 -0.6457
vn -0.6440 -0.7067 -0.2929
vn -0.5143 -0.5644 -0.6457
vn -0.7695 -0.5675 -0.2929
vn -0.6145 -0.4532 -0.6457
vn -0.2758 -0.2034 -0.9394
vn -0.6911 -0.3246 -0.6458
vn -0.7412 -0.1835 -0.6458
vn -0.8654 -0.4065 -0.2929
vn -0.9551 -0.0444 -0.2929
vn -0.7627 -0.0354 -0.6458
vn -0.9454 0.1428 -0.2929
vn -0.7550 0.1141 -0.6458
vn -0.8994 0.3245 -0.2929
vn -0.7182 0.2592 -0.6458
vn -0.8188 0.4938 -0.2929
vn -0.6539 0.3943 -0.6458
vn -0.7067 0.6440 -0.2929
vn -0.5644 0.5143 -0.6458
vn -0.5675 0.7695 -0.2929
vn -0.4532 0.6145 -0.6458
vn -0.4065 0.8654 -0.2929
vn -0.3246 0.6911 -0.6457
vn -0.2298 0.9281 -0.2929
vn -0.1835 0.7412 -0.6457
vn -0.0444 0.9551 -0.2929
vn -0.0354 0.7627 -0.6457
vn 0.1428 0.9454 -0.2929
vn 0.1141 0.7550 -0.6457
vn 0.0512 0.3389 -0.9394
vn -0.0159 0.3424 -0.9394
vn -0.0824 0.3327 -0.9394
vn 0.2592 0.7182 -0.6457
vn 0.1163 0.3224 -0.9394
vn 0.3245 0.8994 -0.2929
vn 0.1770 0.2935 -0.9394
vn 0.4938 0.8188 -0.2929
vn 0.3943 0.6539 -0.6457
vn 0.6440 0.7067 -0.2929
vn 0.5143 0.5644 -0.6457
vn 0.7695 0.5675 -0.2929
vn 0.6145 0.4532 -0.6458
vn 0.8654 0.4065 -0.2929
vn 0.6911 0.3246 -0.6457
vn 0.9281 0.2298 -0.2929
vn 0.3102 0.1457 -0.9394
vn 0.2758 0.2034 -0.9394
vn 0.0131 0.0062 -0.9999
vn 0.0116 0.0086 -0.9999
vn 0.0097 0.0107 -0.9999
vn 0.2309 0.2533 -0.9394
vn 0.0075 0.0124 -0.9999
vn 0.0049 0.0136 -0.9999
vn -0.0529 -0.0581 -0.9969
vn 0.0022 0.0143 -0.9999
vn -0.0117 -0.0777 -0.9969
vn 0.0036 -0.0785 -0.9969
vn -0.0007 0.0145 -0.9999
vn 0.0189 -0.0763 -0.9969
vn -0.0035 0.0140 -0.9999
vn -0.0062 0.0131 -0.9999
vn 0.0334 -0.0711 -0.9969
vn -0.1457 0.3102 -0.9394
vn -0.0086 0.0116 -0.9999
vn 0.0466 -0.0632 -0.9969
vn 0.2891 -0.3920 -0.8734
vn -0.2034 0.2758 -0.9394
vn -0.0107 0.0097 -0.9999
vn -0.2533 0.2308 -0.9394
vn -0.3389 0.0512 -0.9394
vn 0.2034 -0.2758 -0.9394
vn 0.2935 -0.1770 -0.9394
vn 0.6956 -0.2510 0.6732
vn 0.2688 -0.5722 -0.7748
vn -0.7308 -0.0339 0.6817
vn -0.7101 -0.1759 0.6817
vn -0.6679 -0.1654 0.7256
vn -0.6228 -0.2925 0.7256
vn -0.6622 -0.3110 0.6817
vn -0.6804 0.1028 0.7256
vn -0.7234 0.1093 0.6817
vn -0.6873 -0.0319 0.7256
vn -0.6814 0.1029 -0.7247
vn -0.6482 0.2339 -0.7247
vn -0.7242 0.1094 -0.6808
vn -0.6889 0.2486 -0.6809
vn -0.7316 -0.0340 -0.6808
vn -0.6689 -0.1656 -0.7247
vn -0.7109 -0.1761 -0.6808
vn -0.6884 -0.0320 -0.7247
vn -0.6237 -0.2930 -0.7247
vn -0.6629 -0.3114 -0.6809
vn -0.5895 -0.4347 -0.6808
vn -0.5538 -0.4084 0.7256
vn -0.5888 -0.4342 0.6817
vn -0.4635 -0.5086 0.7256
vn -0.5546 -0.4090 -0.7247
vn -0.3778 -0.6265 0.6817
vn -0.2335 -0.6472 0.7256
vn -0.2483 -0.6882 0.6817
vn -0.3558 -0.5901 -0.7247
vn -0.3553 -0.5892 0.7256
vn -0.4641 -0.5093 -0.7247
vn -0.3782 -0.6272 -0.6808
vn -0.4933 -0.5414 -0.6808
vn -0.2486 -0.6889 -0.6808
vn -0.2339 -0.6482 -0.7247
vn -0.1094 -0.7242 -0.6808
vn -0.1028 -0.6804 0.7256
vn 0.0320 -0.6884 -0.7247
vn 0.0340 -0.7316 -0.6808
vn 0.0319 -0.6873 0.7256
vn -0.1029 -0.6814 -0.7247
vn 0.0339 -0.7308 0.6817
vn 0.1654 -0.6679 0.7256
vn 0.1759 -0.7101 0.6817
vn 0.2925 -0.6228 0.7256
vn 0.3110 -0.6622 0.6817
vn 0.1656 -0.6689 -0.7247
vn 0.1761 -0.7109 -0.6808
vn 0.2930 -0.6237 -0.7247
vn 0.3114 -0.6629 -0.6808
vn 0.4090 -0.5546 -0.7247
vn 0.4347 -0.5895 -0.6808
vn 0.4084 -0.5538 0.7256
vn 0.5093 -0.4641 -0.7247
vn 0.5414 -0.4933 -0.6808
vn 0.5086 -0.4635 0.7256
vn 0.4342 -0.5888 0.6817
vn 0.5408 -0.4928 0.6817
vn 0.5892 -0.3553 0.7256
vn 0.6265 -0.3778 0.6817
vn 0.6882 -0.2483 0.6817
vn 0.6472 -0.2335 0.7256
vn 0.5901 -0.3558 -0.7247
vn 0.6889 -0.2486 -0.6808
vn 0.6272 -0.3782 -0.6809
vn 0.4073 -0.5523 0.7274
vn 0.5072 -0.4622 0.7274
vn 0.4682 -0.4267 0.7738
vn 0.5877 -0.3544 0.7274
vn 0.5424 -0.3271 0.7738
vn 0.5467 -0.4982 -0.6730
vn 0.4390 -0.5953 -0.6730
vn 0.3760 -0.5098 0.7738
vn 0.4596 -0.6232 -0.6327
vn 0.5724 -0.5216 -0.6327
vn 0.6334 -0.3820 -0.6730
vn 0.6632 -0.3999 -0.6327
vn 0.7284 -0.2628 -0.6327
vn 0.5958 -0.2150 0.7738
vn 0.6958 -0.2511 -0.6730
vn 0.7657 -0.1157 -0.6327
vn 0.6263 -0.0946 0.7738
vn 0.6786 -0.1025 0.7274
vn 0.6455 -0.2329 0.7274
vn 0.6328 0.0294 0.7738
vn 0.6855 0.0318 0.7274
vn 0.7242 -0.1094 -0.6808
vn 0.7316 0.0340 -0.6808
vn 0.6482 -0.2339 -0.7247
vn 0.6884 0.0320 -0.7247
vn 0.6689 0.1656 -0.7247
vn 0.7109 0.1761 -0.6808
vn 0.6237 0.2930 -0.7247
vn 0.6629 0.3114 -0.6808
vn 0.6661 0.1650 0.7274
vn 0.5895 0.4347 -0.6809
vn 0.6211 0.2917 0.7274
vn 0.5098 0.3760 0.7738
vn 0.5523 0.4073 0.7274
vn 0.5734 0.2693 0.7738
vn 0.6149 0.1523 0.7738
vn 0.7180 0.1778 -0.6730
vn 0.7389 0.0343 -0.6730
vn 0.7314 -0.1105 -0.6730
vn 0.7736 0.0359 -0.6327
vn 0.7517 0.1861 -0.6327
vn 0.9414 -0.1422 0.3060
vn 0.9241 0.2288 0.3060
vn 0.9510 0.0442 0.3060
vn 0.7009 0.3292 -0.6327
vn 0.8617 0.4047 0.3060
vn 0.6232 0.4596 -0.6327
vn 0.5953 0.4390 -0.6730
vn 0.6695 0.3145 -0.6730
vn 0.5216 0.5724 -0.6327
vn 0.3820 0.6334 -0.6730
vn 0.3999 0.6632 -0.6327
vn 0.6412 0.7037 0.3060
vn 0.3271 0.5424 0.7738
vn 0.4982 0.5467 -0.6730
vn 0.4267 0.4682 0.7738
vn 0.4622 0.5072 0.7274
vn 0.3544 0.5877 0.7274
vn 0.2150 0.5958 0.7738
vn 0.2329 0.6455 0.7274
vn 0.0946 0.6263 0.7738
vn 0.1025 0.6785 0.7274
vn 0.2511 0.6958 -0.6730
vn 0.2628 0.7284 -0.6327
vn 0.1105 0.7314 -0.6730
vn 0.1157 0.7657 -0.6327
vn 0.4916 0.8153 0.3060
vn 0.3231 0.8955 0.3060
vn 0.1422 0.9414 0.3060
vn -0.0359 0.7736 -0.6327
vn -0.0442 0.9510 0.3060
vn -0.1861 0.7517 -0.6327
vn -0.0343 0.7389 -0.6730
vn -0.1778 0.7180 -0.6730
vn -0.3292 0.7009 -0.6327
vn -0.2288 0.9241 0.3060
vn -0.2693 0.5734 0.7738
vn -0.1523 0.6149 0.7738
vn -0.0294 0.6328 0.7738
vn -0.2917 0.6211 0.7274
vn -0.1650 0.6661 0.7274
vn -0.0318 0.6855 0.7274
vn -0.4073 0.5523 0.7274
vn -0.3114 0.6629 -0.6808
vn -0.1761 0.7109 -0.6808
vn -0.4347 0.5895 -0.6808
vn -0.2930 0.6237 -0.7247
vn -0.1656 0.6689 -0.7247
vn -0.4090 0.5546 -0.7247
vn -0.5414 0.4933 -0.6808
vn -0.5093 0.4641 -0.7247
vn -0.6272 0.3782 -0.6808
vn -0.5072 0.4622 0.7274
vn -0.5877 0.3544 0.7274
vn -0.4682 0.4267 0.7738
vn -0.5958 0.2150 0.7738
vn -0.6455 0.2329 0.7274
vn -0.6334 0.3820 -0.6730
vn -0.5424 0.3271 0.7738
vn -0.5467 0.4982 -0.6730
vn -0.4390 0.5953 -0.6730
vn -0.3760 0.5098 0.7738
vn -0.3145 0.6695 -0.6730
vn -0.5724 0.5216 -0.6327
vn -0.4596 0.6232 -0.6327
vn -0.4047 0.8617 0.3060
vn -0.5651 0.7662 0.3060
vn -0.7037 0.6412 0.3060
vn -0.6632 0.3999 -0.6327
vn -0.8153 0.4916 0.3060
vn -0.7284 0.2628 -0.6327
vn -0.6958 0.2511 -0.6730
vn -0.7657 0.1157 -0.6327
vn -0.7314 0.1105 -0.6730
vn -0.7736 -0.0359 -0.6327
vn -0.8955 0.3231 0.3060
vn -0.9414 0.1422 0.3060
vn -0.9510 -0.0442 0.3060
vn -0.7517 -0.1861 -0.6327
vn -0.9241 -0.2288 0.3060
vn -0.7009 -0.3292 -0.6327
vn -0.7180 -0.1778 -0.6730
vn -0.6695 -0.3145 -0.6730
vn -0.5953 -0.4390 -0.6730
vn -0.6232 -0.4596 -0.6327
vn -0.5216 -0.5724 -0.6327
vn -0.8617 -0.4047 0.3060
vn -0.7662 -0.5651 0.3060
vn -0.6412 -0.7037 0.3060
vn -0.3999 -0.6632 -0.6327
vn -0.4916 -0.8153 0.3060
vn -0.3820 -0.6334 -0.6730
vn -0.2628 -0.7284 -0.6327
vn -0.4982 -0.5467 -0.6730
vn -0.2150 -0.5958 0.7738
vn -0.3271 -0.5424 0.7738
vn -0.4267 -0.4682 0.7738
vn -0.5098 -0.3760 0.7738
vn -0.3544 -0.5877 0.7274
vn -0.4622 -0.5072 0.7274
vn -0.5523 -0.4073 0.7274
vn -0.5734 -0.2693 0.7738
vn -0.6211 -0.2917 0.7274
vn -0.6149 -0.1523 0.7738
vn -0.6661 -0.1650 0.7274
vn -0.6855 -0.0318 0.7274
vn -0.7389 -0.0343 -0.6730
vn -0.6328 -0.0294 0.7738
vn -0.6263 0.0946 0.7738
vn -0.6785 0.1025 0.7274
vn -0.2329 -0.6455 0.7274
vn -0.1025 -0.6785 0.7274
vn 0.0318 -0.6855 0.7274
vn 0.1650 -0.6661 0.7274
vn 0.2917 -0.6211 0.7274
vn 0.2693 -0.5734 0.7738
vn 0.3145 -0.6695 -0.6730
vn 0.1778 -0.7180 -0.6730
vn 0.1523 -0.6149 0.7738
vn 0.1861 -0.7517 -0.6327
vn 0.3292 -0.7009 -0.6327
vn 0.0343 -0.7389 -0.6730
vn 0.0294 -0.6328 0.7738
vn 0.0359 -0.7736 -0.6327
vn 0.2288 -0.9241 0.3060
vn 0.0442 -0.9510 0.3060
vn -0.1157 -0.7657 -0.6327
vn -0.1105 -0.7314 -0.6730
vn -0.3231 -0.8955 0.3060
vn -0.1422 -0.9414 0.3060
vn -0.0707 -0.4682 0.8808
vn 0.0220 -0.4730 0.8808
vn -0.0267 -0.0739 0.9969
vn -0.1607 -0.4454 0.8808
vn 0.0036 -0.0785 0.9969
vn -0.0117 -0.0777 0.9969
vn 0.0049 0.0136 0.9999
vn -0.0007 0.0145 0.9999
vn -0.0159 0.3424 0.9394
vn 0.0022 0.0143 0.9999
vn 0.0512 0.3389 0.9394
vn -0.0035 0.0140 0.9999
vn 0.0189 -0.0763 0.9969
vn -0.1457 0.3102 0.9394
vn -0.0062 0.0131 0.9999
vn 0.0334 -0.0711 0.9969
vn 0.2013 -0.4286 0.8808
vn 0.1138 -0.4596 0.8808
vn 0.0466 -0.0632 0.9969
vn 0.2810 -0.3811 0.8808
vn 0.0581 -0.0529 0.9969
vn -0.0086 0.0116 0.9999
vn 0.3500 -0.3189 0.8808
vn -0.2533 0.2308 0.9394
vn -0.0107 0.0097 0.9999
vn -0.2034 0.2758 0.9394
vn -0.0124 0.0075 0.9999
vn 0.0673 -0.0406 0.9969
vn -0.0136 0.0049 0.9999
vn -0.2935 0.1770 0.9394
vn 0.0739 -0.0267 0.9969
vn -0.5644 0.5143 0.6457
vn -0.3224 0.1163 0.9394
vn -0.6539 0.3943 0.6457
vn -0.8188 0.4937 0.2929
vn -0.8994 0.3245 0.2929
vn -0.7182 0.2592 0.6457
vn -0.9454 0.1428 0.2929
vn -0.7550 0.1141 0.6457
vn -0.7627 -0.0354 0.6457
vn -0.3389 0.0512 0.9394
vn -0.3424 -0.0159 0.9394
vn -0.0143 0.0022 0.9999
vn -0.0145 -0.0007 0.9999
vn -0.3327 -0.0824 0.9394
vn -0.0140 -0.0035 0.9999
vn -0.7412 -0.1835 0.6458
vn -0.3102 -0.1457 0.9394
vn -0.0131 -0.0062 0.9999
vn -0.9551 -0.0444 0.2929
vn -0.8654 -0.4065 0.2929
vn -0.6911 -0.3246 0.6457
vn -0.7695 -0.5675 0.2929
vn -0.6145 -0.4532 0.6457
vn -0.5143 -0.5644 0.6457
vn -0.3943 -0.6539 0.6458
vn -0.6440 -0.7067 0.2929
vn -0.3245 -0.8994 0.2929
vn -0.2592 -0.7182 0.6457
vn -0.1141 -0.7550 0.6458
vn 0.0444 -0.9551 0.2929
vn 0.0354 -0.7627 0.6457
vn 0.1835 -0.7412 0.6458
vn 0.4065 -0.8654 0.2929
vn 0.3246 -0.6911 0.6457
vn 0.1457 -0.3102 0.9394
vn 0.0824 -0.3327 0.9394
vn 0.0159 -0.3424 0.9394
vn 0.0062 -0.0131 0.9999
vn 0.0035 -0.0140 0.9999
vn 0.0007 -0.0145 0.9999
vn 0.2034 -0.2758 0.9394
vn 0.0086 -0.0116 0.9999
vn 0.4532 -0.6145 0.6457
vn 0.2533 -0.2309 0.9394
vn 0.0107 -0.0097 0.9999
vn 0.5644 -0.5143 0.6458
vn 0.5675 -0.7695 0.2929
vn 0.8188 -0.4937 0.2929
vn 0.6539 -0.3943 0.6457
vn 0.8994 -0.3245 0.2929
vn 0.7182 -0.2592 0.6457
vn 0.9454 -0.1428 0.2929
vn 0.7550 -0.1141 0.6458
vn 0.9551 0.0444 0.2929
vn 0.7627 0.0354 0.6457
vn 0.9281 0.2298 0.2929
vn 0.7412 0.1835 0.6457
vn 0.6911 0.3246 0.6458
vn 0.7695 0.5675 0.2929
vn 0.6145 0.4532 0.6457
vn 0.6440 0.7067 0.2929
vn 0.5143 0.5644 0.6457
vn 0.3943 0.6539 0.6457
vn 0.2592 0.7182 0.6457
vn 0.4937 0.8188 0.2929
vn 0.1141 0.7550 0.6457
vn 0.3245 0.8994 0.2929
vn 0.1163 0.3224 0.9394
vn 0.1770 0.2935 0.9394
vn -0.0354 0.7627 0.6458
vn 0.1428 0.9454 0.2929
vn -0.0824 0.3327 0.9394
vn -0.2298 0.9281 0.2929
vn -0.1835 0.7412 0.6457
vn -0.4065 0.8654 0.2929
vn -0.3246 0.6911 0.6457
vn -0.4532 0.6145 0.6458
vn -0.7067 0.6440 0.2929
vn 0.0075 0.0124 0.9999
vn 0.2308 0.2533 0.9394
vn 0.0097 0.0107 0.9999
vn 0.2758 0.2034 0.9394
vn 0.0116 0.0086 0.9999
vn -0.0529 -0.0581 0.9969
vn -0.0632 -0.0466 0.9969
vn -0.0406 -0.0673 0.9969
vn -0.3189 -0.3500 0.8808
vn -0.2445 -0.4055 0.8808
vn -0.3811 -0.2810 0.8808
vn -0.4286 -0.2013 0.8808
vn -0.0711 -0.0334 0.9969
vn -0.4596 -0.1138 0.8808
vn 0.0140 0.0035 0.9999
vn -0.0763 -0.0189 0.9969
vn 0.0131 0.0062 0.9999
vn 0.3327 0.0824 0.9394
vn 0.3424 0.0159 0.9394
vn 0.0145 0.0007 0.9999
vn -0.0785 -0.0036 0.9969
vn 0.0143 -0.0022 0.9999
vn -0.0777 0.0117 0.9969
vn -0.4730 -0.0220 0.8808
vn -0.4682 0.0707 0.8808
vn -0.4454 0.1607 0.8808
vn 0.0136 -0.0049 0.9999
vn -0.0739 0.0267 0.9969
vn -0.4055 0.2445 0.8808
vn 0.0124 -0.0075 0.9999
vn -0.0673 0.0406 0.9969
vn 0.3224 -0.1163 0.9394
vn 0.2935 -0.1770 0.9394
vn -0.0581 0.0529 0.9969
vn -0.0466 0.0632 0.9969
vn -0.3500 0.3189 0.8808
vn -0.2810 0.3811 0.8808
vn -0.0334 0.0711 0.9969
vn -0.2013 0.4286 0.8808
vn -0.0189 0.0763 0.9969
vn -0.1138 0.4596 0.8808
vn -0.0036 0.0785 0.9969
vn -0.0220 0.4730 0.8808
vn 0.0707 0.4682 0.8808
vn 0.0117 0.0777 0.9969
vn -0.0022 -0.0143 0.9999
vn -0.0512 -0.3389 0.9394
vn -0.0049 -0.0136 0.9999
vn 0.0267 0.0739 0.9969
vn -0.1770 -0.2935 0.9394
vn -0.0075 -0.0124 0.9999
vn 0.0406 0.0673 0.9969
vn 0.1607 0.4454 0.8808
vn 0.2445 0.4055 0.8808
vn 0.0529 0.0581 0.9969
vn 0.3189 0.3500 0.8808
vn 0.0632 0.0466 0.9969
vn 0.3811 0.2810 0.8808
vn -0.0097 -0.0107 0.9999
vn -0.2308 -0.2533 0.9394
vn -0.0116 -0.0086 0.9999
vn 0.0711 0.0334 0.9969
vn 0.0763 0.0189 0.9969
vn 0.4286 0.2013 0.8808
vn 0.4596 0.1138 0.8808
vn 0.0785 0.0036 0.9969
vn 0.4730 0.0220 0.8808
vn 0.0777 -0.0117 0.9969
vn 0.4682 -0.0707 0.8808
vn 0.4454 -0.1607 0.8808
vn 0.4055 -0.2445 0.8808
vn 0.8955 -0.3231 0.3060
vn 0.8153 -0.4916 0.3060
vn 0.7037 -0.6412 0.3060
vn 0.5651 -0.7662 0.3060
vn 0.4047 -0.8617 0.3060
vn 0.9562 -0.2928 -0.0000
vn 0.7662 0.5651 0.3060
vn -0.2758 -0.2034 0.9394
vn -0.1163 -0.3224 0.9394
vn 0.3389 -0.0512 0.9394
vn 0.3102 0.1457 0.9394
vn -0.0946 -0.6263 0.7738
vn -0.2511 -0.6958 -0.6730
vn -0.5892 0.3553 0.7256
vn -0.5901 0.3558 -0.7247
vn -0.0320 0.6884 -0.7247
vn -0.0340 0.7316 -0.6808
vn 0.1029 0.6814 -0.7247
vn 0.1094 0.7242 -0.6808
vn 0.2486 0.6889 -0.6809
vn 0.3782 0.6272 -0.6808
vn 0.2339 0.6482 -0.7247
vn 0.4933 0.5414 -0.6808
vn 0.3559 0.5901 -0.7247
vn 0.5546 0.4090 -0.7247
vn 0.5538 0.4084 0.7256
vn 0.6228 0.2925 0.7256
vn 0.4635 0.5086 0.7256
vn 0.5888 0.4342 0.6817
vn 0.6622 0.3110 0.6817
vn 0.7101 0.1759 0.6817
vn 0.6679 0.1654 0.7256
vn 0.7308 0.0339 0.6817
vn 0.6873 0.0319 0.7256
vn 0.7234 -0.1093 0.6817
vn 0.6814 -0.1029 -0.7247
vn 0.6804 -0.1028 0.7256
vn 0.3553 0.5892 0.7256
vn 0.4641 0.5093 -0.7247
vn -0.0319 0.6873 0.7256
vn -0.1654 0.6679 0.7256
vn -0.1759 0.7101 0.6817
vn -0.8567 -0.0398 0.5142
vn -0.4364 0.0659 0.8974
vn -0.8480 0.1281 0.5142
vn -0.7197 0.1087 -0.6857
vn 0.1977 0.9803 -0.0000
vn -0.4151 0.1498 0.8973
vn -0.8067 0.2911 0.5142
vn -0.7345 0.4429 0.5142
vn -0.6847 0.2471 -0.6857
vn 0.7197 -0.1087 -0.6857
vn -0.1087 -0.7197 -0.6857
vn -0.0027 -1.0000 -0.0000
vn -0.7271 -0.0338 -0.6857
vn -0.7065 -0.1750 -0.6857
vn -0.8325 -0.2062 0.5142
vn -0.7763 -0.3646 0.5142
vn -0.4284 -0.1061 0.8974
vn -0.1397 -0.7705 0.6220
vn -0.7254 -0.0337 0.6875
vn -0.4408 -0.0205 0.8974
vn -0.3994 -0.1876 0.8974
vn -0.7049 -0.1746 0.6875
vn -0.4363 0.0659 0.8974
vn -0.2935 -0.7041 0.6466
vn -0.7180 0.1084 0.6875
vn -0.6831 0.2465 0.6875
vn -0.4151 0.1498 0.8974
vn -0.3779 0.2279 0.8974
vn -0.3779 0.2279 0.8973
vn -0.5368 0.4891 0.6875
vn -0.3262 0.2972 0.8974
vn -0.6339 0.5777 0.5142
vn -0.2619 0.3552 0.8974
vn -0.6889 0.6277 0.3625
vn -0.4310 0.5844 0.6875
vn -0.6218 0.3750 0.6875
vn -0.5532 0.7501 0.3625
vn -0.7981 0.4813 0.3625
vn -0.5894 0.5371 0.6034
vn -0.4733 0.6418 0.6034
vn -0.3962 0.8436 0.3625
vn -0.1917 0.7740 0.6034
vn -0.2240 0.9047 0.3625
vn -0.3087 0.6573 0.6875
vn -0.1746 0.7049 0.6875
vn -0.0432 0.9310 0.3625
vn -0.0337 0.7254 0.6875
vn 0.1191 0.7885 0.6034
vn 0.1392 0.9215 0.3625
vn 0.1085 0.7180 0.6875
vn -0.0205 0.4408 0.8974
vn -0.1061 0.4283 0.8974
vn 0.0659 0.4364 0.8974
vn -0.6362 0.4184 0.6482
vn 0.2465 0.6830 0.6875
vn 0.1498 0.4151 0.8974
vn 0.2279 0.3779 0.8974
vn 0.4813 0.7981 0.3625
vn 0.3750 0.6218 0.6875
vn 0.3163 0.8767 0.3625
vn 0.2707 0.7501 0.6034
vn -0.5637 0.7816 0.2671
vn 0.4118 0.6829 0.6034
vn 0.6277 0.6889 0.3625
vn 0.5371 0.5894 0.6034
vn 0.7501 0.5532 0.3625
vn 0.5844 0.4310 0.6875
vn 0.4891 0.5367 0.6875
vn 0.2972 0.3262 0.8974
vn 0.3552 0.2619 0.8974
vn 0.6573 0.3087 0.6875
vn 0.7686 -0.3475 0.5371
vn 0.8530 -0.0508 0.5194
vn 0.8436 0.3962 0.3625
vn 0.4284 0.1061 0.8974
vn 0.8325 0.2062 0.5142
vn 0.7512 0.6023 0.2701
vn 0.7049 0.1746 0.6875
vn 0.4408 0.0205 0.8974
vn 0.9310 0.0432 0.3625
vn 0.7254 0.0337 0.6875
vn 0.9047 0.2240 0.3625
vn 0.7966 0.0370 0.6034
vn 0.7740 0.1917 0.6034
vn 0.7885 -0.1191 0.6034
vn 0.9215 -0.1392 0.3625
vn 0.8767 -0.3163 0.3625
vn 0.5387 -0.8082 0.2381
vn 0.7180 -0.1085 0.6875
vn 0.6831 -0.2465 0.6875
vn 0.7981 -0.4813 0.3625
vn 0.4151 -0.1498 0.8974
vn 0.6219 -0.3750 0.6875
vn 0.3779 -0.2279 0.8974
vn 0.4363 -0.0659 0.8974
vn 0.8067 -0.2911 0.5142
vn 0.7344 -0.4429 0.5143
vn 0.8480 -0.1281 0.5142
vn 0.6233 -0.3759 -0.6857
vn 0.6847 -0.2471 -0.6857
vn 0.6339 -0.5777 0.5142
vn 0.5380 -0.4903 -0.6857
vn 0.2877 -0.9577 -0.0000
vn 0.4320 -0.5858 -0.6857
vn 0.3094 -0.6588 -0.6857
vn 0.1750 -0.7065 -0.6857
vn 0.0338 -0.7271 -0.6857
vn -0.2471 -0.6847 -0.6857
vn -0.3759 -0.6233 -0.6857
vn -0.4429 -0.7344 0.5142
vn -0.2911 -0.8067 0.5142
vn -0.2279 -0.3779 0.8974
vn -0.5777 -0.6339 0.5142
vn -0.2972 -0.3262 0.8974
vn -0.6902 -0.5091 0.5142
vn -0.3552 -0.2619 0.8974
vn -0.4903 -0.5380 -0.6857
vn -0.5858 -0.4320 -0.6857
vn -0.3995 -0.1876 0.8974
vn -0.5844 -0.4310 0.6875
vn -0.3551 -0.2619 0.8974
vn -0.4891 -0.5368 0.6875
vn -0.6573 -0.3087 0.6875
vn -0.9047 -0.2240 0.3625
vn -0.8435 -0.3963 0.3625
vn -0.5271 -0.8193 0.2256
vn -0.7501 -0.5532 0.3625
vn -0.7218 -0.3391 0.6034
vn -0.9310 -0.0432 0.3625
vn -0.7740 -0.1917 0.6034
vn -0.7885 0.1191 0.6034
vn -0.9215 0.1392 0.3625
vn -0.7501 0.2707 0.6034
vn -0.8767 0.3163 0.3625
vn -0.7813 -0.5636 0.2682
vn -0.6829 0.4118 0.6034
vn -0.5785 0.0874 0.8110
vn -0.5010 0.3021 0.8110
vn -0.5503 0.1986 0.8110
vn -0.2780 0.1676 0.9458
vn -0.3210 0.0485 0.9458
vn -0.4325 0.3941 0.8110
vn -0.2399 0.2186 0.9458
vn -0.3473 0.4709 0.8110
vn -0.1380 0.2938 0.9458
vn -0.2487 0.5296 0.8110
vn -0.3390 0.7218 0.6034
vn -0.0780 0.3151 0.9458
vn -0.1406 0.5679 0.8110
vn -0.0151 0.3243 0.9458
vn -0.0271 0.5844 0.8110
vn -0.0370 0.7966 0.6034
vn 0.0874 0.5785 0.8110
vn 0.1102 0.3053 0.9458
vn 0.1986 0.5503 0.8110
vn 0.3021 0.5010 0.8110
vn 0.1676 0.2780 0.9458
vn 0.3941 0.4325 0.8110
vn 0.2186 0.2399 0.9458
vn 0.4709 0.3473 0.8110
vn 0.6418 0.4733 0.6034
vn 0.2938 0.1380 0.9458
vn 0.5296 0.2487 0.8110
vn 0.7218 0.3390 0.6034
vn 0.3151 0.0780 0.9458
vn 0.5679 0.1406 0.8110
vn 0.3053 -0.1102 0.9458
vn -0.3053 0.1102 0.9458
vn 0.3243 0.0151 0.9458
vn 0.5844 0.0271 0.8110
vn 0.5785 -0.0874 0.8110
vn 0.7501 -0.2707 0.6034
vn 0.6161 0.4602 0.6392
vn 0.2780 -0.1676 0.9458
vn 0.6829 -0.4118 0.6034
vn 0.5894 -0.5371 0.6034
vn 0.6889 -0.6277 0.3625
vn 0.7561 0.3348 0.5623
vn 0.2399 -0.2186 0.9458
vn 0.4325 -0.3941 0.8110
vn 0.3473 -0.4709 0.8110
vn 0.4733 -0.6418 0.6034
vn 0.1927 -0.2612 0.9458
vn 0.2487 -0.5296 0.8110
vn 0.3390 -0.7218 0.6034
vn 0.5532 -0.7501 0.3625
vn 0.3962 -0.8436 0.3625
vn 0.2240 -0.9047 0.3625
vn 0.1406 -0.5679 0.8110
vn 0.1917 -0.7740 0.6034
vn 0.0370 -0.7966 0.6034
vn 0.0432 -0.9310 0.3625
vn 0.0151 -0.3243 0.9458
vn 0.1380 -0.2938 0.9458
vn 0.6843 -0.4248 0.5927
vn -0.0485 -0.3210 0.9458
vn -0.0874 -0.5785 0.8110
vn -0.1191 -0.7885 0.6034
vn -0.1986 -0.5503 0.8110
vn -0.2707 -0.7501 0.6034
vn -0.1392 -0.9215 0.3625
vn -0.3163 -0.8767 0.3625
vn -0.4813 -0.7981 0.3625
vn -0.4118 -0.6829 0.6034
vn -0.6277 -0.6889 0.3625
vn -0.3941 -0.4325 0.8110
vn -0.5371 -0.5894 0.6034
vn -0.3021 -0.5010 0.8110
vn -0.2186 -0.2399 0.9458
vn -0.1676 -0.2780 0.9458
vn -0.4709 -0.3473 0.8110
vn -0.6418 -0.4733 0.6034
vn -0.2938 -0.1380 0.9458
vn -0.0858 -0.6914 0.7173
vn -0.3151 -0.0780 0.9458
vn -0.5679 -0.1406 0.8110
vn -0.5844 -0.0271 0.8110
vn -0.7966 -0.0370 0.6034
vn 0.2257 -0.9465 0.2306
vn 0.1968 -0.9554 0.2203
vn -0.3750 -0.6218 0.6875
vn -0.1498 -0.4151 0.8974
vn -0.2465 -0.6831 0.6875
vn -0.1085 -0.7180 0.6875
vn 0.6363 -0.4185 0.6481
vn 0.7066 -0.6457 0.2895
vn 0.0337 -0.7254 0.6875
vn 0.6152 -0.7793 0.1195
vn 0.1061 -0.4283 0.8974
vn 0.0205 -0.4408 0.8974
vn -0.0659 -0.4364 0.8974
vn 0.1061 -0.4284 0.8974
vn 0.0398 -0.8567 0.5142
vn 0.7004 -0.2894 0.6524
vn -0.1281 -0.8480 0.5142
vn 0.2062 -0.8325 0.5142
vn 0.1876 -0.3995 0.8974
vn 0.3646 -0.7763 0.5142
vn 0.5091 -0.6902 0.5142
vn 0.3262 -0.2972 0.8974
vn 0.2619 -0.3552 0.8974
vn 0.5367 -0.4891 0.6875
vn 0.4310 -0.5844 0.6875
vn 0.1876 -0.3994 0.8974
vn 0.1745 -0.7049 0.6875
vn 0.3087 -0.6573 0.6875
vn 0.7271 0.0338 -0.6857
vn 0.7065 0.1750 -0.6857
vn 1.0000 -0.0027 -0.0000
vn 0.5858 0.4320 -0.6857
vn 0.4903 0.5380 -0.6857
vn 0.9228 -0.3852 -0.0000
vn 0.3759 0.6233 -0.6857
vn 0.4429 0.7344 0.5142
vn 0.1087 0.7197 -0.6857
vn -0.0338 0.7271 -0.6857
vn -0.1750 0.7065 -0.6857
vn -0.3094 0.6588 -0.6857
vn -0.4320 0.5858 -0.6857
vn -0.5380 0.4903 -0.6857
vn -0.9577 -0.2877 -0.0000
vn -0.5091 0.6902 0.5142
vn -0.3646 0.7763 0.5142
vn -0.1061 0.4284 0.8974
vn -0.2062 0.8325 0.5142
vn -0.0398 0.8567 0.5142
vn -0.0205 0.4408 0.8973
vn 0.1281 0.8480 0.5142
vn 0.2911 0.8067 0.5142
vn 0.2279 0.3779 0.8973
vn 0.5777 0.6339 0.5142
vn 0.6902 0.5090 0.5142
vn 0.3994 0.1876 0.8974
vn 0.7763 0.3646 0.5143
vn -0.1518 0.7519 0.6415
vn 0.8567 0.0398 0.5143
vn 0.2720 0.4879 0.8295
vn -0.1876 0.3995 0.8973
vn -0.1876 0.3994 0.8974
vn -0.2619 0.3551 0.8974
vn -0.8726 0.4884 -0.0000
vn -0.9827 -0.1850 -0.0000
vn -0.8403 0.5421 -0.0000
vn -0.2773 0.9608 -0.0000
vn -0.2061 0.9785 -0.0000
vn 0.5004 0.8658 -0.0000
vn 0.5321 0.8467 -0.0000
vn 0.9668 0.2554 -0.0000
vn 0.9740 0.2267 -0.0000
vn 0.8726 -0.4884 -0.0000
vn 0.8403 -0.5421 -0.0000
vn 0.2789 -0.9603 -0.0000
vn 0.2005 -0.9797 -0.0000
vn -0.5004 -0.8658 -0.0000
vn -0.5321 -0.8467 -0.0000
vn -0.9544 -0.2986 -0.0000
vn -0.0000 -0.0000 -1.0000
vn 0.8783 -0.1327 -0.4593
vn 0.7092 0.5244 -0.4711
vn 0.5689 0.2187 0.7928
vn 0.4789 -0.3770 0.7928
vn 0.5227 -0.7105 -0.4711
vn -0.7105 -0.5227 -0.4711
vn -0.5244 0.7093 -0.4711
vn 0.2091 0.5716 0.7935
vn 0.1307 0.8723 -0.4711
vn -0.2563 0.5520 0.7935
vn -0.5412 0.2556 0.8011
vn -0.8698 0.1314 -0.4755
vn -0.5926 -0.0843 0.8011
vn -0.4079 -0.4517 0.7935
vn -0.1328 -0.8720 -0.4711
vn 0.0310 -0.6078 0.7935
vn 0.0309 -0.6078 0.7935
vn -0.7423 0.1121 0.6606
vn -0.7659 0.2764 0.5806
vn -0.7061 0.2548 0.6606
vn -0.6429 0.3877 0.6607
vn -0.3602 0.1300 0.9238
vn -0.3787 0.0572 0.9238
vn -0.7499 -0.0348 0.6606
vn -0.3718 -0.0921 0.9238
vn -0.7287 -0.1805 0.6606
vn -0.3624 -0.1286 0.9231
vn -0.7201 -0.2555 0.6452
vn -0.6795 -0.3191 0.6606
vn -0.3082 -0.2273 0.9238
vn -0.6042 -0.4456 0.6606
vn -0.2580 -0.2831 0.9238
vn -0.5056 -0.5549 0.6606
vn -0.2299 -0.3083 0.9231
vn -0.4568 -0.6125 0.6452
vn -0.3877 -0.6429 0.6606
vn -0.1978 -0.3280 0.9238
vn -0.2548 -0.7061 0.6606
vn -0.1300 -0.3602 0.9238
vn -0.1121 -0.7423 0.6607
vn -0.0572 -0.3787 0.9238
vn 0.0348 -0.7499 0.6606
vn 0.0921 -0.3718 0.9238
vn 0.1805 -0.7287 0.6606
vn 0.1286 -0.3624 0.9231
vn 0.2555 -0.7201 0.6452
vn 0.3191 -0.6795 0.6606
vn 0.2273 -0.3082 0.9238
vn 0.4456 -0.6042 0.6606
vn 0.5549 -0.5056 0.6607
vn 0.3083 -0.2299 0.9231
vn 0.6125 -0.4568 0.6452
vn 0.6429 -0.3877 0.6606
vn 0.3280 -0.1978 0.9238
vn 0.7061 -0.2548 0.6606
vn 0.3602 -0.1300 0.9238
vn 0.7423 -0.1121 0.6607
vn 0.3787 -0.0572 0.9238
vn 0.7499 0.0348 0.6606
vn 0.3826 0.0178 0.9238
vn 0.7287 0.1805 0.6607
vn 0.3624 0.1286 0.9231
vn 0.7201 0.2555 0.6452
vn 0.6795 0.3191 0.6606
vn 0.3082 0.2273 0.9238
vn 0.6042 0.4456 0.6606
vn 0.5056 0.5549 0.6606
vn 0.2299 0.3083 0.9231
vn 0.4568 0.6125 0.6452
vn 0.3877 0.6429 0.6607
vn 0.1300 0.3602 0.9238
vn 0.2548 0.7061 0.6606
vn 0.0572 0.3787 0.9238
vn 0.1121 0.7423 0.6606
vn -0.0348 0.7499 0.6606
vn -0.0921 0.3718 0.9238
vn -0.1805 0.7287 0.6606
vn -0.1286 0.3624 0.9231
vn -0.2555 0.7201 0.6452
vn -0.3191 0.6795 0.6606
vn -0.1628 0.3467 0.9238
vn -0.4456 0.6042 0.6606
vn -0.2273 0.3082 0.9238
vn -0.5549 0.5056 0.6606
vn -0.3083 0.2299 0.9231
vn -0.6125 0.4568 0.6452
vn -0.6973 0.4205 0.5806
vn -0.6018 0.5484 0.5806
vn -0.6468 0.4824 0.5908
vn -0.5736 0.5231 0.6304
vn -0.6677 0.4050 0.6246
vn -0.7332 0.2635 0.6268
vn -0.1249 0.0794 0.9890
vn -0.0630 0.0520 0.9967
vn -0.6307 0.4708 0.6169
vn -0.1457 0.1256 0.9813
vn 0.7696 -0.4641 0.4385
vn -0.1776 0.0659 0.9819
vn 0.5102 -0.7412 0.4362
vn 0.6237 -0.3762 0.6852
vn 0.7186 -0.5414 0.4364
vn 0.3480 -0.6625 0.6633
vn 0.2296 -0.8664 0.4435
vn 0.4117 -0.7010 0.5823
vn 0.0795 -0.7151 0.6944
vn 0.2051 -0.4760 0.8552
vn 0.3195 -0.6063 0.7282
vn 0.5276 -0.5456 0.6511
vn 0.4895 -0.6633 0.5660
vn 0.3837 -0.3489 0.8550
vn 0.5905 -0.4423 0.6750
vn 0.3750 -0.2850 0.8821
vn 0.3074 -0.4176 0.8550
vn 0.3661 -0.6661 0.6498
vn 0.4850 -0.4834 0.7287
vn 0.2200 -0.4716 0.8539
vn 0.2489 -0.6973 0.6722
vn 0.3940 -0.3350 0.8559
vn 0.1619 -0.4437 0.8814
vn 0.1408 -0.4533 0.8802
vn 0.1767 -0.7106 0.6810
vn 0.1132 -0.4572 0.8821
vn 0.2459 -0.6798 0.6909
vn 0.1755 -0.7100 0.6820
vn 0.5277 -0.5279 0.6655
vn 0.3056 -0.8485 0.4320
vn 0.5551 -0.7077 0.4371
vn 0.2167 -0.8751 0.4327
vn 0.6585 -0.2818 0.6978
vn 0.7544 -0.4755 0.4526
vn 0.5463 -0.6010 0.5834
vn -0.0116 0.1813 0.9834
vn -0.0300 0.0624 0.9976
vn -0.1465 0.1956 0.9697
vn -0.4593 0.6243 0.6319
vn -0.3275 0.7001 0.6344
vn -0.2633 0.7373 0.6222
vn -0.0305 0.1301 0.9910
vn -0.1833 0.7519 0.6333
vn -0.0817 0.1559 0.9844
vn -0.0348 0.7673 0.6403
vn -0.1645 -0.8886 0.4283
vn -0.2233 -0.7186 0.6586
vn -0.4522 -0.7789 0.4345
vn -0.2056 -0.7910 0.5763
vn -0.4504 -0.5661 0.6904
vn -0.1922 -0.4845 0.8534
vn -0.2180 -0.6339 0.7420
vn -0.0133 -0.7632 0.6460
vn -0.0434 -0.8279 0.5591
vn 0.0035 -0.2413 0.9704
vn -0.0001 -0.3145 0.9492
vn -0.0097 -0.1868 0.9823
vn -0.1236 -0.8201 0.5587
vn -0.0881 -0.6983 0.7104
vn -0.0363 -0.2346 0.9714
vn -0.0779 -0.2317 0.9697
vn -0.2034 -0.8048 0.5576
vn -0.1222 -0.6934 0.7101
vn 0.0218 -0.6690 0.7429
vn -0.2133 -0.7345 0.6442
vn 0.0419 -0.5179 0.8544
vn -0.3801 -0.6316 0.6758
vn -0.2445 -0.4056 0.8807
vn -0.3800 -0.6297 0.6775
vn -0.0012 -0.7498 0.6617
vn 0.2673 -0.6672 0.6953
vn 0.1962 -0.8725 0.4476
vn -0.1091 -0.8965 0.4294
vn -0.4677 -0.7755 0.4242
vn -0.4390 -0.5810 0.6854
vn -0.5456 -0.7243 0.4216
vn -0.6685 -0.3526 0.6548
vn -0.7471 -0.5147 0.4207
vn -0.4807 -0.2076 0.8519
vn -0.2878 -0.3787 0.8796
vn -0.5522 -0.5336 0.6406
vn -0.6125 -0.3238 0.7211
vn -0.7215 -0.0822 0.6876
vn -0.6706 -0.4949 0.5526
vn -0.4894 -0.4896 0.7216
vn -0.6738 -0.3707 0.6392
vn -0.3388 -0.3978 0.8526
vn -0.4796 -0.2240 0.8484
vn -0.7053 -0.2517 0.6627
vn -0.4249 -0.3128 0.8494
vn -0.4481 -0.1635 0.8789
vn -0.4655 -0.1500 0.8722
vn -0.7187 -0.1781 0.6722
vn -0.4615 -0.1143 0.8798
vn -0.6869 -0.2485 0.6830
vn -0.7169 -0.1774 0.6742
vn -0.5341 -0.5321 0.6570
vn -0.8551 -0.3080 0.4171
vn -0.7137 -0.5594 0.4215
vn -0.8817 -0.2184 0.4182
vn -0.2861 -0.6638 0.6910
vn -0.4806 -0.7593 0.4388
vn -0.6077 -0.5511 0.5718
vn 0.1480 -0.0027 0.9890
vn 0.0285 0.0179 0.9994
vn 0.1678 0.1259 0.9777
vn 0.6097 0.4486 0.6535
vn 0.6839 0.3203 0.6556
vn 0.7207 0.2574 0.6436
vn 0.0971 0.0207 0.9951
vn 0.7356 0.1800 0.6531
vn 0.1263 0.0769 0.9890
vn 0.7522 0.0351 0.6580
vn -0.8938 0.1632 0.4177
vn -0.7230 0.2221 0.6542
vn -0.7824 0.4496 0.4309
vn -0.7966 0.2052 0.5686
vn -0.5666 0.4528 0.6884
vn -0.4869 0.1937 0.8517
vn -0.6375 0.2196 0.7385
vn -0.7702 0.0133 0.6377
vn -0.8347 0.0437 0.5489
vn -0.2502 -0.0052 0.9682
vn -0.2420 0.0366 0.9696
vn -0.8263 0.1248 0.5492
vn -0.7036 0.0881 0.7051
vn -0.8103 0.2049 0.5490
vn -0.6981 0.1238 0.7052
vn -0.2375 0.0788 0.9682
vn -0.7398 0.2148 0.6377
vn -0.6738 -0.0215 0.7386
vn -0.5224 -0.0412 0.8517
vn -0.7564 0.0014 0.6542
vn -0.6751 -0.2652 0.6884
vn -0.8803 -0.1984 0.4309
vn -0.9021 0.1081 0.4177
vn -0.6325 0.3813 0.6742
vn -0.7779 0.4691 0.4182
vn -0.4071 0.2455 0.8798
vn -0.7259 0.5469 0.4171
vn -0.5828 0.4403 0.6830
vn -0.3533 0.6660 0.6570
vn -0.5167 0.7453 0.4215
vn -0.2061 0.4801 0.8527
vn -0.5995 0.4488 0.6627
vn -0.3798 0.2886 0.8789
vn -0.5342 0.5532 0.6392
vn -0.3229 0.6123 0.7217
vn -0.0774 0.7184 0.6913
vn -0.4945 0.6709 0.5526
vn -0.4895 0.4902 0.7212
vn -0.3700 0.6729 0.6406
vn -0.2240 0.4776 0.8495
vn -0.3136 0.4244 0.8494
vn -0.2513 0.7029 0.6654
vn -0.3978 0.3403 0.8520
vn -0.1631 0.4468 0.8796
vn -0.0007 0.3202 0.9473
vn -0.1765 0.7157 0.6758
vn -0.1138 0.4598 0.8807
vn -0.2477 0.6848 0.6854
vn -0.1770 0.7139 0.6775
vn -0.5342 0.5345 0.6549
vn -0.3073 0.8531 0.4215
vn -0.5617 0.7124 0.4206
vn -0.2177 0.8790 0.4242
vn -0.6647 0.2917 0.6879
vn -0.7646 0.4807 0.4293
vn -0.5531 0.6071 0.5705
vn -0.0033 -0.1554 0.9878
vn 0.0188 -0.0415 0.9990
vn 0.1232 -0.1699 0.9777
vn 0.3230 -0.6862 0.6517
vn 0.4500 -0.6087 0.6535
vn 0.2576 -0.7251 0.6386
vn 0.1863 -0.7411 0.6450
vn 0.0292 -0.1096 0.9935
vn 0.0354 -0.7632 0.6452
vn 0.1605 0.8888 0.4293
vn 0.0722 -0.1465 0.9866
vn 0.2192 0.7169 0.6619
vn 0.4442 0.7765 0.4468
vn 0.2032 0.7908 0.5774
vn 0.4513 0.5580 0.6964
vn 0.1928 0.4822 0.8546
vn 0.2187 0.6320 0.7435
vn 0.0132 0.7648 0.6442
vn 0.0434 0.8290 0.5575
vn -0.0060 0.2444 0.9697
vn 0.0346 0.2348 0.9714
vn 0.1245 0.8201 0.5586
vn 0.0877 0.6984 0.7103
vn 0.0459 0.1813 0.9823
vn 0.2030 0.8040 0.5589
vn 0.1219 0.6941 0.7095
vn 0.0746 0.2295 0.9704
vn 0.2128 0.7331 0.6460
vn -0.0206 0.6706 0.7415
vn -0.0405 0.5194 0.8536
vn 0.0002 0.7523 0.6589
vn -0.2621 0.6731 0.6915
vn -0.2006 0.8784 0.4339
vn 0.1055 0.8976 0.4281
vn 0.3774 0.6264 0.6820
vn 0.4655 0.7721 0.4326
vn 0.2432 0.4033 0.8821
vn 0.6607 0.3477 0.6653
vn 0.5427 0.7203 0.4320
vn 0.1601 0.2180 0.9627
vn 0.4756 0.2037 0.8557
vn 0.8612 0.2303 0.4532
vn 0.7394 0.5120 0.4372
vn 0.7133 0.0743 0.6969
vn 0.6992 0.4127 0.5838
vn -0.0647 -0.1698 0.9834
vn -0.0470 -0.0508 0.9976
vn -0.0676 -0.1152 0.9910
vn -0.4694 -0.6266 0.6221
vn -0.3972 -0.6642 0.6333
vn -0.5198 -0.5721 0.6344
vn -0.1242 -0.1248 0.9844
vn -0.2599 -0.7228 0.6403
vn -0.4205 -0.6972 0.5806
vn -0.2764 -0.7659 0.5806
vn -0.4824 -0.6468 0.5908
vn -0.5484 -0.6018 0.5806
vn -0.6553 -0.4833 0.5806
vn -0.6232 -0.4608 0.6319
vn -0.7025 -0.3303 0.6304
vn -0.7370 -0.3462 0.5806
vn -0.1978 -0.1436 0.9697
vn 0.6003 0.5479 0.5827
vn -0.1889 -0.0107 0.9819
vn 0.7062 0.5575 0.4364
vn 0.4742 0.7602 0.4440
vn 0.5276 0.5309 0.6632
vn 0.2871 0.6607 0.6935
vn 0.3367 0.3943 0.8551
vn 0.4846 0.4849 0.7280
vn 0.6652 0.3654 0.6511
vn 0.6636 0.4891 0.5661
vn 0.6063 0.3188 0.7285
vn 0.5466 0.5283 0.6498
vn 0.4171 0.3082 0.8550
vn 0.4438 0.5927 0.6722
vn 0.3495 0.3856 0.8539
vn 0.2858 0.3760 0.8814
vn 0.3787 0.6267 0.6810
vn 0.2666 0.3910 0.8810
vn 0.0931 0.3002 0.9493
vn -0.3180 -0.2672 0.9097
vn -0.6295 -0.1593 0.7605
vn -0.0001 0.0668 0.9978
vn -0.1486 -0.3496 0.9250
vn -0.6914 -0.0074 0.7224
vn -0.1815 0.0730 0.9807
vn -0.4228 0.1541 0.8930
vn 0.0348 -0.0107 0.9993
vn -0.0683 0.0825 0.9943
vn -0.0233 -0.0454 0.9987
vn -0.0572 -0.0422 0.9975
vn -0.0361 -0.0266 0.9990
vn -0.0513 -0.0085 0.9986
vn 0.0288 -0.4664 0.8841
vn 0.0192 -0.1959 0.9804
vn 0.4696 0.2200 0.8550
vn 0.4517 0.1414 0.8809
vn -0.3159 -0.5579 0.7675
vn 0.3110 -0.0004 0.9504
vn -0.2018 -0.6710 0.7135
vn -0.3484 -0.2256 0.9098
vn -0.0004 0.0356 0.9994
vn 0.0592 -0.0917 0.9940
vn 0.0550 0.0105 0.9984
vn 0.0638 -0.0199 0.9978
vn -0.3779 -0.0387 0.9250
vn -0.3598 0.0186 0.9329
vn 0.0634 -0.0033 0.9980
vn 0.0661 0.0160 0.9977
vn 0.0486 0.0699 0.9964
vn 0.5974 -0.0309 0.8014
vn 0.0804 0.0943 0.9923
vn 0.5729 0.1617 0.8035
vn 0.0925 0.0724 0.9931
vn 0.5505 -0.0447 0.8336
vn 0.0622 0.1818 0.9814
vn 0.1785 0.1653 0.9700
vn 0.4448 -0.1538 0.8823
vn 0.0055 -0.0750 0.9972
vn 0.0727 -0.1456 0.9867
vn 0.1130 -0.0111 0.9935
vn 0.0899 -0.0307 0.9955
vn 0.0639 -0.0079 0.9979
vn -0.3226 0.0846 0.9428
vn -0.3232 0.1393 0.9360
vn -0.3773 0.0570 0.9243
vn 0.0409 0.4703 0.8816
vn 0.1803 -0.0093 0.9836
vn 0.2275 -0.0344 0.9732
vn 0.2238 -0.0744 0.9718
vn 0.1750 -0.0443 0.9836
vn 0.8222 -0.0430 0.5676
vn 0.8138 -0.1232 0.5680
vn 0.7984 -0.2016 0.5674
vn 0.7276 -0.2117 0.6525
vn 0.6241 -0.3761 0.6849
vn -0.2912 0.3276 0.8988
vn 0.2960 -0.0924 0.9507
vn -0.1804 0.6323 0.7534
vn 0.3877 -0.2613 0.8840
vn -0.0251 0.6968 0.7168
vn 0.0698 0.1814 0.9809
vn 0.1449 0.4099 0.9006
vn -0.0480 -0.0916 0.9946
vn 0.0222 0.1012 0.9946
vn 0.0207 0.0997 0.9948
vn -0.0422 0.0572 0.9975
vn -0.0266 0.0361 0.9990
vn -0.0087 0.0508 0.9987
vn -0.4580 -0.0254 0.8886
vn -0.1954 -0.0177 0.9806
vn -0.5562 0.3269 0.7640
vn -0.6648 0.2065 0.7179
vn -0.2253 0.3488 0.9097
vn 0.0360 0.0002 0.9994
vn -0.0907 -0.0589 0.9941
vn 0.0105 -0.0550 0.9984
vn -0.0198 -0.0638 0.9978
vn -0.0386 0.3779 0.9250
vn -0.0094 -0.0625 0.9980
vn -0.0033 -0.0634 0.9980
vn 0.0187 0.3598 0.9329
vn 0.0570 0.3773 0.9243
vn 0.1486 0.3496 0.9250
vn 0.0907 0.3786 0.9211
vn -0.0074 -0.0309 0.9995
vn -0.0156 -0.0616 0.9980
vn -0.0263 -0.0495 0.9984
vn 0.0001 -0.0668 0.9978
vn 0.0717 -0.0846 0.9938
vn 0.3189 0.2653 0.9099
vn -0.0949 -0.3062 0.9472
vn 0.6223 0.1150 0.7743
vn -0.2770 -0.3972 0.8749
vn 0.7093 -0.0178 0.7047
vn 0.1814 -0.0791 0.9802
vn -0.3551 -0.3901 0.8495
vn 0.4510 -0.1781 0.8746
vn -0.0331 0.0111 0.9994
vn 0.0233 0.0475 0.9986
vn 0.0715 0.0527 0.9960
vn 0.0572 0.0422 0.9975
vn 0.0361 0.0266 0.9990
vn -0.0448 0.4977 0.8662
vn -0.0242 0.1973 0.9801
vn 0.2753 0.5621 0.7799
vn -0.3252 0.0002 0.9456
vn 0.1851 0.6923 0.6974
vn 0.3471 0.2268 0.9100
vn 0.0530 0.0081 0.9986
vn 0.0011 -0.0344 0.9994
vn -0.0599 0.0949 0.9937
vn -0.0550 -0.0105 0.9984
vn -0.0638 0.0199 0.9978
vn 0.3779 0.0387 0.9250
vn 0.3598 -0.0187 0.9329
vn -0.0634 0.0033 0.9980
vn -0.0661 -0.0160 0.9977
vn -0.0486 -0.0699 0.9964
vn -0.0625 0.0094 0.9980
vn -0.5740 -0.0267 0.8184
vn -0.5682 0.0858 0.8184
vn -0.0616 0.0156 0.9980
vn -0.5405 0.1950 0.8184
vn -0.0584 0.0348 0.9977
vn -0.0494 0.0263 0.9984
vn -0.0668 -0.0001 0.9978
vn 0.3492 -0.0885 0.9329
vn 0.3773 -0.0570 0.9243
vn -0.1948 0.0101 0.9808
vn -0.1891 0.0479 0.9808
vn 0.3496 -0.1486 0.9250
vn 0.2653 -0.3189 0.9099
vn -0.3103 0.0962 0.9457
vn -0.0846 -0.0717 0.9938
vn 0.0111 0.0331 0.9994
vn -0.0178 -0.7093 0.7047
vn 0.1151 -0.6223 0.7743
vn 0.0475 -0.0233 0.9986
vn -0.1780 -0.4509 0.8746
vn -0.0791 -0.1814 0.9802
vn -0.3999 0.2784 0.8733
vn -0.3921 0.3556 0.8484
vn 0.0266 -0.0361 0.9990
vn 0.1958 0.0191 0.9805
vn 0.0422 -0.0572 0.9975
vn 0.0527 -0.0715 0.9960
vn 0.4660 0.0287 0.8843
vn 0.0085 -0.0513 0.9986
vn 0.6707 -0.2020 0.7137
vn 0.5578 -0.3164 0.7673
vn -0.0357 -0.0004 0.9994
vn 0.0916 0.0591 0.9940
vn 0.2256 -0.3484 0.9098
vn -0.1445 0.4596 0.8763
vn 0.6994 0.0833 0.7098
vn 0.0386 -0.3779 0.9250
vn 0.0098 0.1882 0.9821
vn 0.0033 0.0634 0.9980
vn -0.0105 0.0550 0.9984
vn -0.0160 0.0661 0.9977
vn -0.0699 0.0486 0.9964
vn -0.0741 -0.0405 0.9964
vn -0.1617 0.5729 0.8035
vn -0.1032 0.0762 0.9917
vn -0.2676 0.5651 0.7804
vn -0.0883 0.0914 0.9919
vn -0.0717 0.0972 0.9927
vn -0.0613 0.1114 0.9919
vn -0.3722 0.5047 0.7789
vn -0.0425 0.1214 0.9917
vn -0.4611 0.4226 0.7802
vn 0.0619 0.0578 0.9964
vn -0.4996 0.3238 0.8035
vn -0.0257 0.0811 0.9964
vn -0.7694 0.4640 0.4391
vn -0.5158 0.3847 0.7655
vn -0.4759 0.1717 0.8625
vn -0.8451 0.3050 0.4391
vn -0.4333 0.2613 0.8625
vn -0.7199 0.5369 0.4400
vn -0.6641 0.6051 0.4391
vn -0.3740 0.3408 0.8625
vn -0.0000 -0.0000 1.0000
vn -0.3883 0.2896 0.8748
vn -0.3003 0.4072 0.8625
vn -0.5333 0.7231 0.4391
vn 0.4838 -0.0251 0.8748
vn 0.5054 0.0235 0.8625
vn 0.4696 -0.1190 0.8748
vn 0.5003 -0.0756 0.8625
vn 0.4759 -0.1717 0.8625
vn 0.4333 -0.2613 0.8625
vn 0.3883 -0.2896 0.8748
vn 0.3740 -0.3408 0.8625
vn 0.3003 -0.4072 0.8625
vn 0.2151 -0.4580 0.8625
vn 0.1620 -0.4566 0.8748
vn 0.1216 -0.4911 0.8625
vn 0.0235 -0.5054 0.8625
vn 0.6992 -0.1056 0.7071
vn -0.1190 -0.4696 0.8748
vn -0.0756 -0.5003 0.8625
vn -0.1717 -0.4759 0.8625
vn -0.2613 -0.4333 0.8625
vn -0.2896 -0.3884 0.8748
vn -0.3408 -0.3740 0.8625
vn -0.4072 -0.3003 0.8625
vn -0.4580 -0.2151 0.8625
vn -0.4566 -0.1620 0.8748
vn -0.4911 -0.1216 0.8625
vn -0.5054 -0.0235 0.8625
vn -0.4838 0.0251 0.8748
vn -0.4696 0.1190 0.8748
vn -0.5003 0.0756 0.8625
vn -0.2151 0.4580 0.8626
vn -0.1620 0.4566 0.8748
vn -0.1216 0.4911 0.8625
vn -0.0235 0.5054 0.8625
vn 0.0251 0.4838 0.8748
vn 0.0009 -0.0001 1.0000
vn 0.0756 0.5003 0.8625
vn 0.1717 0.4760 0.8625
vn 0.2613 0.4333 0.8625
vn 0.2897 0.3883 0.8748
vn 0.3408 0.3740 0.8626
vn 0.4072 0.3003 0.8625
vn 0.4580 0.2151 0.8625
vn 0.4566 0.1620 0.8748
vn 0.4911 0.1216 0.8625
vn 0.8721 0.2160 0.4391
vn 0.8975 0.0417 0.4391
vn 0.8968 -0.0465 0.4400
vn 0.8884 -0.1342 0.4391
vn 0.5740 0.0267 0.8184
vn 0.4927 -0.1248 0.8612
vn 0.8705 -0.2205 0.4400
vn 0.8451 -0.3049 0.4391
vn 0.7694 -0.4640 0.4391
vn 0.5048 -0.3749 0.7776
vn 0.5247 -0.3914 0.7560
vn 0.6641 -0.6051 0.4391
vn 0.7199 -0.5369 0.4400
vn 0.4693 -0.4219 0.7758
vn 0.3722 -0.5047 0.7789
vn 0.5333 -0.7231 0.4391
vn 0.3820 -0.8132 0.4391
vn 0.2677 -0.5650 0.7805
vn 0.2149 -0.6058 0.7660
vn 0.3003 -0.8463 0.4400
vn 0.2160 -0.8721 0.4391
vn 0.1616 -0.5729 0.8035
vn 0.0267 -0.5740 0.8184
vn 0.0417 -0.8975 0.4391
vn -0.0309 -0.5974 0.8014
vn -0.0465 -0.8968 0.4400
vn -0.1342 -0.8884 0.4391
vn -0.0858 -0.5682 0.8184
vn -0.1469 -0.5799 0.8014
vn -0.2205 -0.8705 0.4400
vn -0.3049 -0.8451 0.4391
vn -0.1951 -0.5405 0.8184
vn -0.3238 -0.4996 0.8035
vn -0.4640 -0.7694 0.4391
vn -0.3847 -0.5158 0.7655
vn -0.5369 -0.7199 0.4400
vn -0.6051 -0.6641 0.4391
vn -0.4226 -0.4611 0.7802
vn -0.5047 -0.3722 0.7789
vn -0.7231 -0.5333 0.4391
vn -0.5656 -0.2674 0.7801
vn -0.8132 -0.3820 0.4391
vn -0.6067 -0.2153 0.7652
vn -0.8463 -0.3003 0.4400
vn -0.8721 -0.2160 0.4391
vn -0.5730 -0.1619 0.8034
vn -0.8975 -0.0417 0.4391
vn -0.5974 0.0310 0.8013
vn -0.8968 0.0465 0.4400
vn -0.8884 0.1342 0.4391
vn -0.5799 0.1469 0.8013
vn -0.8705 0.2205 0.4400
vn -0.0767 -0.1036 0.9917
vn 0.0433 -0.0731 0.9964
vn -0.0914 -0.0883 0.9919
vn -0.0972 -0.0717 0.9927
vn -0.1114 -0.0612 0.9919
vn -0.1214 -0.0425 0.9917
vn -0.0578 0.0620 0.9964
vn -0.0811 -0.0257 0.9964
vn -0.0348 -0.0584 0.9977
vn 0.6947 -0.1500 0.7035
vn 0.0160 -0.0661 0.9977
vn 0.0699 -0.0486 0.9964
vn 0.1031 -0.0761 0.9918
vn 0.0744 0.0396 0.9964
vn 0.0883 -0.0914 0.9919
vn 0.0717 -0.0972 0.9927
vn -0.0527 0.0715 0.9960
vn 0.1326 -0.0304 0.9907
vn 0.1901 0.0091 0.9817
vn 0.0719 0.1036 0.9920
vn 0.0453 -0.1959 0.9796
vn 0.8463 0.3003 0.4400
vn 0.6060 0.2150 0.7658
vn 0.0762 0.1032 0.9917
vn 0.5651 0.2676 0.7804
vn 0.0914 0.0883 0.9919
vn 0.8132 0.3820 0.4391
vn 0.5047 0.3722 0.7789
vn 0.0972 0.0717 0.9927
vn 0.7231 0.5333 0.4391
vn 0.6051 0.6641 0.4391
vn 0.4227 0.4605 0.7806
vn 0.5369 0.7199 0.4400
vn 0.3841 0.5151 0.7663
vn 0.1208 0.0421 0.9918
vn 0.1114 0.0612 0.9919
vn 0.0599 -0.0590 0.9965
vn -0.0715 -0.0527 0.9960
vn 0.3235 0.4996 0.8035
vn 0.0811 0.0257 0.9964
vn 0.0348 0.0584 0.9977
vn 0.0263 0.0495 0.9984
vn 0.0156 0.0616 0.9980
vn -0.0885 -0.3492 0.9329
vn 0.0094 0.0625 0.9980
vn -0.0570 -0.3773 0.9243
vn -0.0186 -0.3598 0.9329
vn 0.0858 0.5682 0.8184
vn 0.1951 0.5405 0.8184
vn 0.1469 0.5799 0.8014
vn 0.3050 0.8451 0.4391
vn 0.1342 0.8884 0.4391
vn 0.2206 0.8705 0.4400
vn 0.0466 0.8968 0.4400
vn 0.0309 0.5974 0.8014
vn -0.0416 0.8975 0.4391
vn -0.0267 0.5740 0.8184
vn -0.2160 0.8721 0.4391
vn -0.3002 0.8463 0.4400
vn -0.2150 0.6060 0.7659
vn -0.3819 0.8132 0.4391
vn 0.4640 0.7694 0.4391
vn -0.0405 0.0741 0.9964
vn -0.6340 0.3824 0.6722
vn -0.4477 -0.5973 0.6655
vn 0.4018 -0.2422 0.8831
vn 0.5148 0.0410 0.8563
vn 0.7456 -0.0003 0.6664
vn 0.5750 -0.4345 0.6932
vn 0.8918 -0.1065 0.4397
vn 0.8707 0.1980 0.4503
vn 0.6651 0.2638 0.6986
vn 0.6650 0.0214 0.7465
vn 0.6887 -0.1208 0.7149
vn 0.6927 -0.0873 0.7159
vn 0.6276 -0.2174 0.7476
vn 0.7577 -0.0127 0.6525
vn 0.4797 -0.1913 0.8563
vn 0.5575 -0.4485 0.6986
vn 0.7124 -0.2199 0.6664
vn 0.7733 -0.4464 0.4503
vn 0.8835 -0.1617 0.4397
vn 0.7852 -0.2037 0.5848
vn -0.1763 -0.0769 0.9813
vn -0.2488 0.0376 0.9678
vn 0.8103 -0.0374 0.5848
vn -0.7701 0.1163 0.6272
vn -0.7784 -0.0352 0.6268
vn -0.8133 -0.0378 0.5806
vn -0.8051 0.1216 0.5806
vn -0.1427 -0.0390 0.9890
vn -0.7576 -0.1897 0.6246
vn -0.7903 -0.1957 0.5806
vn -0.7604 -0.2698 0.5908
vn -0.0753 -0.0309 0.9967
vn -0.7416 -0.2634 0.6170
vn 0.8724 0.2160 0.4385
vn 0.8465 0.3049 0.4364
vn 0.7070 0.1751 0.6852
vn 0.6777 0.2452 0.6932
vn 0.4555 0.1127 0.8831
vn 0.4424 0.1615 0.8821
vn 0.7074 0.1750 0.6849
vn 0.6948 0.2481 0.6750
vn 0.2358 0.0050 0.9718
vn -0.1216 -0.8051 0.5806
vn 0.0378 -0.8133 0.5806
vn -0.1132 -0.7575 0.6429
vn -0.0364 -0.2241 0.9739
vn 0.0371 0.8168 0.5758
vn 0.1957 -0.7903 0.5806
vn 0.2698 -0.7604 0.5908
vn 0.3462 -0.7370 0.5806
vn 0.4833 -0.6553 0.5806
vn 0.5587 -0.5080 0.6555
vn 0.6018 -0.5484 0.5806
vn 0.1422 -0.0412 0.9890
vn 0.0220 -0.0255 0.9994
vn 0.6126 -0.4589 0.6436
vn 0.6468 -0.4824 0.5908
vn -0.4177 0.7062 0.5717
vn -0.2352 0.8674 0.4386
vn 0.0866 -0.0485 0.9951
vn 0.6496 -0.3893 0.6531
vn 0.0979 -0.1107 0.9890
vn 0.7083 -0.2557 0.6580
vn 0.7659 -0.2764 0.5806
vn 0.6973 -0.4205 0.5806
vn 0.8051 -0.1216 0.5806
vn 0.8133 0.0378 0.5806
vn 0.7447 -0.1125 0.6578
vn 0.2004 -0.0303 0.9792
vn -0.8217 0.0393 0.5686
vn 0.7903 0.1957 0.5806
vn 0.7604 0.2698 0.5908
vn 0.7370 0.3461 0.5806
vn 0.6553 0.4833 0.5806
vn 0.5484 0.6018 0.5806
vn 0.5114 0.5602 0.6517
vn 0.4603 0.6167 0.6387
vn 0.0428 0.1493 0.9879
vn 0.4824 0.6468 0.5908
vn 0.0301 0.0340 0.9990
vn -0.7076 -0.4167 0.5707
vn -0.8725 -0.2330 0.4295
vn 0.3969 0.6530 0.6450
vn 0.0603 0.0961 0.9935
vn 0.2593 0.7187 0.6452
vn 0.2764 0.7659 0.5806
vn 0.4205 0.6973 0.5806
vn 0.1216 0.8051 0.5806
vn -0.0378 0.8133 0.5806
vn 0.0314 0.2249 0.9739
vn 0.1157 0.7572 0.6429
vn 0.1122 0.1186 0.9866
vn -0.0396 -0.8152 0.5779
vn -0.1957 0.7903 0.5806
vn -0.3461 0.7370 0.5806
vn 0.6639 0.2673 0.6984
vn -0.4833 0.6553 0.5806
vn 0.8188 -0.4937 -0.2929
vn 0.0444 -0.9551 -0.2929
vn -0.9281 -0.2298 -0.2929
vn -0.9281 -0.2298 0.2929
vn -0.4937 -0.8188 0.2929
vn -0.1428 -0.9454 0.2929
vn 0.2298 -0.9281 0.2929
vn 0.7067 -0.6440 0.2929
vn 0.8654 0.4065 0.2929
vn -0.0444 0.9551 0.2929
vn -0.5675 0.7695 0.2929
vn -0.6233 0.3759 -0.6857
vn 0.2471 0.6847 -0.6857
vn 0.6588 0.3094 -0.6857
vn -0.6588 -0.3094 -0.6857
vn -0.7128 -0.7014 -0.0000
vn -0.1927 0.2612 0.9458
vn 0.0485 0.3210 0.9458
vn 0.2612 0.1927 0.9458
vn -0.3243 -0.0151 0.9458
vn -0.2612 -0.1927 0.9458
vn -0.1102 -0.3053 0.9458
vn 0.0780 -0.3151 0.9458
vn 0.3210 -0.0485 0.9458
vn -0.3280 0.1978 0.9238
vn -0.3826 -0.0178 0.9238
vn -0.3467 -0.1628 0.9238
vn 0.0178 -0.3826 0.9238
vn 0.1628 -0.3466 0.9238
vn 0.2831 -0.2580 0.9238
vn 0.3718 0.0921 0.9238
vn 0.3467 0.1628 0.9238
vn 0.2580 0.2831 0.9238
vn 0.1978 0.3280 0.9238
vn -0.0178 0.3826 0.9238
vn -0.2831 0.2580 0.9238
vn 0.0851 -0.8802 0.4669
vn 0.4325 -0.5864 0.6850
vn 0.8110 -0.3333 0.4809
vn 0.4472 -0.6063 0.6576
vn -0.5634 -0.6876 0.4580
vn -0.1094 -0.7244 0.6806
vn 0.3385 -0.8106 0.4779
vn -0.8864 -0.0876 0.4546
vn -0.5929 -0.4373 0.6762
vn -0.3374 -0.8163 0.4688
vn -0.6129 -0.4521 0.6481
vn -0.6859 0.5640 0.4598
vn -0.7301 0.1103 0.6743
vn -0.8219 -0.3361 0.4598
vn -0.0820 0.8793 0.4692
vn -0.4373 0.5929 0.6762
vn -0.8205 0.3461 0.4550
vn -0.4520 0.6130 0.6481
vn 0.5603 0.6757 0.4791
vn 0.1095 0.7244 0.6806
vn -0.3324 0.8237 0.4594
vn 0.8740 0.0766 0.4798
vn 0.6063 0.4471 0.6577
vn 0.3396 0.8172 0.4658
vn 0.5864 0.4325 0.6849
vn -0.0275 -0.6906 0.7227
vn 0.8127 0.3338 0.4776
vn 0.7187 -0.1086 0.6868
vn 0.6778 -0.5590 0.4776
vn 0.7434 -0.1123 0.6594
vn 0.1132 0.7491 0.6527
vn -0.7547 0.1140 0.6460
vn -0.1131 -0.7490 0.6529
vt 0.000000 0.500000
vt 0.031250 0.573152
vt 0.031250 0.500000
vt 0.500000 1.000000
vt 0.531250 1.000000
vt 0.968750 0.500000
vt 1.000000 0.573152
vt 1.000000 0.500000
vt 0.000000 0.573152
vt 0.031250 0.582906
vt 0.968750 0.573152
vt 1.000000 0.582906
vt 0.937500 0.500000
vt 0.937500 0.573152
vt 0.968750 0.582906
vt 0.937500 0.582906
vt 1.000000 0.605644
vt 0.968750 0.605644
vt 0.937500 0.605644
vt 0.906250 0.605644
vt 0.906250 0.582906
vt 0.875000 0.605644
vt 0.875000 0.582906
vt 0.843750 0.582906
vt 0.843750 0.573152
vt 0.875000 0.573152
vt 0.906250 0.573152
vt 0.843750 0.500000
vt 0.875000 0.500000
vt 0.906250 0.500000
vt 0.625000 1.000000
vt 0.656250 1.000000
vt 0.687500 1.000000
vt 0.812500 0.500000
vt 0.718750 1.000000
vt 0.781250 0.500000
vt 0.812500 0.573152
vt 0.781250 0.573152
vt 0.812500 0.582906
vt 0.781250 0.582906
vt 0.812500 0.605644
vt 0.843750 0.605644
vt 0.781250 0.605644
vt 0.750000 0.605644
vt 0.750000 0.582906
vt 0.718750 0.605644
vt 0.718750 0.582906
vt 0.718750 0.573152
vt 0.750000 0.573152
vt 0.718750 0.500000
vt 0.750000 0.500000
vt 0.750000 1.000000
vt 0.781250 1.000000
vt 0.687500 0.500000
vt 0.812500 1.000000
vt 0.843750 1.000000
vt 0.656250 0.500000
vt 0.687500 0.573152
vt 0.656250 0.573152
vt 0.687500 0.582906
vt 0.656250 0.582906
vt 0.687500 0.605644
vt 0.656250 0.605644
vt 0.625000 0.605644
vt 0.625000 0.582906
vt 0.593750 0.605644
vt 0.593750 0.582906
vt 0.593750 0.573152
vt 0.625000 0.573152
vt 0.593750 0.500000
vt 0.625000 0.500000
vt 0.875000 1.000000
vt 0.906250 1.000000
vt 0.562500 0.500000
vt 0.937500 1.000000
vt 0.531250 0.500000
vt 0.968750 1.000000
vt 0.562500 0.573152
vt 0.531250 0.573152
vt 0.562500 0.582906
vt 0.531250 0.582906
vt 0.562500 0.605644
vt 0.531250 0.605644
vt 0.500000 0.605644
vt 0.500000 0.582906
vt 0.468750 0.605644
vt 0.468750 0.582906
vt 0.500000 0.614605
vt 0.531250 0.614605
vt 0.468750 0.614605
vt 0.500000 0.776782
vt 0.531250 0.776783
vt 0.562500 0.776783
vt 0.562500 0.614605
vt 0.593750 0.614605
vt 0.593750 0.786879
vt 0.593750 0.776783
vt 0.562500 0.786879
vt 0.531250 0.786878
vt 0.625000 0.786878
vt 0.625000 0.776783
vt 0.656250 0.786878
vt 0.656250 0.776783
vt 0.625000 0.614605
vt 0.656250 0.614605
vt 0.687500 0.776783
vt 0.687500 0.614605
vt 0.718750 0.776783
vt 0.718750 0.614605
vt 0.750000 0.776783
vt 0.750000 0.614605
vt 0.781250 0.614605
vt 0.781250 0.786878
vt 0.781250 0.776783
vt 0.750000 0.786878
vt 0.718750 0.786878
vt 0.812500 0.786878
vt 0.812500 0.776783
vt 0.812500 0.614605
vt 0.843750 0.776783
vt 0.843750 0.614605
vt 0.843750 0.786879
vt 0.875000 0.776783
vt 0.875000 0.614605
vt 0.906250 0.614605
vt 0.906250 0.776783
vt 0.937500 0.776783
vt 0.937500 0.614605
vt 0.968750 0.776783
vt 0.968750 0.614605
vt 1.000000 0.614605
vt 1.000000 0.776783
vt 0.000000 0.605644
vt 0.031250 0.614605
vt 0.031250 0.605644
vt 0.000000 0.614605
vt 0.031250 0.776783
vt 0.062500 0.605644
vt 0.062500 0.614605
vt 0.093750 0.605644
vt 0.093750 0.614605
vt 0.062500 0.776783
vt 0.093750 0.776783
vt 0.125000 0.776783
vt 0.125000 0.614605
vt 0.125000 0.605644
vt 0.156250 0.776783
vt 0.156250 0.614605
vt 0.156250 0.605644
vt 0.187500 0.605644
vt 0.187500 0.614605
vt 0.218750 0.605644
vt 0.218750 0.776783
vt 0.218750 0.614605
vt 0.156250 0.582906
vt 0.187500 0.582906
vt 0.218750 0.582906
vt 0.250000 0.605644
vt 0.250000 0.582906
vt 0.281250 0.605644
vt 0.281250 0.582906
vt 0.250000 0.614605
vt 0.281250 0.614605
vt 0.250000 0.786878
vt 0.250000 0.776783
vt 0.281250 0.776783
vt 0.312500 0.776783
vt 0.312500 0.614605
vt 0.312500 0.605644
vt 0.343750 0.614605
vt 0.343750 0.605644
vt 0.343750 0.786878
vt 0.343750 0.776783
vt 0.375000 0.605644
vt 0.375000 0.614605
vt 0.406250 0.605644
vt 0.406250 0.614605
vt 0.375000 0.776783
vt 0.406250 0.776783
vt 0.437500 0.776783
vt 0.437500 0.614605
vt 0.437500 0.605644
vt 0.468750 0.776783
vt 0.406250 0.582906
vt 0.437500 0.582906
vt 0.406250 0.573152
vt 0.437500 0.573152
vt 0.468750 0.573152
vt 0.500000 0.573152
vt 0.468750 0.500000
vt 0.500000 0.500000
vt 1.000000 1.000000
vt 0.031250 1.000000
vt 0.062500 1.000000
vt 0.437500 0.500000
vt 0.093750 1.000000
vt 0.406250 0.500000
vt 0.125000 1.000000
vt 0.375000 0.500000
vt 0.375000 0.573152
vt 0.156250 1.000000
vt 0.343750 0.500000
vt 0.343750 0.573152
vt 0.375000 0.582906
vt 0.187500 1.000000
vt 0.312500 0.500000
vt 0.218750 1.000000
vt 0.281250 0.500000
vt 0.312500 0.573152
vt 0.281250 0.573152
vt 0.312500 0.582906
vt 0.343750 0.582906
vt 0.250000 0.573152
vt 0.218750 0.573152
vt 0.218750 0.500000
vt 0.250000 0.500000
vt 0.250000 1.000000
vt 0.281250 1.000000
vt 0.312500 1.000000
vt 0.187500 0.500000
vt 0.187500 0.573152
vt 0.343750 1.000000
vt 0.156250 0.500000
vt 0.156250 0.573152
vt 0.125000 0.573152
vt 0.125000 0.582906
vt 0.093750 0.582906
vt 0.093750 0.573152
vt 0.062500 0.582906
vt 0.062500 0.573152
vt 0.125000 0.500000
vt 0.406250 1.000000
vt 0.093750 0.500000
vt 0.437500 1.000000
vt 0.062500 0.500000
vt 0.468750 1.000000
vt 0.437500 1.000000
vt 0.562500 1.000000
vt 0.593750 1.000000
vt 0.593750 1.000000
vt 0.656250 1.000000
vt 0.718750 1.000000
vt 0.781250 1.000000
vt 0.812500 1.000000
vt 0.906250 1.000000
vt 0.000000 1.000000
vt 0.375000 1.000000
vt 0.156250 1.000000
vt 0.218750 1.000000
vt 0.312500 1.000000
vt 0.375000 1.000000
vt 0.000000 0.582906
vt 0.468750 0.786878
vt 0.437500 0.786878
vt 0.406250 0.786879
vt 0.500000 0.786878
vt 0.500000 0.814096
vt 0.531250 0.814097
vt 0.468750 0.814097
vt 0.437500 0.814097
vt 0.406250 0.814097
vt 0.375000 0.814097
vt 0.375000 0.786878
vt 0.312500 0.786878
vt 0.281250 0.786878
vt 0.312500 0.814097
vt 0.343750 0.814097
vt 0.281250 0.814097
vt 0.250000 0.814097
vt 0.218750 0.814097
vt 0.218750 0.786878
vt 0.187500 0.776783
vt 0.187500 0.786878
vt 0.156250 0.786879
vt 0.187500 0.814097
vt 0.156250 0.814097
vt 0.125000 0.814097
vt 0.125000 0.786878
vt 0.093750 0.814097
vt 0.093750 0.786878
vt 0.062500 0.786879
vt 0.031250 0.786878
vt 0.062500 0.814097
vt 0.031250 0.814097
vt 0.062500 0.816807
vt 0.093750 0.816807
vt 0.031250 0.816807
vt 0.062500 0.873992
vt 0.093750 0.873992
vt 0.125000 0.816807
vt 0.125000 0.876067
vt 0.125000 0.873992
vt 0.093750 0.876067
vt 0.062500 0.876067
vt 0.093750 0.902757
vt 0.125000 0.902757
vt 0.062500 0.902757
vt 0.031250 0.902757
vt 0.031250 0.876067
vt 0.000000 0.902757
vt 0.000000 0.876067
vt 0.000000 0.873992
vt 0.031250 0.873992
vt 0.968750 0.876067
vt 1.000000 0.876067
vt 0.968750 0.873992
vt 1.000000 0.873992
vt 0.968750 0.816807
vt 1.000000 0.816807
vt 0.000000 0.816807
vt 0.000000 0.814097
vt 0.968750 0.814097
vt 1.000000 0.814097
vt 0.937500 0.814097
vt 0.906250 0.814097
vt 0.937500 0.816807
vt 0.906250 0.873992
vt 0.937500 0.876067
vt 0.937500 0.873992
vt 0.875000 0.814097
vt 0.906250 0.816807
vt 0.875000 0.816807
vt 0.875000 0.873992
vt 0.906250 0.876067
vt 0.875000 0.876067
vt 0.937500 0.902757
vt 0.968750 0.902757
vt 1.000000 0.902757
vt 1.000000 0.907923
vt 0.968750 0.907923
vt 0.906250 0.907923
vt 0.937500 0.907923
vt 0.906250 0.902757
vt 0.875000 0.907923
vt 0.875000 0.902757
vt 0.843750 0.902757
vt 0.812500 0.902757
vt 0.812500 0.907923
vt 0.843750 0.907923
vt 0.812500 0.876067
vt 0.843750 0.876067
vt 0.812500 0.873992
vt 0.843750 0.873992
vt 0.781250 0.873992
vt 0.781250 0.876067
vt 0.750000 0.873992
vt 0.750000 0.876067
vt 0.781250 0.902757
vt 0.750000 0.902757
vt 0.781250 0.907923
vt 0.750000 0.907923
vt 0.718750 0.907923
vt 0.718750 0.902757
vt 0.687500 0.907923
vt 0.687500 0.902757
vt 0.656250 0.902757
vt 0.656250 0.907923
vt 0.656250 0.876067
vt 0.687500 0.876067
vt 0.718750 0.876067
vt 0.656250 0.873992
vt 0.687500 0.873992
vt 0.718750 0.873992
vt 0.625000 0.876067
vt 0.625000 0.873992
vt 0.625000 0.816807
vt 0.656250 0.816807
vt 0.656250 0.814097
vt 0.687500 0.816807
vt 0.687500 0.814097
vt 0.625000 0.814097
vt 0.593750 0.814097
vt 0.562500 0.814097
vt 0.593750 0.816807
vt 0.562500 0.816807
vt 0.593750 0.873992
vt 0.562500 0.873992
vt 0.593750 0.876067
vt 0.531250 0.873992
vt 0.562500 0.876067
vt 0.531250 0.876067
vt 0.562500 0.902757
vt 0.593750 0.902757
vt 0.625000 0.902757
vt 0.625000 0.907923
vt 0.593750 0.907923
vt 0.562500 0.907923
vt 0.531250 0.907923
vt 0.531250 0.902757
vt 0.500000 0.902757
vt 0.468750 0.902757
vt 0.500000 0.907923
vt 0.468750 0.907923
vt 0.437500 0.907923
vt 0.437500 0.902757
vt 0.406250 0.907923
vt 0.406250 0.902757
vt 0.375000 0.902757
vt 0.343750 0.902757
vt 0.375000 0.907923
vt 0.343750 0.907923
vt 0.312500 0.907923
vt 0.312500 0.902757
vt 0.281250 0.907923
vt 0.281250 0.902757
vt 0.281250 0.876067
vt 0.312500 0.876067
vt 0.343750 0.876067
vt 0.375000 0.876067
vt 0.406250 0.876067
vt 0.437500 0.876067
vt 0.468750 0.876067
vt 0.500000 0.876067
vt 0.468750 0.873992
vt 0.500000 0.873992
vt 0.500000 0.816807
vt 0.531250 0.816807
vt 0.468750 0.816807
vt 0.437500 0.816807
vt 0.406250 0.816807
vt 0.437500 0.873992
vt 0.406250 0.873992
vt 0.375000 0.873992
vt 0.375000 0.816807
vt 0.343750 0.873992
vt 0.312500 0.816807
vt 0.312500 0.873992
vt 0.281250 0.873992
vt 0.281250 0.816807
vt 0.250000 0.816807
vt 0.218750 0.816807
vt 0.250000 0.873992
vt 0.218750 0.873992
vt 0.250000 0.876067
vt 0.187500 0.873992
vt 0.218750 0.876067
vt 0.187500 0.816807
vt 0.156250 0.873992
vt 0.187500 0.876067
vt 0.156250 0.816807
vt 0.156250 0.876067
vt 0.156250 0.902757
vt 0.187500 0.902757
vt 0.218750 0.902757
vt 0.156250 0.907923
vt 0.187500 0.907923
vt 0.218750 0.907923
vt 0.250000 0.907923
vt 0.250000 0.902757
vt 0.093750 0.907923
vt 0.125000 0.907923
vt 0.062500 0.907923
vt 0.000000 0.907923
vt 0.031250 0.907923
vt 0.718750 0.814097
vt 0.718750 0.816807
vt 0.750000 0.814097
vt 0.750000 0.816807
vt 0.781250 0.816807
vt 0.781250 0.814097
vt 0.812500 0.816807
vt 0.812500 0.814097
vt 0.843750 0.814097
vt 0.843750 0.816807
vt 0.875000 0.786878
vt 0.906250 0.786879
vt 0.937500 0.786878
vt 0.968750 0.786879
vt 1.000000 0.786879
vt 0.000000 0.786878
vt 0.000000 0.776783
vt 0.687500 0.786879
vt 0.031250 0.598624
vt 0.968750 0.598624
vt 1.000000 0.598624
vt 0.968750 0.500000
vt 0.937500 0.598624
vt 0.250000 0.010000
vt 0.010000 0.250000
vt 0.250000 0.490000
vt 0.062500 0.598624
vt 0.093750 0.598624
vt 0.062500 0.500000
vt 1.000000 0.500000
vt 0.937500 0.500000
vt 0.906250 0.500000
vt 0.906250 0.500000
vt 0.875000 0.500000
vt 0.812500 0.500000
vt 0.781250 0.500000
vt 0.750000 0.500000
vt 0.625000 0.500000
vt 0.625000 0.500000
vt 0.593750 0.500000
vt 0.500000 0.500000
vt 0.468750 0.500000
vt 0.437500 0.500000
vt 0.468750 0.500000
vt 0.437500 0.500000
vt 0.437500 0.500000
vt 0.500000 0.598624
vt 0.468750 0.598624
vt 0.437500 0.598624
vt 0.375000 0.598624
vt 0.406250 0.598624
vt 0.343750 0.598624
vt 0.312500 0.598624
vt 0.281250 0.598624
vt 0.250000 0.598624
vt 0.218750 0.598624
vt 0.187500 0.598624
vt 0.156250 0.598624
vt 0.156250 0.500000
vt 0.125000 0.598624
vt 0.156250 0.500000
vt 0.937500 0.500000
vt 0.968750 0.500000
vt 0.703178 0.014612
vt 0.985388 0.203178
vt 0.796822 0.485388
vt 0.375000 0.500000
vt 0.281250 0.500000
vt 0.187500 0.500000
vt 0.125000 0.500000
vt 0.312500 0.500000
vt 0.281250 0.500000
vt 0.250000 0.500000
vt 0.281250 0.500000
vt 0.218750 0.500000
vt 0.406250 0.500000
vt 0.343750 0.500000
vt 0.531250 0.598624
vt 0.562500 0.598624
vt 0.593750 0.598624
vt 0.625000 0.598624
vt 0.656250 0.598624
vt 0.687500 0.598624
vt 0.718750 0.598624
vt 0.750000 0.598624
vt 0.781250 0.598624
vt 0.812500 0.598624
vt 0.843750 0.598624
vt 0.875000 0.598624
vt 0.906250 0.598624
vt 0.812500 0.500000
vt 0.687500 0.500000
vt 0.656250 0.500000
vt 0.843750 0.500000
vt 0.843750 0.500000
vt 0.000000 0.000000
vt 0.919706 0.419706
vt 0.383337 0.449553
vt 0.750000 0.490000
vt 0.116663 0.449553
vt 0.580294 0.080294
vt 0.919706 0.080294
vt 0.485388 0.296822
vt 0.990000 0.250000
vt 0.449553 0.116663
vt 0.296822 0.014612
vt 0.750000 0.010000
vt 0.203178 0.014612
vt 0.050447 0.116663
vt 0.510000 0.250000
vt 0.014612 0.296822
vt 0.580295 0.419706
vt 0.909691 1.000000
vt 0.909640 1.000000
vt 0.839854 1.000000
vt 0.839902 1.000000
vt 0.659700 1.000000
vt 0.659649 1.000000
vt 0.590720 1.000000
vt 0.590772 1.000000
vt 0.408965 1.000000
vt 0.408911 1.000000
vt 0.340721 1.000000
vt 0.340773 1.000000
vt 0.159911 1.000000
vt 0.159861 1.000000
vt 0.089385 1.000000
vt 0.089432 1.000000
vt 0.089339 1.000000
vt 0.089412 1.000000
vt 0.089227 1.000000
vt 0.062500 1.000000
vt 0.089391 1.000000
vt 0.093750 1.000000
vt 0.125000 1.000000
vt 0.089323 1.000000
vt 0.089401 1.000000
vt 0.159980 1.000000
vt 0.159896 1.000000
vt 0.159945 1.000000
vt 0.187500 1.000000
vt 0.159836 1.000000
vt 0.187500 1.000000
vt 0.156250 1.000000
vt 0.159907 1.000000
vt 0.187500 1.000000
vt 0.159881 1.000000
vt 0.160077 1.000000
vt 0.218750 1.000000
vt 0.218750 1.000000
vt 0.218750 1.000000
vt 0.220885 1.000000
vt 0.221496 1.000000
vt 0.223392 1.000000
vt 0.279111 1.000000
vt 0.276600 1.000000
vt 0.281250 1.000000
vt 0.281250 1.000000
vt 0.340803 1.000000
vt 0.340728 1.000000
vt 0.343750 1.000000
vt 0.343750 1.000000
vt 0.340740 1.000000
vt 0.343750 1.000000
vt 0.375000 1.000000
vt 0.406250 1.000000
vt 0.406250 1.000000
vt 0.409039 1.000000
vt 0.408948 1.000000
vt 0.409002 1.000000
vt 0.437500 1.000000
vt 0.408884 1.000000
vt 0.406250 1.000000
vt 0.408960 1.000000
vt 0.437500 1.000000
vt 0.406250 1.000000
vt 0.408933 1.000000
vt 0.409148 1.000000
vt 0.468750 1.000000
vt 0.468750 1.000000
vt 0.468750 1.000000
vt 0.470249 1.000000
vt 0.500000 1.000000
vt 0.472910 1.000000
vt 0.529846 1.000000
vt 0.527165 1.000000
vt 0.531250 1.000000
vt 0.531250 1.000000
vt 0.562500 1.000000
vt 0.590724 1.000000
vt 0.590799 1.000000
vt 0.590647 1.000000
vt 0.590735 1.000000
vt 0.625000 1.000000
vt 0.656250 1.000000
vt 0.659766 1.000000
vt 0.656250 1.000000
vt 0.659681 1.000000
vt 0.687500 1.000000
vt 0.659621 1.000000
vt 0.687500 1.000000
vt 0.656250 1.000000
vt 0.659693 1.000000
vt 0.659672 1.000000
vt 0.659874 1.000000
vt 0.718750 1.000000
vt 0.718750 1.000000
vt 0.718750 1.000000
vt 0.720468 1.000000
vt 0.723076 1.000000
vt 0.777743 1.000000
vt 0.778315 1.000000
vt 0.775971 1.000000
vt 0.781250 1.000000
vt 0.781250 1.000000
vt 0.812500 1.000000
vt 0.812500 1.000000
vt 0.839857 1.000000
vt 0.839927 1.000000
vt 0.843750 1.000000
vt 0.843750 1.000000
vt 0.839883 1.000000
vt 0.839690 1.000000
vt 0.839805 1.000000
vt 0.906250 1.000000
vt 0.839785 1.000000
vt 0.839867 1.000000
vt 0.839820 1.000000
vt 0.839815 1.000000
vt 0.781358 1.000000
vt 0.840288 1.000000
vt 0.843728 1.000000
vt 0.812617 1.000000
vt 0.812443 1.000000
vt 0.843756 1.000000
vt 0.875000 1.000000
vt 0.906244 1.000000
vt 0.906272 1.000000
vt 0.909724 1.000000
vt 0.909730 1.000000
vt 0.909235 1.000000
vt 0.937383 1.000000
vt 0.937572 1.000000
vt 0.968658 1.000000
vt 0.968934 1.000000
vt 0.971281 1.000000
vt 0.970925 1.000000
vt 0.968750 1.000000
vt 0.971462 1.000000
vt 0.997956 1.000000
vt 0.970826 1.000000
vt 0.996194 1.000000
vt 0.028206 1.000000
vt 0.002045 1.000000
vt 0.028380 1.000000
vt 0.003782 1.000000
vt 0.031250 1.000000
vt 0.031647 1.000000
vt 0.027405 1.000000
vt 0.030892 1.000000
vt -0.001172 1.000000
vt 0.027630 1.000000
vt 0.971331 1.000000
vt 1.001235 1.000000
vt 0.971113 1.000000
vt 0.027797 1.000000
vt 0.970486 1.000000
vt 0.028367 1.000000
vt 0.089324 1.000000
vt 0.089355 1.000000
vt 0.089777 1.000000
vt 0.093648 1.000000
vt 0.062295 1.000000
vt 0.062654 1.000000
vt 0.093792 1.000000
vt 0.124997 1.000000
vt 0.156244 1.000000
vt 0.156272 1.000000
vt 0.159950 1.000000
vt 0.159464 1.000000
vt 0.187383 1.000000
vt 0.187557 1.000000
vt 0.218838 1.000000
vt 0.218642 1.000000
vt 0.221121 1.000000
vt 0.221724 1.000000
vt 0.278507 1.000000
vt 0.278277 1.000000
vt 0.278880 1.000000
vt 0.281162 1.000000
vt 0.281358 1.000000
vt 0.312443 1.000000
vt 0.340679 1.000000
vt 0.340687 1.000000
vt 0.341202 1.000000
vt 0.343728 1.000000
vt 0.312617 1.000000
vt 0.343756 1.000000
vt 0.375000 1.000000
vt 0.406272 1.000000
vt 0.409008 1.000000
vt 0.408467 1.000000
vt 0.406244 1.000000
vt 0.437383 1.000000
vt 0.437557 1.000000
vt 0.468838 1.000000
vt 0.468642 1.000000
vt 0.471133 1.000000
vt 0.471444 1.000000
vt 0.468750 1.000000
vt 0.500000 1.000000
vt 0.500000 1.000000
vt 0.470757 1.000000
vt 0.529335 1.000000
vt 0.528641 1.000000
vt 0.531250 1.000000
vt 0.531162 1.000000
vt 0.529597 1.000000
vt 0.531358 1.000000
vt 0.528955 1.000000
vt 0.500000 1.000000
vt 0.470892 1.000000
vt 0.529198 1.000000
vt 0.562443 1.000000
vt 0.562617 1.000000
vt 0.591200 1.000000
vt 0.590677 1.000000
vt 0.593756 1.000000
vt 0.593728 1.000000
vt 0.590684 1.000000
vt 0.656272 1.000000
vt 0.656244 1.000000
vt 0.659242 1.000000
vt 0.659741 1.000000
vt 0.687383 1.000000
vt 0.687557 1.000000
vt 0.659733 1.000000
vt 0.718642 1.000000
vt 0.721095 1.000000
vt 0.720708 1.000000
vt 0.718838 1.000000
vt 0.718750 1.000000
vt 0.721639 1.000000
vt 0.660086 1.000000
vt 0.659472 1.000000
vt 0.590957 1.000000
vt 0.590313 1.000000
vt 0.590579 1.000000
vt 0.590788 1.000000
vt 0.515625 1.000000
vt 0.590512 1.000000
vt 0.971449 1.000000
vt 0.141597 1.000000
vt 0.089204 1.000000
vt 0.160106 1.000000
vt 0.221820 1.000000
vt 0.278181 1.000000
vt 0.340513 1.000000
vt 0.409179 1.000000
vt 0.471235 1.000000
vt 0.528853 1.000000
vt 0.659900 1.000000
vt 0.721433 1.000000
vt 0.777442 1.000000
vt 0.839663 1.000000
vt 0.909890 1.000000
vt 0.971157 1.000000
vt 0.027441 1.000000
vt 0.027756 1.000000
vt 0.089258 1.000000
vt 0.089446 1.000000
vt 0.160044 1.000000
vt 0.159846 1.000000
vt 0.221745 1.000000
vt 0.221538 1.000000
vt 0.278256 1.000000
vt 0.278463 1.000000
vt 0.340581 1.000000
vt 0.340790 1.000000
vt 0.409108 1.000000
vt 0.408894 1.000000
vt 0.471153 1.000000
vt 0.470937 1.000000
vt 0.528935 1.000000
vt 0.529153 1.000000
vt 0.408721 1.000000
vt 0.409387 1.000000
vt 0.375000 1.000000
vt 0.340958 1.000000
vt 0.340315 1.000000
vt 0.312500 1.000000
vt 0.281250 1.000000
vt 0.278634 1.000000
vt 0.277982 1.000000
vt 0.221367 1.000000
vt 0.222019 1.000000
vt 0.187500 1.000000
vt 0.159687 1.000000
vt 0.160287 1.000000
vt 0.125000 1.000000
vt 0.093750 1.000000
vt 0.089634 1.000000
vt 0.088987 1.000000
vt 0.909624 1.000000
vt 0.909827 1.000000
vt 0.909463 1.000000
vt 0.839917 1.000000
vt 0.839722 1.000000
vt 0.840071 1.000000
vt 0.839489 1.000000
vt 0.875000 1.000000
vt 0.812500 1.000000
vt 0.781162 1.000000
vt 0.777256 1.000000
vt 0.778092 1.000000
vt 0.777530 1.000000
vt 0.750000 1.000000
vt 0.750000 1.000000
vt 0.721333 1.000000
vt 0.750000 1.000000
vt 0.777862 1.000000
vt 0.720963 1.000000
vt 0.777508 1.000000
vt 0.777703 1.000000
vt 0.721141 1.000000
vt 0.721354 1.000000
vt 0.659634 1.000000
vt 0.659836 1.000000
vt 0.910077 1.000000
vt 0.340652 1.000000
vt 0.062500 1.000000
vt 0.089458 1.000000
vt 0.026021 1.000000
vt 0.973074 1.000000
vt 0.968750 1.000000
vt 0.968750 1.000000
vt 0.968750 1.000000
vt 0.909741 1.000000
vt 0.909662 1.000000
vt 0.909864 1.000000
vt 0.909684 1.000000
vt 0.909612 1.000000
vt 0.909673 1.000000
vt 0.909758 1.000000
vt 0.659750 1.000000
vt 0.590751 1.000000
vt 0.590542 1.000000
vt 0.590668 1.000000
vt 0.409018 1.000000
vt 0.340540 1.000000
vt 0.340669 1.000000
vt 0.340750 1.000000
vt 0.159960 1.000000
vt 0.343750 0.816807
vt 0.000000 0.598624
vt 0.296822 0.485388
vt 0.341844 0.471731
vt 0.419706 0.419706
vt 0.449553 0.383337
vt 0.471731 0.341844
vt 0.490000 0.250000
vt 0.485388 0.203178
vt 0.471731 0.158156
vt 0.419706 0.080294
vt 0.383337 0.050447
vt 0.341844 0.028269
vt 0.158156 0.028269
vt 0.116663 0.050447
vt 0.080294 0.080294
vt 0.028269 0.158156
vt 0.014611 0.203179
vt 0.028269 0.341844
vt 0.050447 0.383337
vt 0.080295 0.419706
vt 0.158156 0.471731
vt 0.203179 0.485389
vt 0.703179 0.485389
vt 0.658156 0.471731
vt 0.616663 0.449553
vt 0.550447 0.383337
vt 0.528269 0.341844
vt 0.514612 0.296822
vt 0.514611 0.203179
vt 0.528269 0.158156
vt 0.550447 0.116663
vt 0.616663 0.050447
vt 0.658156 0.028269
vt 0.796822 0.014612
vt 0.841844 0.028269
vt 0.883337 0.050447
vt 0.949553 0.116663
vt 0.971731 0.158156
vt 0.985388 0.296822
vt 0.971731 0.341844
vt 0.949553 0.383337
vt 0.883337 0.449553
vt 0.841844 0.471731
vt 0.470496 1.000000
vt 0.027296 1.000000
s 1
g off
g Tire.002_Oil
usemtl Oil
f 1/1/1 6/2/2 2/3/3
f 2/3/3 3/4/4 1/1/1
f 1/1/1 298/5/5 4/6/6
f 4/6/6 5/7/7 1/8/1
f 5/9/7 453/10/8 6/2/2
f 8/11/9 7/12/10 5/7/7
f 451/13/11 8/11/9 4/6/6
f 9/14/12 10/15/13 8/11/9
f 14/16/14 10/15/13 11/16/15
f 12/15/16 7/12/10 10/15/13
f 12/15/16 16/17/17 13/12/18
f 14/16/14 15/18/19 12/15/16
f 161/17/20 15/18/19 17/18/21
f 17/18/21 18/19/22 19/19/23
f 19/19/23 20/20/24 21/20/25
f 23/21/26 18/19/22 14/16/14
f 21/20/25 22/22/27 150/22/28
f 25/23/29 20/20/24 23/21/26
f 25/23/29 24/21/30 27/23/31
f 23/21/26 11/16/15 24/21/30
f 26/24/32 27/23/31 28/24/33
f 26/24/32 22/22/27 25/23/29
f 30/25/34 27/23/31 29/26/35
f 29/26/35 24/21/30 31/27/36
f 35/28/37 29/26/35 32/29/38
f 32/29/38 31/27/36 33/30/39
f 33/30/39 34/31/40 32/29/38
f 32/29/38 36/32/41 35/28/37
f 35/28/37 38/33/42 37/34/43
f 37/34/43 30/25/34 35/28/37
f 37/34/43 314/35/44 39/36/45
f 39/36/45 40/37/46 37/34/43
f 41/38/47 42/39/48 40/37/46
f 40/37/46 28/24/33 30/25/34
f 45/40/49 42/39/48 43/40/50
f 44/39/51 28/24/33 42/39/48
f 45/40/49 46/41/52 44/39/51
f 44/39/51 47/42/53 26/24/32
f 47/42/53 48/41/54 149/42/55
f 48/41/54 49/43/56 50/43/57
f 50/43/57 51/44/58 52/44/59
f 54/45/60 49/43/56 45/40/49
f 51/44/58 134/46/61 52/44/59
f 55/47/62 51/44/58 54/45/60
f 57/47/63 54/45/60 56/45/64
f 54/45/60 43/40/50 56/45/64
f 59/48/65 56/45/64 58/49/66
f 58/49/66 43/40/50 41/38/47
f 62/50/67 58/49/66 60/51/68
f 60/51/68 41/38/47 39/36/45
f 39/36/45 61/52/69 60/51/68
f 60/51/68 63/53/70 62/50/67
f 64/54/71 63/53/70 65/55/72
f 64/54/71 59/48/65 62/50/67
f 64/54/71 326/56/73 66/57/74
f 66/57/74 67/58/75 64/54/71
f 68/59/76 69/60/77 67/58/75
f 67/58/75 57/47/63 59/48/65
f 70/61/78 71/60/79 69/60/77
f 69/60/77 55/47/62 57/47/63
f 72/61/80 73/62/81 71/60/79
f 71/60/79 53/46/82 55/47/62
f 53/46/82 74/62/83 134/46/61
f 73/62/81 76/63/84 74/62/83
f 75/63/85 78/64/86 76/63/84
f 80/65/87 75/63/85 72/61/80
f 77/64/88 1024/66/89 78/64/86
f 81/67/90 77/64/88 80/65/87
f 83/67/91 80/65/87 82/65/92
f 82/65/92 72/61/80 70/61/78
f 85/68/93 82/65/92 84/69/94
f 84/69/94 70/61/78 68/59/76
f 88/70/95 84/69/94 86/71/96
f 86/71/96 68/59/76 66/57/74
f 66/57/74 87/72/97 86/71/96
f 86/71/96 89/73/98 88/70/95
f 90/74/99 89/73/98 91/75/100
f 90/74/99 85/68/93 88/70/95
f 92/76/101 91/75/100 338/77/102
f 92/76/101 93/78/103 90/74/99
f 94/79/104 95/80/105 93/78/103
f 93/78/103 83/67/91 85/68/93
f 98/81/106 95/80/105 96/81/107
f 95/80/105 81/67/90 83/67/91
f 98/81/106 99/82/108 97/80/109
f 97/80/109 79/66/110 81/67/90
f 79/66/110 100/82/111 1024/66/89
f 100/82/111 101/83/112 102/83/113
f 101/83/112 106/84/114 102/83/113
f 105/85/115 101/83/112 98/81/106
f 103/84/116 107/86/117 106/84/114
f 216/87/118 103/84/116 105/85/115
f 107/86/117 108/88/119 106/84/114
f 106/84/114 111/89/104 102/83/113
f 109/90/120 110/91/119 108/88/119
f 108/88/119 112/92/104 111/89/104
f 111/89/104 115/93/103 113/94/103
f 102/83/113 113/94/103 100/82/111
f 100/82/111 114/95/93 1024/66/89
f 115/93/103 119/96/121 122/97/122
f 112/92/104 116/98/123 115/93/103
f 116/98/123 120/96/124 119/96/121
f 464/99/125 116/98/123 118/99/126
f 119/96/121 123/100/127 121/100/128
f 114/95/93 119/96/121 125/101/94
f 121/100/128 1020/102/129 124/102/130
f 125/101/94 124/102/130 126/103/76
f 127/104/94 126/103/76 128/105/76
f 1024/66/89 127/104/94 78/64/86
f 78/64/86 128/105/76 76/63/84
f 128/105/76 130/106/75 129/107/75
f 76/63/84 129/107/75 74/62/83
f 129/107/75 132/108/65 131/109/65
f 74/62/83 131/109/65 134/46/61
f 131/109/65 136/110/66 133/111/66
f 134/46/61 133/111/66 52/44/59
f 52/44/59 135/112/47 50/43/57
f 136/110/66 140/113/131 143/114/47
f 132/108/65 137/115/132 136/110/66
f 138/115/133 140/113/131 137/115/132
f 139/116/134 138/115/133 137/115/132
f 141/113/135 142/117/136 140/113/131
f 143/114/47 142/117/136 144/118/46
f 135/112/47 144/118/46 146/119/46
f 146/119/46 145/120/34 147/121/34
f 144/118/46 1015/122/137 145/120/34
f 50/43/57 146/119/46 48/41/54
f 48/41/54 147/121/34 149/42/55
f 147/121/34 151/123/35 148/124/35
f 149/42/55 148/124/35 150/22/28
f 150/22/28 47/42/53 149/42/55
f 150/22/28 152/125/36 21/20/25
f 148/124/35 153/126/36 152/125/36
f 152/125/36 155/127/12 154/128/12
f 21/20/25 154/128/12 19/19/23
f 154/128/12 157/129/9 156/130/9
f 19/19/23 156/130/9 17/18/21
f 158/131/7 157/129/9 160/132/7
f 17/18/21 158/131/7 161/17/20
f 161/133/20 159/134/2 162/135/138
f 158/136/7 1022/137/2 159/134/2
f 163/135/139 161/133/20 162/135/138
f 165/138/140 162/135/138 164/138/141
f 162/135/138 167/139/142 164/138/141
f 166/140/143 165/138/140 164/138/141
f 164/138/141 169/141/144 166/140/143
f 159/134/2 168/142/142 167/139/142
f 169/141/144 168/142/142 170/143/144
f 169/141/144 172/144/145 171/145/145
f 166/140/143 171/145/145 174/146/146
f 171/145/145 1023/147/147 173/148/147
f 174/146/146 173/148/147 176/149/148
f 176/149/148 175/146/149 174/146/146
f 174/146/146 455/140/150 166/140/143
f 181/150/151 176/149/148 178/150/152
f 176/149/148 180/151/153 178/150/152
f 179/152/154 181/150/151 178/150/152
f 180/151/153 497/153/155 191/154/155
f 272/155/156 181/150/151 182/156/157
f 182/156/157 183/152/158 184/157/159
f 184/157/159 185/158/160 186/159/161
f 188/158/162 183/152/158 179/152/154
f 186/159/161 187/160/163 254/161/164
f 187/160/163 188/158/162 189/160/165
f 179/152/154 190/162/166 188/158/162
f 188/158/162 193/163/167 189/160/165
f 497/153/155 495/164/168 192/165/166
f 190/162/166 194/166/167 193/163/167
f 193/163/167 197/167/169 195/168/169
f 189/160/165 195/168/169 198/169/170
f 198/169/170 196/170/171 200/171/172
f 197/167/169 479/172/173 480/173/171
f 201/171/174 198/169/170 200/171/172
f 198/169/170 187/160/163 189/160/165
f 203/174/175 200/171/172 202/174/176
f 200/171/172 205/175/177 202/174/176
f 213/176/178 202/174/176 204/176/179
f 202/174/176 207/177/180 204/176/179
f 196/170/171 206/178/177 205/175/177
f 205/175/177 208/179/180 207/177/180
f 207/177/180 210/180/181 209/181/181
f 204/176/179 209/181/181 211/182/182
f 209/181/181 456/183/120 109/90/120
f 211/182/182 109/90/120 107/86/117
f 107/86/117 212/182/183 211/182/182
f 212/182/183 204/176/179 211/182/182
f 215/184/184 212/182/183 214/185/185
f 214/185/185 104/86/186 216/87/118
f 215/184/184 217/185/187 218/184/188
f 214/185/185 220/87/189 217/185/187
f 233/186/180 217/185/187 219/187/181
f 219/187/181 220/87/189 221/188/120
f 221/188/120 222/85/190 223/189/119
f 220/87/189 105/85/115 222/85/190
f 223/189/119 96/81/107 94/79/104
f 222/85/190 98/81/106 96/81/107
f 226/190/191 223/189/119 224/191/192
f 224/191/192 94/79/104 92/76/101
f 92/76/101 225/192/193 224/191/192
f 224/191/192 227/193/194 226/190/191
f 226/190/191 229/194/195 228/195/196
f 226/190/191 219/187/181 221/188/120
f 228/195/196 231/196/197 230/197/198
f 228/195/196 233/186/180 219/187/181
f 230/197/198 236/198/199 232/199/200
f 235/200/177 218/184/188 233/186/180
f 232/199/200 238/201/201 234/202/202
f 248/203/171 250/204/203 235/200/177
f 237/198/204 238/201/201 236/198/199
f 446/196/205 236/198/199 231/196/197
f 238/201/201 241/205/206 240/205/207
f 234/202/202 240/205/207 243/206/208
f 240/205/207 427/207/209 242/207/210
f 243/206/208 242/207/210 244/208/211
f 243/206/208 248/203/171 234/202/202
f 244/208/211 245/209/169 243/206/208
f 246/210/167 247/211/212 245/209/169
f 245/209/169 249/212/213 248/203/171
f 249/212/213 253/204/214 250/204/203
f 252/211/215 249/212/213 247/211/212
f 252/211/215 201/171/174 251/212/216
f 251/212/216 203/174/175 253/204/214
f 253/204/214 213/176/178 215/184/184
f 253/204/214 218/184/188 250/204/203
f 255/161/217 252/211/215 247/211/212
f 254/161/164 199/169/218 252/211/215
f 186/159/161 255/161/217 256/159/219
f 258/213/166 255/161/217 246/210/167
f 184/157/159 256/159/219 257/157/220
f 259/214/155 256/159/219 258/213/166
f 262/215/221 258/213/166 260/216/222
f 260/216/222 246/210/167 244/208/211
f 244/208/211 261/217/223 260/216/222
f 260/216/222 263/218/224 262/215/221
f 262/215/221 265/219/225 264/220/226
f 267/221/153 257/157/220 259/214/155
f 264/220/226 438/222/227 266/223/228
f 266/223/228 267/221/153 264/220/226
f 269/224/147 268/156/229 267/221/153
f 266/223/228 270/225/145 269/224/147
f 270/225/145 271/155/230 269/224/147
f 274/226/231 271/155/230 273/226/232
f 272/155/156 268/156/229 271/155/230
f 276/227/233 273/226/232 275/227/234
f 278/228/144 273/226/232 270/225/145
f 452/229/235 275/227/234 277/229/236
f 284/230/142 275/227/234 278/228/144
f 280/231/237 278/228/144 270/225/145
f 280/231/237 281/232/238 279/233/239
f 279/233/239 283/234/240 282/235/241
f 282/235/241 286/236/242 2/3/3
f 2/3/3 284/230/142 282/235/241
f 6/2/2 277/229/236 284/230/142
f 441/232/243 283/234/240 281/232/238
f 285/234/244 286/236/242 283/234/240
f 286/236/242 288/4/245 3/4/4
f 289/236/246 288/4/245 287/236/247
f 291/237/248 287/236/247 285/234/244
f 290/236/249 292/4/250 289/236/246
f 444/234/251 289/236/246 291/237/248
f 292/4/250 295/5/252 294/5/253
f 288/4/245 294/5/253 297/5/254
f 294/5/253 448/238/255 296/238/256
f 297/5/254 296/238/256 299/238/257
f 3/4/4 297/5/254 298/5/5
f 297/5/254 300/238/258 298/5/5
f 299/238/257 302/239/259 300/238/258
f 296/238/256 301/239/260 299/238/257
f 302/239/259 303/31/261 34/31/40
f 304/240/262 303/31/261 301/239/260
f 296/238/256 305/239/263 304/240/262
f 305/239/263 306/31/264 304/240/262
f 306/31/264 309/32/265 308/241/266
f 303/31/261 308/241/266 311/32/267
f 308/241/266 377/33/268 310/33/269
f 311/32/267 310/33/269 312/33/270
f 303/31/261 36/32/41 34/31/40
f 311/32/267 38/33/42 36/32/41
f 38/33/42 313/35/271 314/35/44
f 312/33/270 316/242/272 313/35/271
f 313/35/271 61/52/69 314/35/44
f 316/242/272 315/52/273 313/35/271
f 310/33/269 317/35/274 316/242/272
f 317/35/274 318/52/275 316/242/272
f 319/52/276 320/243/277 318/52/275
f 318/52/275 323/53/278 315/52/273
f 321/53/279 322/244/280 320/243/277
f 320/243/277 324/55/281 323/53/278
f 315/52/273 63/53/70 61/52/69
f 323/53/278 65/55/72 63/53/70
f 65/55/72 325/56/282 326/56/73
f 324/55/281 328/56/283 325/56/282
f 325/56/282 87/72/97 326/56/73
f 325/56/282 330/72/284 327/72/285
f 449/55/286 328/56/283 322/244/280
f 329/56/287 330/72/284 328/56/283
f 330/72/284 333/73/288 332/245/289
f 327/72/285 332/245/289 335/73/290
f 333/73/288 334/75/291 332/245/289
f 335/73/290 334/75/291 336/75/292
f 327/72/285 89/73/98 87/72/97
f 89/73/98 336/75/292 91/75/100
f 91/75/100 337/77/293 338/77/102
f 334/75/291 337/77/293 336/75/292
f 338/77/102 339/192/294 225/192/193
f 340/77/295 339/192/294 337/77/293
f 334/75/291 341/77/296 340/77/295
f 341/77/296 342/192/297 340/77/295
f 342/246/297 347/193/298 344/193/299
f 342/246/297 345/193/300 339/246/294
f 344/193/299 447/194/301 345/193/300
f 344/193/299 348/194/302 346/194/303
f 343/246/304 349/193/305 347/193/298
f 347/193/298 350/194/306 348/194/302
f 352/193/307 350/194/306 349/193/305
f 354/246/308 349/193/305 351/246/309
f 356/77/310 354/192/308 351/192/309
f 358/75/311 355/77/312 356/77/310
f 359/73/313 358/75/311 360/73/314
f 361/72/315 360/73/314 362/72/316
f 363/56/317 362/72/316 364/56/318
f 366/55/319 363/56/317 364/56/318
f 368/53/320 365/55/321 366/55/319
f 369/52/322 368/53/320 370/52/323
f 371/35/324 370/52/323 372/35/325
f 373/33/326 372/35/325 375/33/327
f 374/32/328 375/33/327 376/32/329
f 376/32/329 377/33/268 309/32/265
f 375/33/327 317/35/274 377/33/268
f 380/31/330 376/32/329 378/31/331
f 378/31/331 309/32/265 307/31/332
f 379/239/333 307/31/332 305/239/263
f 379/239/333 380/31/330 378/31/331
f 383/238/334 381/239/335 379/239/333
f 384/5/336 383/238/334 385/5/337
f 386/4/338 385/5/337 387/4/339
f 388/236/340 387/4/339 389/236/341
f 390/234/342 389/236/341 391/234/343
f 392/232/344 391/234/343 393/232/345
f 394/247/346 393/232/345 395/247/347
f 396/222/348 395/247/347 397/222/349
f 398/219/350 397/222/349 399/219/351
f 400/218/352 399/219/351 402/218/353
f 401/217/354 402/218/353 404/217/355
f 405/217/356 402/218/353 403/218/357
f 403/218/357 399/219/351 433/219/358
f 406/207/359 405/217/356 407/207/360
f 409/207/361 404/217/355 406/207/359
f 423/205/362 406/207/359 407/207/360
f 410/205/363 406/207/359 408/205/364
f 411/201/365 408/205/364 412/201/366
f 413/198/367 412/201/366 414/198/368
f 415/196/369 414/198/368 416/196/370
f 353/194/371 416/196/370 350/194/306
f 348/194/302 416/196/370 417/196/372
f 417/196/372 414/198/368 419/198/373
f 348/194/302 418/196/374 346/194/303
f 417/196/372 420/198/375 418/196/374
f 419/198/373 422/248/376 420/198/375
f 419/198/373 412/201/366 421/201/377
f 421/201/377 424/205/378 422/248/376
f 421/201/377 408/205/364 423/205/362
f 424/205/378 407/207/360 425/249/379
f 424/205/378 427/207/209 241/205/206
f 422/248/376 241/205/206 239/201/380
f 407/207/360 426/217/381 425/249/379
f 425/249/379 428/217/382 427/207/209
f 427/207/209 261/217/223 242/207/210
f 261/217/223 429/218/383 263/218/224
f 428/217/382 431/218/384 429/218/383
f 263/218/224 430/219/385 265/219/225
f 431/218/384 430/219/385 429/218/383
f 426/217/381 403/218/357 431/218/384
f 431/218/384 433/219/358 432/250/386
f 433/219/358 434/222/387 432/250/386
f 432/250/386 437/222/388 430/219/385
f 435/222/389 436/251/390 434/222/387
f 434/222/387 439/247/391 437/222/388
f 430/219/385 438/222/227 265/219/225
f 437/222/388 440/247/392 438/222/227
f 439/247/391 281/232/238 440/247/392
f 436/251/390 441/232/243 439/247/391
f 441/232/243 291/237/248 285/234/244
f 445/247/393 442/232/394 436/251/390
f 442/232/394 444/234/251 291/237/248
f 443/232/395 391/234/343 444/234/251
f 395/247/347 443/232/395 445/247/393
f 397/222/349 445/247/393 435/222/389
f 391/234/343 290/236/249 444/234/251
f 266/223/228 440/247/392 280/231/237
f 433/219/358 397/222/349 435/222/389
f 420/198/375 239/201/380 237/198/204
f 446/196/205 420/198/375 237/198/204
f 346/194/303 446/196/205 447/194/301
f 229/194/195 446/196/205 231/196/197
f 227/193/194 447/194/301 229/194/195
f 389/236/341 293/4/396 290/236/249
f 293/4/396 385/5/337 295/5/252
f 295/5/252 383/238/334 448/238/255
f 383/238/334 305/239/263 448/238/255
f 372/35/325 319/52/276 317/35/274
f 319/52/276 368/53/320 321/53/279
f 368/53/320 449/55/286 321/53/279
f 366/55/319 329/56/287 449/55/286
f 329/56/287 362/72/316 331/72/397
f 331/72/397 360/73/314 333/73/288
f 333/73/288 358/75/311 450/75/398
f 358/75/311 341/77/296 450/75/398
f 356/77/310 343/192/304 341/77/296
f 225/246/193 345/193/300 227/193/194
f 451/13/11 302/239/259 33/30/39
f 4/6/6 300/238/258 451/13/11
f 33/30/39 9/14/12 451/13/11
f 453/10/8 452/229/235 277/229/236
f 7/252/10 454/10/399 453/10/8
f 454/10/399 165/138/140 452/229/235
f 13/252/18 163/135/139 454/10/399
f 452/229/235 455/140/150 276/227/233
f 276/227/233 175/146/149 274/226/231
f 274/226/231 177/149/400 272/155/156
f 182/156/157 257/157/220 268/156/229
f 210/180/181 460/253/401 456/183/120
f 208/179/180 457/254/402 210/180/181
f 458/254/403 460/253/401 457/254/402
f 475/255/404 457/254/402 459/255/405
f 460/253/401 463/256/406 462/256/407
f 456/183/120 462/256/407 110/91/119
f 462/256/407 464/99/125 118/99/126
f 110/91/119 118/99/126 112/92/104
f 461/253/408 465/257/409 463/256/406
f 463/256/406 466/258/410 464/99/125
f 466/258/410 467/257/411 720/258/412
f 465/257/409 469/259/413 467/257/411
f 469/259/413 470/260/414 471/260/415
f 458/254/403 468/259/416 461/253/408
f 471/260/415 472/261/417 473/261/418
f 475/255/404 470/260/414 458/254/403
f 472/261/417 728/262/419 473/261/418
f 476/263/420 472/261/417 475/255/404
f 478/263/421 475/255/404 459/255/405
f 479/172/173 476/263/420 478/263/421
f 477/172/422 474/262/423 476/263/420
f 480/173/171 478/263/421 206/178/177
f 206/178/177 459/255/405 208/179/180
f 481/264/424 477/172/422 479/172/173
f 484/265/425 481/264/424 482/265/426
f 194/166/167 481/264/424 197/167/169
f 484/265/425 485/266/427 483/264/428
f 483/264/428 486/267/429 477/172/422
f 486/267/429 487/266/430 729/267/431
f 485/266/427 489/268/432 487/266/430
f 488/268/433 491/269/434 489/268/432
f 493/164/435 488/268/433 484/265/425
f 491/269/434 492/270/436 982/270/437
f 494/271/438 490/269/439 493/164/435
f 494/271/438 495/164/168 496/271/440
f 493/164/435 482/265/426 495/164/168
f 192/165/166 482/265/426 194/166/167
f 499/272/153 496/271/440 497/153/155
f 501/273/441 496/271/440 498/273/442
f 1023/147/147 498/273/442 499/272/153
f 502/274/443 498/273/442 500/274/444
f 502/274/443 503/275/445 501/273/441
f 501/273/441 492/270/436 494/271/438
f 982/270/437 503/275/445 504/275/446
f 504/275/446 505/276/447 506/276/448
f 506/276/448 507/277/449 508/277/450
f 510/278/451 505/276/447 502/274/443
f 508/277/450 509/279/452 522/279/453
f 511/280/454 507/277/449 510/278/451
f 511/280/454 512/278/455 513/280/456
f 510/278/451 500/274/444 512/278/455
f 170/143/144 512/278/455 172/144/145
f 172/144/145 500/274/444 1023/147/147
f 168/142/142 513/280/456 170/143/144
f 516/281/457 513/280/456 514/281/458
f 1022/137/2 514/281/458 168/142/142
f 515/282/459 516/281/457 514/281/458
f 517/282/460 518/283/461 516/281/457
f 516/281/457 509/279/452 511/280/454
f 518/283/461 521/284/462 520/283/463
f 522/279/453 518/283/461 520/283/463
f 521/284/462 523/285/142 520/283/463
f 520/283/463 526/286/144 522/279/453
f 524/287/2 525/288/142 523/285/142
f 523/285/142 528/289/144 526/286/144
f 522/279/453 527/290/145 508/277/450
f 528/289/144 530/291/464 748/292/145
f 525/288/142 529/293/465 528/289/144
f 532/293/466 530/291/464 529/293/465
f 531/294/467 532/293/466 529/293/465
f 533/294/468 535/295/469 532/293/466
f 532/293/466 536/296/470 534/291/471
f 962/296/472 535/295/469 537/295/473
f 537/295/473 538/297/474 539/297/475
f 538/297/474 541/298/476 539/297/475
f 543/299/477 538/297/474 533/294/468
f 540/298/478 575/300/479 541/298/476
f 544/301/480 540/298/478 543/299/477
f 547/301/481 543/299/477 545/299/482
f 545/299/482 533/294/468 531/294/467
f 549/302/7 545/299/482 546/303/2
f 546/303/2 531/294/467 525/288/142
f 572/304/483 547/305/481 548/304/484
f 550/306/9 547/305/481 549/307/7
f 552/308/9 549/307/7 551/309/7
f 551/310/7 546/303/2 524/287/2
f 553/311/485 524/287/2 521/284/462
f 555/312/486 551/309/7 553/313/485
f 519/284/487 553/311/485 521/284/462
f 553/313/485 556/312/488 555/312/486
f 555/312/486 558/314/489 557/314/490
f 557/314/490 552/308/9 555/312/486
f 557/314/490 1003/315/491 559/315/492
f 559/315/492 560/316/12 557/314/490
f 560/316/12 550/306/9 552/308/9
f 564/317/36 569/318/493 561/319/12
f 1000/320/494 562/321/36 559/315/492
f 563/322/35 564/317/36 562/321/36
f 565/323/35 566/324/495 564/317/36
f 596/325/496 566/324/495 567/325/497
f 568/324/498 569/318/493 566/324/495
f 561/319/12 548/304/484 550/306/9
f 570/318/499 548/304/484 569/318/493
f 568/324/498 571/326/500 570/318/499
f 570/318/499 573/327/501 572/304/483
f 572/304/483 542/328/502 544/305/480
f 575/328/479 573/327/501 574/327/503
f 574/327/503 571/326/500 576/326/504
f 574/327/503 578/329/7 575/328/479
f 576/326/504 577/330/9 574/327/503
f 577/330/9 965/192/505 578/329/7
f 577/330/9 581/75/506 579/77/507
f 582/331/36 581/75/506 580/332/12
f 585/333/508 580/332/12 576/326/504
f 584/334/35 583/73/509 582/331/36
f 587/335/510 582/331/36 585/333/508
f 585/333/508 588/335/511 587/335/510
f 576/326/504 586/333/512 585/333/508
f 588/335/511 589/336/513 587/335/510
f 589/336/513 584/334/35 587/335/510
f 589/336/513 593/337/514 590/337/515
f 611/338/46 968/56/516 591/339/34
f 595/340/517 592/336/518 594/341/519
f 594/341/519 588/335/511 596/325/496
f 595/340/517 597/341/520 599/340/521
f 594/341/519 567/325/497 597/341/520
f 600/342/46 597/341/520 598/343/34
f 598/343/34 567/325/497 565/323/35
f 602/344/47 599/340/521 600/342/46
f 604/345/522 599/340/521 601/345/523
f 991/346/66 601/345/523 602/344/47
f 605/347/524 601/345/523 603/347/525
f 605/347/524 606/348/526 604/345/522
f 604/345/522 593/337/514 595/340/517
f 608/348/527 607/349/528 609/349/529
f 590/337/515 606/348/526 608/348/527
f 609/349/529 610/350/47 608/348/527
f 608/348/527 611/338/46 590/337/515
f 610/350/47 969/55/530 611/338/46
f 613/351/66 612/53/531 610/350/47
f 615/352/65 614/52/532 613/351/66
f 618/353/533 613/351/66 609/349/529
f 617/354/75 616/35/534 615/352/65
f 620/355/535 615/352/65 618/353/533
f 607/349/528 618/353/533 609/349/529
f 619/353/536 620/355/535 618/353/533
f 622/355/537 621/356/538 620/355/535
f 662/357/76 972/33/539 617/354/75
f 625/358/540 622/355/537 624/359/541
f 624/359/541 619/353/536 626/360/542
f 630/358/543 624/359/541 627/359/544
f 627/359/544 626/360/542 629/360/545
f 632/361/76 627/359/544 628/362/75
f 628/362/75 629/360/545 989/363/65
f 631/364/546 625/358/540 630/358/543
f 633/365/94 630/358/543 632/361/76
f 636/366/94 632/361/76 634/367/76
f 637/368/547 635/369/75 639/370/548
f 640/371/549 634/367/76 637/368/547
f 638/368/550 640/371/549 637/368/547
f 984/370/551 637/368/547 639/370/548
f 641/371/552 642/372/553 640/371/549
f 642/372/553 636/366/94 640/371/549
f 643/372/554 644/373/555 642/372/553
f 644/373/555 645/374/93 642/372/553
f 646/375/103 647/376/93 645/374/93
f 645/374/93 633/365/94 636/366/94
f 647/376/93 631/364/546 633/365/94
f 649/377/103 648/378/556 647/376/93
f 715/379/104 650/380/557 649/377/103
f 650/380/557 655/378/558 648/378/556
f 653/381/559 650/380/557 651/381/560
f 653/381/559 654/382/561 652/380/562
f 652/380/562 656/383/563 655/378/558
f 655/378/558 658/384/564 657/364/565
f 648/378/556 657/364/565 631/364/546
f 657/364/565 623/356/566 625/358/540
f 658/384/564 660/383/567 659/384/568
f 623/356/566 659/384/568 621/356/538
f 660/383/567 661/385/94 659/384/568
f 659/384/568 662/357/76 621/356/538
f 661/385/94 973/32/569 662/357/76
f 664/386/93 663/31/570 661/385/94
f 666/387/103 665/239/571 664/386/93
f 669/382/572 664/386/93 660/383/567
f 668/388/104 667/238/573 666/387/103
f 670/389/574 666/387/103 669/382/572
f 656/383/563 669/382/572 660/383/567
f 669/382/572 671/389/575 670/389/574
f 671/389/575 672/390/576 670/389/574
f 672/390/576 668/388/104 670/389/574
f 673/390/577 674/391/578 672/390/576
f 674/391/578 675/392/119 672/390/576
f 675/392/119 976/5/579 668/388/104
f 677/393/120 676/4/580 675/392/119
f 679/394/181 678/236/581 677/393/120
f 682/395/582 677/393/120 674/391/578
f 681/396/180 680/234/583 679/394/181
f 684/397/584 679/394/181 682/395/582
f 674/391/578 683/395/585 682/395/582
f 682/395/582 685/397/586 684/397/584
f 684/397/584 687/398/587 686/398/588
f 686/398/588 681/396/180 684/397/584
f 687/398/587 688/399/589 686/398/588
f 688/399/589 689/400/177 686/398/588
f 689/400/177 978/232/590 681/396/180
f 691/401/171 690/247/591 689/400/177
f 693/402/169 692/222/592 691/401/171
f 695/403/593 691/401/171 688/399/589
f 763/404/167 694/219/594 693/402/169
f 697/403/595 696/405/596 695/403/593
f 700/399/597 695/403/593 688/399/589
f 981/406/598 697/403/595 699/407/599
f 699/407/599 700/399/597 701/408/600
f 701/408/600 687/398/587 703/409/601
f 731/407/602 701/408/600 702/408/603
f 702/408/603 703/409/601 704/409/604
f 704/409/604 705/410/605 706/410/606
f 703/409/601 685/397/586 705/410/605
f 706/410/606 707/411/607 708/411/608
f 705/410/605 683/395/585 707/411/607
f 707/411/607 710/412/609 708/411/608
f 707/411/607 712/391/610 709/412/611
f 710/412/609 711/413/612 713/413/613
f 709/412/611 673/390/577 711/413/612
f 713/413/613 653/381/559 651/381/560
f 711/413/612 671/389/575 653/381/559
f 716/414/120 713/413/613 714/415/119
f 714/415/119 651/381/560 715/379/104
f 717/416/119 715/379/104 719/417/104
f 718/418/120 714/415/119 717/416/119
f 469/259/413 717/416/119 467/257/411
f 467/257/411 719/417/104 720/258/412
f 720/258/412 646/375/103 644/373/555
f 644/373/555 466/258/410 720/258/412
f 471/260/415 718/418/120 469/259/413
f 721/419/181 716/414/120 718/418/120
f 473/261/418 721/419/181 471/260/415
f 722/420/180 723/421/181 721/419/181
f 723/421/181 710/412/609 716/414/120
f 724/422/180 708/411/608 723/421/181
f 725/423/177 706/410/606 724/422/180
f 726/424/177 724/422/180 722/420/180
f 730/425/171 704/409/604 725/423/177
f 729/267/431 726/424/177 728/262/419
f 728/262/419 722/420/180 473/261/418
f 474/262/423 729/267/431 728/262/419
f 735/426/169 733/427/169 730/425/171
f 732/406/614 699/407/599 731/407/602
f 734/428/167 731/407/602 733/427/169
f 736/429/167 733/427/169 735/426/169
f 489/268/432 735/426/169 487/266/430
f 491/269/434 736/429/167 489/268/432
f 737/430/166 734/428/167 736/429/167
f 982/270/437 737/430/166 491/269/434
f 738/431/155 739/432/166 737/430/166
f 739/432/166 732/406/614 734/428/167
f 741/433/155 740/434/615 739/432/166
f 743/435/153 742/436/616 741/433/155
f 746/437/153 741/433/155 738/431/155
f 745/438/147 744/439/617 743/435/153
f 749/440/147 743/435/153 746/437/153
f 504/275/446 738/431/155 982/270/437
f 748/292/145 747/441/618 745/438/147
f 527/290/145 745/438/147 749/440/147
f 508/277/450 749/440/147 506/276/448
f 750/441/619 744/439/617 747/441/618
f 534/291/471 747/441/618 530/291/464
f 534/291/471 752/442/620 750/441/619
f 750/441/619 754/443/621 751/439/622
f 756/443/623 752/442/620 753/442/624
f 753/442/624 536/296/470 962/296/472
f 751/439/622 755/444/625 980/436/626
f 758/444/627 754/443/621 756/443/623
f 960/445/147 961/205/628 757/446/153
f 757/446/153 766/207/629 759/447/155
f 758/444/627 762/448/166 760/449/630
f 760/449/630 755/444/625 758/444/627
f 696/405/596 761/449/631 760/449/630
f 760/449/630 763/404/167 696/405/596
f 762/448/166 765/218/632 763/404/167
f 759/447/155 764/217/633 762/448/166
f 767/217/634 765/218/632 764/217/633
f 769/207/635 764/217/633 766/207/629
f 767/217/634 771/218/636 768/218/637
f 772/207/638 767/217/634 769/207/635
f 770/217/639 775/218/640 771/218/636
f 776/249/641 770/217/639 772/207/638
f 777/207/642 773/217/643 776/249/641
f 774/217/644 775/218/640 773/217/643
f 778/205/645 777/207/642 776/249/641
f 781/205/646 776/249/641 772/207/638
f 877/201/647 778/205/645 780/248/648
f 783/201/649 778/205/645 781/205/646
f 784/201/650 781/205/646 782/205/651
f 782/205/651 772/207/638 769/207/635
f 785/198/652 784/201/650 787/198/653
f 785/198/652 780/248/648 783/201/649
f 786/196/654 788/198/655 785/198/652
f 954/196/656 785/198/652 787/198/653
f 791/196/657 788/198/655 790/196/658
f 789/198/659 780/248/648 788/198/655
f 792/194/660 791/196/657 790/196/658
f 794/194/661 790/196/658 786/196/654
f 793/193/662 795/194/663 792/194/660
f 793/193/662 794/194/661 949/193/664
f 795/194/663 798/196/665 791/196/657
f 796/193/666 797/194/667 795/194/663
f 800/194/668 798/196/665 797/194/667
f 802/193/669 797/194/667 799/193/670
f 803/246/671 799/193/670 805/246/672
f 806/77/673 803/192/671 805/192/672
f 806/77/673 807/192/674 809/77/675
f 807/246/674 799/193/670 796/193/666
f 809/77/675 808/192/676 810/77/677
f 808/246/676 796/193/666 793/193/662
f 811/75/678 810/77/677 812/75/679
f 814/75/680 809/77/675 811/75/678
f 813/73/681 812/75/679 940/245/682
f 813/73/681 814/75/680 811/75/678
f 814/75/680 804/77/683 806/77/673
f 817/73/684 814/75/680 815/73/685
f 818/72/686 815/73/685 819/72/687
f 821/56/688 818/72/686 819/72/687
f 823/55/689 820/56/690 821/56/688
f 824/53/691 823/55/689 825/53/692
f 827/52/693 824/53/691 825/53/692
f 828/35/694 827/52/693 829/35/695
f 832/33/696 828/35/694 829/35/695
f 831/32/697 832/33/696 833/32/698
f 837/32/699 832/33/696 834/33/700
f 834/33/700 829/35/695 836/35/701
f 838/241/702 834/33/700 835/33/703
f 835/33/703 836/35/701 923/242/704
f 839/31/705 838/241/702 840/31/706
f 842/31/707 837/32/699 839/31/705
f 841/239/708 840/31/706 911/240/709
f 843/239/710 839/31/705 841/239/708
f 844/31/711 833/32/698 842/31/707
f 843/239/710 844/31/711 842/31/707
f 846/238/712 843/239/710 847/238/713
f 848/5/714 847/238/713 849/5/715
f 850/4/716 849/5/715 851/4/717
f 852/236/718 851/4/717 853/236/719
f 854/234/720 853/236/719 855/234/721
f 857/232/722 854/234/720 855/234/721
f 858/247/723 857/232/722 859/247/724
f 860/222/725 859/247/724 861/222/726
f 863/219/727 860/222/725 861/222/726
f 866/218/728 862/219/729 863/219/727
f 868/217/730 864/218/731 866/218/728
f 774/217/644 866/218/728 867/218/732
f 866/218/728 878/219/733 867/218/732
f 869/207/734 774/217/644 777/207/642
f 869/207/734 865/217/735 868/217/730
f 779/205/736 869/207/734 777/207/642
f 872/205/737 869/207/734 870/205/738
f 873/201/739 870/205/738 874/201/740
f 876/198/741 873/201/739 874/201/740
f 801/196/742 876/198/741 798/196/665
f 791/196/657 876/198/741 789/198/659
f 789/198/659 874/201/740 877/201/647
f 877/201/647 870/205/738 779/205/736
f 775/218/640 878/219/733 879/250/743
f 879/250/743 880/222/744 882/222/745
f 863/219/727 880/222/744 878/219/733
f 880/222/744 859/247/724 881/247/746
f 882/222/745 881/247/746 883/251/747
f 884/222/748 883/251/747 886/247/749
f 887/219/750 882/222/745 884/222/748
f 887/219/750 885/222/751 888/219/752
f 884/222/748 889/247/753 885/222/751
f 768/218/637 887/219/750 888/219/752
f 771/218/636 879/250/743 887/219/750
f 768/218/637 694/219/594 765/218/632
f 888/219/752 692/222/592 694/219/594
f 886/247/749 891/232/754 889/247/753
f 883/251/747 890/232/755 886/247/749
f 890/232/755 977/234/756 891/232/754
f 890/232/755 895/237/757 892/234/758
f 881/247/746 893/232/759 883/251/747
f 893/232/759 896/234/760 895/237/757
f 895/237/757 898/236/761 897/236/762
f 895/237/757 900/236/763 892/234/758
f 898/236/761 899/4/764 897/236/762
f 897/236/762 902/4/765 900/236/763
f 892/234/758 901/236/766 977/234/756
f 901/236/766 902/4/765 903/4/767
f 902/4/765 905/5/768 903/4/767
f 902/4/765 907/5/769 904/5/770
f 904/5/770 974/238/771 905/5/768
f 904/5/770 909/238/772 906/238/773
f 899/4/764 908/5/774 907/5/769
f 907/5/769 910/238/775 909/238/772
f 910/238/775 911/240/709 909/238/772
f 909/238/772 912/239/776 906/238/773
f 911/240/709 914/31/777 912/239/776
f 906/238/773 913/239/778 974/238/771
f 913/239/778 914/31/777 915/31/779
f 915/31/779 916/32/780 917/32/781
f 840/31/706 916/32/780 914/31/777
f 917/32/781 918/33/782 919/33/783
f 838/241/702 918/33/782 916/32/780
f 919/33/783 920/35/784 921/35/785
f 918/33/782 923/242/704 920/35/784
f 920/35/784 971/52/786 921/35/785
f 923/242/704 922/52/787 920/35/784
f 836/35/701 924/52/788 923/242/704
f 925/52/789 926/243/790 924/52/788
f 924/52/788 929/53/791 922/52/787
f 926/243/790 970/55/792 928/244/793
f 926/243/790 931/55/794 929/53/791
f 922/52/787 930/53/795 971/52/786
f 929/53/791 932/55/796 930/53/795
f 932/55/796 933/56/797 934/56/798
f 928/244/793 933/56/797 931/55/794
f 934/56/798 935/72/799 966/72/800
f 936/56/801 935/72/799 933/56/797
f 970/55/792 936/56/801 928/244/793
f 937/56/802 938/72/803 936/56/801
f 938/72/803 813/73/681 940/245/682
f 935/72/799 940/245/682 941/73/804
f 941/73/804 812/75/679 943/75/805
f 935/72/799 942/73/806 966/72/800
f 942/73/806 943/75/805 944/75/807
f 944/75/807 945/77/808 946/77/809
f 812/75/679 945/77/808 943/75/805
f 946/77/809 947/192/810 948/192/811
f 810/77/677 947/192/810 945/77/808
f 948/246/811 949/193/664 950/193/812
f 808/246/676 949/193/664 947/246/810
f 950/193/812 794/194/661 952/194/813
f 948/246/811 951/193/814 965/246/505
f 950/193/812 953/194/815 951/193/814
f 952/194/813 955/196/816 953/194/815
f 952/194/813 786/196/654 954/196/656
f 954/196/656 957/198/817 955/196/816
f 539/297/475 953/194/815 956/450/144
f 956/450/144 957/198/817 958/451/145
f 958/451/145 959/201/818 960/445/147
f 787/198/653 959/201/818 957/198/817
f 784/201/650 961/205/628 959/201/818
f 782/205/651 766/207/629 961/205/628
f 962/296/472 960/445/147 753/442/624
f 537/295/473 958/451/145 962/296/472
f 963/452/819 951/193/814 953/194/815
f 541/298/476 963/452/819 539/297/475
f 578/453/7 951/193/814 964/454/2
f 946/77/809 965/192/505 579/77/507
f 944/75/807 579/77/507 581/75/506
f 942/73/806 581/75/506 583/73/509
f 966/72/800 583/73/509 967/72/820
f 968/56/516 966/72/800 967/72/820
f 591/339/34 967/72/820 584/334/35
f 969/55/530 934/56/798 968/56/516
f 930/53/795 969/55/530 612/53/531
f 937/56/802 819/72/687 939/72/821
f 939/72/821 815/73/685 813/73/681
f 823/55/689 937/56/802 970/55/792
f 927/53/822 823/55/689 970/55/792
f 971/52/786 612/53/531 614/52/532
f 921/35/785 614/52/532 616/35/534
f 925/52/789 825/53/692 927/53/822
f 829/35/695 925/52/789 836/35/701
f 972/33/539 921/35/785 616/35/534
f 917/32/781 972/33/539 973/32/569
f 915/31/779 973/32/569 663/31/570
f 913/239/778 663/31/570 665/239/571
f 667/238/573 913/239/778 665/239/571
f 976/5/579 974/238/771 667/238/573
f 847/238/713 841/239/708 910/238/775
f 908/5/774 847/238/713 910/238/775
f 975/4/823 849/5/715 908/5/774
f 853/236/719 975/4/823 898/236/761
f 903/4/767 976/5/579 676/4/580
f 901/236/766 676/4/580 678/236/581
f 977/234/756 678/236/581 680/234/583
f 978/232/590 977/234/756 680/234/583
f 855/234/721 898/236/761 896/234/760
f 894/232/824 855/234/721 896/234/760
f 881/247/746 857/232/722 894/232/824
f 690/247/591 891/232/754 978/232/590
f 692/222/592 889/247/753 690/247/591
f 980/436/626 761/449/631 979/434/825
f 979/434/825 698/405/826 981/406/598
f 980/436/626 740/434/615 742/436/616
f 979/434/825 732/406/614 740/434/615
f 751/439/622 742/436/616 744/439/617
f 117/98/827 643/372/554 120/96/124
f 464/99/125 983/373/828 117/98/827
f 120/96/124 641/371/552 123/100/127
f 123/100/127 638/368/550 1020/102/129
f 986/455/829 639/370/548 985/455/830
f 639/370/548 988/456/65 985/455/830
f 1017/457/831 985/455/830 987/457/832
f 985/455/830 990/458/66 987/457/832
f 635/369/75 989/363/65 988/456/65
f 988/456/65 991/346/66 990/458/66
f 990/458/66 602/344/47 992/459/47
f 987/457/832 992/459/47 994/460/833
f 992/459/47 600/342/46 993/461/46
f 994/460/833 993/461/46 996/462/834
f 995/460/835 987/457/832 994/460/833
f 996/462/834 995/460/835 994/460/833
f 998/463/836 997/462/837 996/462/834
f 996/462/834 1001/464/34 998/463/836
f 1002/320/838 998/463/836 1000/320/494
f 998/463/836 563/322/35 1000/320/494
f 993/461/46 598/343/34 1001/464/34
f 1001/464/34 565/323/35 563/322/35
f 559/315/492 1002/320/838 1000/320/494
f 1004/465/839 1003/315/491 1007/466/840
f 1005/122/841 1002/320/838 1004/465/839
f 1005/122/841 1006/465/842 1015/122/137
f 1004/465/839 1008/466/843 1006/465/842
f 1007/466/840 1010/467/844 1008/466/843
f 1007/466/840 558/314/489 1009/467/845
f 1009/467/845 1012/468/846 1010/467/844
f 1009/467/845 556/312/488 1011/468/847
f 1011/468/847 1014/469/848 1012/468/846
f 1011/468/847 554/313/849 1013/469/850
f 1014/470/848 517/282/460 515/282/459
f 1013/470/850 519/284/487 517/282/460
f 157/129/9 1014/469/848 160/132/7
f 160/471/7 515/282/459 1022/137/2
f 155/127/12 1012/468/846 157/129/9
f 153/126/36 1010/467/844 155/127/12
f 151/123/35 1008/466/843 153/126/36
f 145/120/34 1006/465/842 151/123/35
f 1016/117/851 1015/122/137 142/117/136
f 1016/117/851 999/463/852 1005/122/841
f 141/113/135 997/462/837 1016/117/851
f 138/115/133 995/460/835 141/113/135
f 1018/116/853 1017/457/831 138/115/133
f 989/363/65 603/347/525 991/346/66
f 1019/472/854 986/455/829 1018/116/853
f 1021/472/855 1018/116/853 139/116/134
f 1020/102/129 984/370/551 1019/472/854
f 124/102/130 1019/472/854 1021/472/855
f 126/103/76 1021/472/855 130/106/75
f 130/106/75 139/116/134 132/108/65
f 629/360/545 605/347/524 603/347/525
f 626/360/542 607/349/528 605/347/524
f 596/325/496 586/333/512 568/324/498
f 173/148/147 499/272/153 180/151/153
f 31/27/36 11/16/15 9/14/12
s 2
f 1026/3/856 1028/1/857 1025/1/858
f 1025/1/858 1036/246/859 1038/473/120
f 1032/474/104 1036/192/859 1027/475/860
f 1025/8/858 1030/476/861 1029/6/862
f 1030/476/861 1031/13/863 1029/6/862
f 1031/13/863 1032/474/104 1029/6/862
f 1033/477/103 1034/77/864 1032/474/104
f 1321/478/865 1148/479/866 1036/480/859
f 1041/481/867 1037/193/868 1039/194/869
f 1042/235/870 1039/194/869 1165/482/180
f 1026/3/856 1041/481/867 1042/235/870
f 1043/233/871 1044/483/872 1042/235/870
f 1044/483/872 1026/3/856 1042/235/870
f 1045/483/873 1049/3/874 1047/3/875
f 1169/233/876 1171/235/877 1044/483/872
f 1047/3/875 1050/1/878 1028/1/857
f 1048/3/879 1051/1/880 1050/1/878
f 1050/484/878 1053/6/881 1052/6/882
f 1028/8/857 1052/6/882 1030/476/861
f 1053/6/881 1054/485/883 1052/6/882
f 1030/476/861 1054/485/883 1056/13/884
f 1054/485/883 1060/30/885 1057/486/886
f 1031/13/863 1057/486/886 1058/30/887
f 1057/486/886 1060/30/885 1349/29/888
f 1062/487/889 1061/29/890 1060/30/885
f 1055/13/891 1062/487/889 1060/30/885
f 1065/30/889 1063/29/892 1062/487/889
f 1064/13/893 1065/30/889 1062/487/889
f 1066/30/894 1068/488/892 1065/30/889
f 1067/13/893 1066/30/894 1065/30/889
f 1069/29/895 1070/28/896 1068/488/892
f 1063/29/892 1070/28/896 1073/28/896
f 1070/28/896 1202/34/897 1072/489/898
f 1073/28/896 1072/489/898 1075/34/898
f 1063/29/892 1074/28/899 1061/29/890
f 1074/28/899 1075/34/898 1076/34/900
f 1076/34/900 1077/36/901 1080/36/902
f 1075/34/898 1078/36/901 1077/36/901
f 1078/36/901 1204/51/903 1079/51/904
f 1077/36/901 1082/51/905 1080/36/902
f 1076/34/900 1081/490/906 1374/34/907
f 1081/490/906 1082/51/905 1357/491/908
f 1083/51/909 1084/50/910 1085/50/911
f 1079/51/904 1084/50/910 1082/51/905
f 1084/50/910 1362/54/912 1085/50/911
f 1084/50/910 1088/54/913 1086/54/914
f 1087/50/915 1092/54/913 1088/54/913
f 1079/51/904 1089/50/915 1087/50/915
f 1090/50/916 1092/54/913 1089/50/915
f 1091/51/917 1090/50/916 1089/50/915
f 1093/54/918 1094/57/919 1092/54/913
f 1092/54/913 1097/57/919 1088/54/913
f 1095/57/920 1096/492/921 1094/57/919
f 1100/71/922 1097/57/919 1096/492/921
f 1088/54/913 1098/57/923 1086/54/914
f 1086/54/914 1099/57/924 1362/54/912
f 1099/57/924 1100/71/922 1101/493/925
f 1101/493/925 1102/70/926 1104/70/927
f 1102/70/926 1103/71/928 1113/494/929
f 1102/70/926 1107/74/930 1368/74/931
f 1105/70/932 1106/74/933 1102/70/926
f 1106/74/933 1373/76/934 1107/74/930
f 1106/74/933 1110/76/935 1108/76/936
f 1109/74/937 1114/76/935 1110/76/935
f 1113/494/929 1109/74/937 1105/70/932
f 1111/74/937 1115/76/938 1114/76/935
f 1113/494/929 1112/74/939 1111/74/937
f 1114/76/935 1117/191/940 1116/191/941
f 1110/76/935 1116/191/941 1119/495/941
f 1117/191/940 1118/496/942 1116/191/941
f 1116/191/941 1121/190/943 1119/495/941
f 1110/76/935 1120/191/944 1108/76/936
f 1120/191/944 1121/190/943 1122/190/945
f 1316/497/946 1122/190/945 1118/496/942
f 1124/498/947 1123/195/948 1126/499/949
f 1120/191/944 1124/498/947 1125/495/950
f 1125/495/950 1127/190/947 1129/191/950
f 1127/190/947 1126/499/949 1128/500/949
f 1130/190/951 1128/500/949 1132/195/952
f 1129/191/950 1130/190/951 1131/191/953
f 1130/190/951 1134/501/7 1131/191/953
f 1132/195/952 1133/502/2 1130/190/951
f 1133/502/2 1321/4/865 1134/501/7
f 1133/502/2 1137/234/954 1135/236/955
f 1305/197/956 1138/232/957 1136/503/142
f 1141/504/145 1138/232/957 1139/505/958
f 1143/506/147 1140/247/959 1141/504/145
f 1145/507/153 1142/222/960 1143/506/147
f 1147/508/155 1144/219/961 1145/507/153
f 1149/509/166 1146/218/962 1147/508/155
f 1151/510/167 1148/217/866 1149/509/166
f 1154/511/169 1150/207/963 1151/510/167
f 1155/512/171 1152/205/964 1154/511/169
f 1156/220/965 1155/512/171 1154/511/169
f 1157/215/966 1158/220/967 1156/220/965
f 1158/220/967 1159/223/968 1156/220/965
f 1160/513/969 1161/231/970 1159/223/968
f 1161/231/970 1155/512/171 1159/223/968
f 1162/231/971 1043/233/871 1161/231/970
f 1043/233/871 1163/514/177 1161/231/970
f 1163/514/177 1153/201/972 1155/512/171
f 1165/482/180 1164/198/973 1163/514/177
f 1168/515/969 1162/231/971 1160/513/969
f 1162/231/971 1169/233/876 1046/233/974
f 1167/231/975 1169/233/876 1166/231/976
f 1278/223/977 1166/231/976 1168/515/969
f 1170/233/978 1175/235/979 1171/235/877
f 1167/231/975 1172/233/980 1170/233/978
f 1173/233/981 1175/235/979 1172/233/980
f 1267/231/982 1268/233/983 1172/233/980
f 1175/235/979 1049/3/874 1171/235/877
f 1177/235/979 1176/3/984 1175/235/979
f 1178/235/985 1179/3/984 1177/235/979
f 1268/233/983 1177/235/979 1173/233/981
f 1179/3/984 1182/1/986 1181/1/987
f 1051/1/880 1176/3/984 1181/1/987
f 1181/8/987 1186/6/988 1183/6/989
f 1184/8/990 1183/6/989 1185/476/989
f 1051/8/880 1185/476/989 1053/6/881
f 1185/476/989 1055/13/891 1053/6/881
f 1183/6/989 1064/13/893 1185/476/989
f 1183/6/989 1187/13/991 1067/13/893
f 1190/8/992 1186/6/988 1182/8/986
f 1186/6/988 1191/516/993 1187/13/991
f 1188/517/994 1192/13/995 1191/516/993
f 1275/8/996 1188/517/994 1190/8/992
f 1192/13/995 1193/30/997 1191/516/993
f 1187/13/991 1193/30/997 1066/30/894
f 1194/30/998 1195/29/999 1193/30/997
f 1193/30/997 1069/29/895 1066/30/894
f 1195/29/999 1198/28/1000 1197/28/1001
f 1195/29/999 1071/28/1002 1069/29/895
f 1197/28/1001 1200/34/1003 1199/34/1004
f 1071/28/1002 1199/34/1004 1202/34/897
f 1199/34/1004 1320/36/1005 1201/36/1006
f 1199/34/1004 1203/36/1007 1202/34/897
f 1072/489/898 1203/36/1007 1078/36/901
f 1201/36/1006 1204/51/903 1203/36/1007
f 1205/51/1008 1090/50/916 1204/51/903
f 1205/51/1008 1208/50/1009 1207/50/1010
f 1320/36/1005 1205/51/1008 1201/36/1006
f 1208/50/1009 1209/54/1011 1207/50/1010
f 1207/50/1010 1093/54/918 1090/50/916
f 1210/54/1012 1211/57/1013 1209/54/1011
f 1209/54/1011 1095/57/920 1093/54/918
f 1212/57/1014 1213/71/1015 1211/57/1013
f 1095/57/920 1213/71/1015 1216/71/1016
f 1213/71/1015 1218/70/1017 1215/70/1018
f 1216/71/1016 1215/70/1018 1217/70/1019
f 1216/71/1016 1113/494/929 1096/492/921
f 1215/70/1018 1219/74/1020 1221/74/1021
f 1225/518/1022 1208/519/1009 1189/520/1023
f 1221/74/1021 1220/76/1024 1222/76/1025
f 1112/74/939 1222/76/1025 1115/76/938
f 1220/76/1024 1223/191/1026 1222/76/1025
f 1222/76/1025 1117/191/940 1115/76/938
f 1223/191/1026 1225/190/1022 1228/190/1027
f 1227/190/1028 1226/195/1029 1229/195/1030
f 1118/496/942 1229/195/1030 1230/497/946
f 1230/497/946 1231/197/1031 1317/197/1032
f 1232/195/1033 1231/197/1031 1229/195/1030
f 1232/195/1033 1234/197/1034 1233/197/1035
f 1234/197/1034 1235/521/1036 1233/197/1035
f 1233/197/1035 1238/199/1037 1231/197/1031
f 1236/199/1038 1237/202/1039 1235/521/1036
f 1238/199/1037 1237/202/1039 1240/202/1040
f 1231/197/1031 1239/199/1041 1317/197/1032
f 1239/199/1041 1240/202/1040 1241/202/1042
f 1240/202/1040 1243/206/1043 1241/202/1042
f 1240/202/1040 1245/206/1044 1242/206/1045
f 1243/206/1043 1244/208/1046 1289/208/1047
f 1245/206/1044 1247/208/1048 1244/208/1046
f 1248/202/1049 1245/206/1044 1237/202/1039
f 1250/522/1050 1249/216/1051 1251/216/1052
f 1250/522/1050 1253/216/1053 1244/208/1046
f 1249/216/1051 1252/215/1054 1251/216/1052
f 1251/216/1052 1255/215/1055 1253/216/1053
f 1244/208/1046 1254/216/1056 1289/208/1047
f 1253/216/1053 1256/215/1057 1254/216/1056
f 1255/215/1055 1258/523/1058 1256/215/1057
f 1252/215/1054 1257/220/1059 1255/215/1055
f 1257/220/1059 1276/223/1060 1258/523/1058
f 1257/220/1059 1262/513/1061 1259/223/1062
f 1260/220/1063 1263/223/1064 1262/513/1061
f 1252/215/1054 1261/220/1065 1260/220/1063
f 1263/223/1064 1264/524/1066 1262/513/1061
f 1262/513/1061 1266/231/1067 1259/223/1062
f 1264/524/1066 1270/233/1068 1268/233/983
f 1259/223/1062 1267/231/982 1276/223/1060
f 1269/233/1069 1271/235/1070 1273/235/1071
f 1271/235/1070 1274/3/1072 1273/235/1071
f 1273/235/1071 1180/3/1073 1178/235/985
f 1274/3/1072 1275/1/996 1190/1/992
f 1180/3/1073 1190/1/992 1182/1/986
f 1276/223/1060 1174/231/982 1277/223/1074
f 1278/223/977 1282/220/1075 1276/223/1060
f 1277/223/1074 1167/231/975 1278/223/977
f 1279/220/1076 1168/515/969 1281/220/967
f 1279/220/1076 1285/215/1057 1258/523/1058
f 1284/215/1077 1279/220/1076 1281/220/967
f 1281/220/967 1160/513/969 1158/220/967
f 1286/216/1056 1280/215/1078 1283/216/1079
f 1283/216/1079 1284/215/1077 1296/216/1080
f 1254/216/1056 1285/215/1057 1286/216/1056
f 1287/208/1081 1254/216/1056 1286/216/1056
f 1288/208/1082 1286/216/1056 1283/216/1079
f 1288/208/1082 1318/206/1083 1289/208/1047
f 1292/525/1084 1288/208/1082 1291/526/1085
f 1291/526/1085 1283/216/1079 1295/527/1086
f 1300/206/1087 1291/526/1085 1294/208/1088
f 1293/528/1089 1298/216/1090 1294/208/1088
f 1296/216/1080 1297/529/1077 1295/527/1086
f 1295/527/1086 1157/215/966 1298/216/1090
f 1298/216/1090 1147/508/155 1294/208/1088
f 1157/215/966 1149/509/166 1298/216/1090
f 1299/206/1091 1147/508/155 1145/507/153
f 1302/202/1092 1299/206/1091 1301/202/1093
f 1301/202/1093 1145/507/153 1143/506/147
f 1303/199/1094 1302/202/1092 1301/202/1093
f 1301/202/1093 1141/504/145 1303/199/1094
f 1306/197/1095 1303/199/1094 1305/197/956
f 1303/199/1094 1139/505/958 1305/197/956
f 1128/500/949 1305/197/956 1132/195/952
f 1128/500/949 1307/530/1095 1306/197/1095
f 1307/530/1095 1304/199/1096 1306/197/1095
f 1308/197/1097 1309/199/1096 1307/530/1095
f 1123/195/948 1307/530/1095 1126/499/949
f 1310/199/1098 1311/202/1099 1309/199/1096
f 1309/199/1096 1302/202/1092 1304/199/1096
f 1311/202/1099 1290/206/1100 1292/525/1084
f 1311/202/1099 1300/206/1087 1302/202/1092
f 1314/199/1041 1312/202/1101 1310/199/1098
f 1290/206/1100 1313/531/1042 1243/206/1043
f 1239/199/1041 1313/531/1042 1314/199/1041
f 1315/197/1032 1310/199/1098 1308/197/1097
f 1317/197/1032 1314/199/1041 1315/197/1032
f 1123/195/948 1315/197/1032 1308/197/1097
f 1230/497/946 1315/197/1032 1316/497/946
f 1134/501/7 1322/5/1102 1323/532/9
f 1323/532/9 1324/238/1103 1325/533/1104
f 1368/74/931 1324/238/1103 1327/534/36
f 1327/534/36 1328/31/1105 1329/535/35
f 1329/535/35 1330/32/1106 1331/536/34
f 1333/537/1107 1330/32/1106 1332/33/1108
f 1359/54/1109 1332/33/1108 1335/538/47
f 1335/538/47 1336/52/1110 1337/539/66
f 1337/539/66 1338/53/1111 1339/540/65
f 1341/541/75 1338/53/1111 1340/55/1112
f 1343/542/76 1340/55/1112 1342/56/1113
f 1343/542/76 1344/72/1114 1345/543/94
f 1345/543/94 1346/73/1115 1347/544/1116
f 1058/30/887 1346/73/1115 1033/477/103
f 1348/29/1117 1347/544/1116 1058/30/887
f 1350/28/1118 1345/543/94 1348/29/1117
f 1349/29/888 1350/28/1118 1348/29/1117
f 1350/28/1118 1353/545/1119 1352/34/1120
f 1352/34/1120 1343/542/76 1350/28/1118
f 1353/545/1119 1354/36/1121 1352/34/1120
f 1354/36/1121 1341/541/75 1352/34/1120
f 1355/36/1122 1356/51/1123 1354/36/1121
f 1356/51/1123 1339/540/65 1354/36/1121
f 1356/51/1123 1360/50/911 1358/50/1124
f 1358/50/1124 1337/539/66 1356/51/1123
f 1358/50/1124 1361/546/1125 1359/54/1109
f 1085/50/911 1361/546/1125 1360/50/911
f 1357/491/908 1085/50/911 1360/50/911
f 1362/54/912 1363/547/924 1361/546/1125
f 1359/54/1109 1363/547/924 1364/57/1126
f 1363/547/924 1101/493/925 1365/71/1127
f 1365/71/1127 1331/536/34 1364/57/1126
f 1364/57/1126 1333/537/1107 1359/54/1109
f 1365/71/1127 1369/70/1128 1367/70/1129
f 1367/70/1129 1329/535/35 1365/71/1127
f 1366/71/1130 1104/70/927 1369/70/1128
f 1371/76/1131 1325/533/1104 1368/74/931
f 1368/74/931 1372/76/934 1371/76/1131
f 1372/76/934 1131/191/953 1371/76/1131
f 1370/74/1132 1373/76/934 1372/76/934
f 1373/76/934 1129/191/950 1372/76/934
f 1108/76/936 1125/495/950 1373/76/934
f 1353/545/1119 1081/490/906 1355/36/1122
f 1351/548/1133 1374/34/907 1353/545/1119
f 1074/28/899 1374/34/907 1375/549/1134
f 1376/29/1135 1074/28/899 1375/549/1134
f 1376/29/1135 1351/548/1133 1349/29/888
s 3
f 1380/550/1136 1378/550/1136 1377/550/1136
s 4
f 1378/550/1137 1379/550/1137 1377/550/1137
s 5
f 1382/550/1138 1381/550/1138 1380/550/1138
s 6
f 1385/550/1139 1382/550/1139 1384/550/1139
s 7
f 1387/550/1140 1384/550/1140 1386/550/1140
s 8
f 1388/550/1141 1387/550/1141 1386/550/1141
s 9
f 1391/550/1142 1388/550/1142 1390/550/1142
s 10
f 1393/550/1143 1390/550/1143 1392/550/1143
s 11
f 1394/550/1144 1393/550/1144 1392/550/1144
s 12
f 1397/550/1145 1394/550/1145 1396/550/1145
s 13
f 1399/550/1146 1396/550/1146 1398/550/1146
s 14
f 1401/550/1147 1398/550/1147 1400/550/1147
s 15
f 1403/550/1148 1400/550/1148 1402/550/1148
s 16
f 1405/550/1149 1402/550/1149 1404/550/1149
s 17
f 1407/550/1150 1404/550/1150 1406/550/1150
s 18
f 1408/550/1151 1406/550/1151 1379/550/1151
s 19
f 1395/550/1152 1403/550/1152 1378/550/1152
s 20
f 1410/550/1137 1412/550/1137 1409/550/1137
s 21
f 1440/550/1136 1409/550/1136 1411/550/1136
s 22
f 1413/550/1151 1414/550/1151 1412/550/1151
s 23
f 1415/550/1150 1416/550/1150 1414/550/1150
s 24
f 1417/550/1149 1418/550/1149 1416/550/1149
s 25
f 1419/550/1148 1420/550/1148 1418/550/1148
s 26
f 1421/550/1147 1422/550/1147 1420/550/1147
s 27
f 1423/550/1146 1424/550/1146 1422/550/1146
s 28
f 1425/550/1145 1426/550/1145 1424/550/1145
s 29
f 1427/550/1144 1428/550/1144 1426/550/1144
s 30
f 1429/550/1143 1430/550/1143 1428/550/1143
s 31
f 1431/550/1142 1432/550/1142 1430/550/1142
s 32
f 1433/550/1141 1434/550/1141 1432/550/1141
s 33
f 1435/550/1140 1436/550/1140 1434/550/1140
s 34
f 1437/550/1139 1438/550/1139 1436/550/1139
s 35
f 1439/550/1138 1411/550/1138 1438/550/1138
s 36
f 1427/550/1152 1419/550/1152 1410/550/1152
s 37
f 1445/550/1136 1441/550/1136 1444/550/1136
s 38
f 1442/550/1137 1443/550/1137 1441/550/1137
s 39
f 1447/550/1138 1444/550/1138 1446/550/1138
s 40
f 1449/550/1139 1446/550/1139 1448/550/1139
s 41
f 1451/550/1140 1448/550/1140 1450/550/1140
s 42
f 1453/550/1141 1450/550/1141 1452/550/1141
s 43
f 1455/550/1142 1452/550/1142 1454/550/1142
s 44
f 1456/550/1143 1455/550/1143 1454/550/1143
s 45
f 1459/550/1144 1456/550/1144 1458/550/1144
s 46
f 1461/550/1145 1458/550/1145 1460/550/1145
s 47
f 1463/550/1146 1460/550/1146 1462/550/1146
s 48
f 1465/550/1147 1462/550/1147 1464/550/1147
s 49
f 1467/550/1148 1464/550/1148 1466/550/1148
s 50
f 1469/550/1149 1466/550/1149 1468/550/1149
s 51
f 1471/550/1150 1468/550/1150 1470/550/1150
s 52
f 1472/550/1151 1470/550/1151 1443/550/1151
s 53
f 1459/550/1152 1467/550/1152 1442/550/1152
s 54
f 1477/550/1136 1473/550/1136 1476/550/1136
s 55
f 1474/550/1137 1475/550/1137 1473/550/1137
s 56
f 1479/550/1138 1476/550/1138 1478/550/1138
s 57
f 1481/550/1139 1478/550/1139 1480/550/1139
s 58
f 1483/550/1140 1480/550/1140 1482/550/1140
s 59
f 1485/550/1141 1482/550/1141 1484/550/1141
s 60
f 1487/550/1142 1484/550/1142 1486/550/1142
s 61
f 1489/550/1143 1486/550/1143 1488/550/1143
s 62
f 1491/550/1144 1488/550/1144 1490/550/1144
s 63
f 1492/550/1145 1491/550/1145 1490/550/1145
s 64
f 1495/550/1146 1492/550/1146 1494/550/1146
s 65
f 1497/550/1147 1494/550/1147 1496/550/1147
s 66
f 1498/550/1148 1497/550/1148 1496/550/1148
s 67
f 1501/550/1149 1498/550/1149 1500/550/1149
s 68
f 1503/550/1150 1500/550/1150 1502/550/1150
s 69
f 1504/550/1151 1502/550/1151 1475/550/1151
s 70
f 1491/550/1152 1499/550/1152 1474/550/1152
s 1
f 1/1/1 5/9/7 6/2/2
f 2/3/3 286/236/242 3/4/4
f 1/1/1 3/4/4 298/5/5
f 4/6/6 8/11/9 5/7/7
f 5/9/7 7/252/10 453/10/8
f 8/11/9 10/15/13 7/12/10
f 451/13/11 9/14/12 8/11/9
f 9/14/12 11/16/15 10/15/13
f 14/16/14 12/15/16 10/15/13
f 12/15/16 13/12/18 7/12/10
f 12/15/16 15/18/19 16/17/17
f 14/16/14 18/19/22 15/18/19
f 161/17/20 16/17/17 15/18/19
f 17/18/21 15/18/19 18/19/22
f 19/19/23 18/19/22 20/20/24
f 23/21/26 20/20/24 18/19/22
f 21/20/25 20/20/24 22/22/27
f 25/23/29 22/22/27 20/20/24
f 25/23/29 23/21/26 24/21/30
f 23/21/26 14/16/14 11/16/15
f 26/24/32 25/23/29 27/23/31
f 26/24/32 47/42/53 22/22/27
f 30/25/34 28/24/33 27/23/31
f 29/26/35 27/23/31 24/21/30
f 35/28/37 30/25/34 29/26/35
f 32/29/38 29/26/35 31/27/36
f 33/30/39 302/239/259 34/31/40
f 32/29/38 34/31/40 36/32/41
f 35/28/37 36/32/41 38/33/42
f 37/34/43 40/37/46 30/25/34
f 37/34/43 38/33/42 314/35/44
f 39/36/45 41/38/47 40/37/46
f 41/38/47 43/40/50 42/39/48
f 40/37/46 42/39/48 28/24/33
f 45/40/49 44/39/51 42/39/48
f 44/39/51 26/24/32 28/24/33
f 45/40/49 49/43/56 46/41/52
f 44/39/51 46/41/52 47/42/53
f 47/42/53 46/41/52 48/41/54
f 48/41/54 46/41/52 49/43/56
f 50/43/57 49/43/56 51/44/58
f 54/45/60 51/44/58 49/43/56
f 51/44/58 53/46/82 134/46/61
f 55/47/62 53/46/82 51/44/58
f 57/47/63 55/47/62 54/45/60
f 54/45/60 45/40/49 43/40/50
f 59/48/65 57/47/63 56/45/64
f 58/49/66 56/45/64 43/40/50
f 62/50/67 59/48/65 58/49/66
f 60/51/68 58/49/66 41/38/47
f 39/36/45 314/35/44 61/52/69
f 60/51/68 61/52/69 63/53/70
f 64/54/71 62/50/67 63/53/70
f 64/54/71 67/58/75 59/48/65
f 64/54/71 65/55/72 326/56/73
f 66/57/74 68/59/76 67/58/75
f 68/59/76 70/61/78 69/60/77
f 67/58/75 69/60/77 57/47/63
f 70/61/78 72/61/80 71/60/79
f 69/60/77 71/60/79 55/47/62
f 72/61/80 75/63/85 73/62/81
f 71/60/79 73/62/81 53/46/82
f 53/46/82 73/62/81 74/62/83
f 73/62/81 75/63/85 76/63/84
f 75/63/85 77/64/88 78/64/86
f 80/65/87 77/64/88 75/63/85
f 77/64/88 79/66/110 1024/66/89
f 81/67/90 79/66/110 77/64/88
f 83/67/91 81/67/90 80/65/87
f 82/65/92 80/65/87 72/61/80
f 85/68/93 83/67/91 82/65/92
f 84/69/94 82/65/92 70/61/78
f 88/70/95 85/68/93 84/69/94
f 86/71/96 84/69/94 68/59/76
f 66/57/74 326/56/73 87/72/97
f 86/71/96 87/72/97 89/73/98
f 90/74/99 88/70/95 89/73/98
f 90/74/99 93/78/103 85/68/93
f 92/76/101 90/74/99 91/75/100
f 92/76/101 94/79/104 93/78/103
f 94/79/104 96/81/107 95/80/105
f 93/78/103 95/80/105 83/67/91
f 98/81/106 97/80/109 95/80/105
f 95/80/105 97/80/109 81/67/90
f 98/81/106 101/83/112 99/82/108
f 97/80/109 99/82/108 79/66/110
f 79/66/110 99/82/108 100/82/111
f 100/82/111 99/82/108 101/83/112
f 101/83/112 103/84/116 106/84/114
f 105/85/115 103/84/116 101/83/112
f 103/84/116 104/86/186 107/86/117
f 216/87/118 104/86/186 103/84/116
f 107/86/117 109/90/120 108/88/119
f 106/84/114 108/88/119 111/89/104
f 109/90/120 456/183/120 110/91/119
f 108/88/119 110/91/119 112/92/104
f 111/89/104 112/92/104 115/93/103
f 102/83/113 111/89/104 113/94/103
f 100/82/111 113/94/103 114/95/93
f 122/97/122 114/95/93 113/94/103
f 115/93/103 116/98/123 119/96/121
f 122/97/122 113/94/103 115/93/103
f 112/92/104 118/99/126 116/98/123
f 116/98/123 117/98/827 120/96/124
f 464/99/125 117/98/827 116/98/123
f 119/96/121 120/96/124 123/100/127
f 125/101/94 127/104/94 114/95/93
f 114/95/93 122/97/122 119/96/121
f 119/96/121 121/100/128 125/101/94
f 121/100/128 123/100/127 1020/102/129
f 125/101/94 121/100/128 124/102/130
f 127/104/94 125/101/94 126/103/76
f 1024/66/89 114/95/93 127/104/94
f 78/64/86 127/104/94 128/105/76
f 128/105/76 126/103/76 130/106/75
f 76/63/84 128/105/76 129/107/75
f 129/107/75 130/106/75 132/108/65
f 74/62/83 129/107/75 131/109/65
f 131/109/65 132/108/65 136/110/66
f 134/46/61 131/109/65 133/111/66
f 52/44/59 133/111/66 135/112/47
f 143/114/47 135/112/47 133/111/66
f 136/110/66 137/115/132 140/113/131
f 143/114/47 133/111/66 136/110/66
f 132/108/65 139/116/134 137/115/132
f 138/115/133 141/113/135 140/113/131
f 139/116/134 1018/116/853 138/115/133
f 141/113/135 1016/117/851 142/117/136
f 143/114/47 140/113/131 142/117/136
f 135/112/47 143/114/47 144/118/46
f 146/119/46 144/118/46 145/120/34
f 144/118/46 142/117/136 1015/122/137
f 50/43/57 135/112/47 146/119/46
f 48/41/54 146/119/46 147/121/34
f 147/121/34 145/120/34 151/123/35
f 149/42/55 147/121/34 148/124/35
f 150/22/28 22/22/27 47/42/53
f 150/22/28 148/124/35 152/125/36
f 148/124/35 151/123/35 153/126/36
f 152/125/36 153/126/36 155/127/12
f 21/20/25 152/125/36 154/128/12
f 154/128/12 155/127/12 157/129/9
f 19/19/23 154/128/12 156/130/9
f 158/131/7 156/130/9 157/129/9
f 17/18/21 156/130/9 158/131/7
f 161/133/20 158/136/7 159/134/2
f 158/136/7 160/471/7 1022/137/2
f 163/135/139 16/133/17 161/133/20
f 165/138/140 163/135/139 162/135/138
f 162/135/138 159/134/2 167/139/142
f 166/140/143 455/140/150 165/138/140
f 164/138/141 167/139/142 169/141/144
f 159/134/2 1022/137/2 168/142/142
f 169/141/144 167/139/142 168/142/142
f 169/141/144 170/143/144 172/144/145
f 166/140/143 169/141/144 171/145/145
f 171/145/145 172/144/145 1023/147/147
f 174/146/146 171/145/145 173/148/147
f 176/149/148 177/149/400 175/146/149
f 174/146/146 175/146/149 455/140/150
f 181/150/151 177/149/400 176/149/148
f 176/149/148 173/148/147 180/151/153
f 179/152/154 183/152/158 181/150/151
f 191/154/155 179/152/154 178/150/152
f 180/151/153 499/272/153 497/153/155
f 191/154/155 178/150/152 180/151/153
f 272/155/156 177/149/400 181/150/151
f 182/156/157 181/150/151 183/152/158
f 184/157/159 183/152/158 185/158/160
f 188/158/162 185/158/160 183/152/158
f 186/159/161 185/158/160 187/160/163
f 187/160/163 185/158/160 188/158/162
f 179/152/154 191/154/155 190/162/166
f 188/158/162 190/162/166 193/163/167
f 192/165/166 190/162/166 191/154/155
f 497/153/155 496/271/440 495/164/168
f 192/165/166 191/154/155 497/153/155
f 190/162/166 192/165/166 194/166/167
f 193/163/167 194/166/167 197/167/169
f 189/160/165 193/163/167 195/168/169
f 198/169/170 195/168/169 196/170/171
f 480/173/171 196/170/171 195/168/169
f 197/167/169 481/264/424 479/172/173
f 480/173/171 195/168/169 197/167/169
f 201/171/174 199/169/218 198/169/170
f 198/169/170 199/169/218 187/160/163
f 203/174/175 201/171/174 200/171/172
f 200/171/172 196/170/171 205/175/177
f 213/176/178 203/174/175 202/174/176
f 202/174/176 205/175/177 207/177/180
f 196/170/171 480/173/171 206/178/177
f 205/175/177 206/178/177 208/179/180
f 207/177/180 208/179/180 210/180/181
f 204/176/179 207/177/180 209/181/181
f 209/181/181 210/180/181 456/183/120
f 211/182/182 209/181/181 109/90/120
f 107/86/117 104/86/186 212/182/183
f 212/182/183 213/176/178 204/176/179
f 215/184/184 213/176/178 212/182/183
f 214/185/185 212/182/183 104/86/186
f 215/184/184 214/185/185 217/185/187
f 214/185/185 216/87/118 220/87/189
f 233/186/180 218/184/188 217/185/187
f 219/187/181 217/185/187 220/87/189
f 221/188/120 220/87/189 222/85/190
f 220/87/189 216/87/118 105/85/115
f 223/189/119 222/85/190 96/81/107
f 222/85/190 105/85/115 98/81/106
f 226/190/191 221/188/120 223/189/119
f 224/191/192 223/189/119 94/79/104
f 92/76/101 338/77/102 225/192/193
f 224/191/192 225/246/193 227/193/194
f 226/190/191 227/193/194 229/194/195
f 226/190/191 228/195/196 219/187/181
f 228/195/196 229/194/195 231/196/197
f 228/195/196 230/197/198 233/186/180
f 230/197/198 231/196/197 236/198/199
f 233/186/180 230/197/198 232/199/200
f 235/200/177 250/204/203 218/184/188
f 233/186/180 232/199/200 235/200/177
f 232/199/200 236/198/199 238/201/201
f 235/200/177 232/199/200 234/202/202
f 248/203/171 249/212/213 250/204/203
f 235/200/177 234/202/202 248/203/171
f 237/198/204 239/201/380 238/201/201
f 446/196/205 237/198/204 236/198/199
f 238/201/201 239/201/380 241/205/206
f 234/202/202 238/201/201 240/205/207
f 240/205/207 241/205/206 427/207/209
f 243/206/208 240/205/207 242/207/210
f 243/206/208 245/209/169 248/203/171
f 244/208/211 246/210/167 245/209/169
f 246/210/167 255/161/217 247/211/212
f 245/209/169 247/211/212 249/212/213
f 249/212/213 251/212/216 253/204/214
f 252/211/215 251/212/216 249/212/213
f 252/211/215 199/169/218 201/171/174
f 251/212/216 201/171/174 203/174/175
f 253/204/214 203/174/175 213/176/178
f 253/204/214 215/184/184 218/184/188
f 255/161/217 254/161/164 252/211/215
f 254/161/164 187/160/163 199/169/218
f 186/159/161 254/161/164 255/161/217
f 258/213/166 256/159/219 255/161/217
f 184/157/159 186/159/161 256/159/219
f 259/214/155 257/157/220 256/159/219
f 262/215/221 259/214/155 258/213/166
f 260/216/222 258/213/166 246/210/167
f 244/208/211 242/207/210 261/217/223
f 260/216/222 261/217/223 263/218/224
f 262/215/221 263/218/224 265/219/225
f 259/214/155 262/215/221 264/220/226
f 267/221/153 268/156/229 257/157/220
f 259/214/155 264/220/226 267/221/153
f 264/220/226 265/219/225 438/222/227
f 266/223/228 269/224/147 267/221/153
f 269/224/147 271/155/230 268/156/229
f 266/223/228 280/231/237 270/225/145
f 270/225/145 273/226/232 271/155/230
f 274/226/231 272/155/156 271/155/230
f 272/155/156 182/156/157 268/156/229
f 276/227/233 274/226/231 273/226/232
f 278/228/144 275/227/234 273/226/232
f 452/229/235 276/227/233 275/227/234
f 278/228/144 279/233/239 282/235/241
f 284/230/142 277/229/236 275/227/234
f 278/228/144 282/235/241 284/230/142
f 280/231/237 279/233/239 278/228/144
f 280/231/237 440/247/392 281/232/238
f 279/233/239 281/232/238 283/234/240
f 282/235/241 283/234/240 286/236/242
f 2/3/3 6/2/2 284/230/142
f 6/2/2 453/10/8 277/229/236
f 441/232/243 285/234/244 283/234/240
f 285/234/244 287/236/247 286/236/242
f 286/236/242 287/236/247 288/4/245
f 289/236/246 292/4/250 288/4/245
f 291/237/248 289/236/246 287/236/247
f 290/236/249 293/4/396 292/4/250
f 444/234/251 290/236/249 289/236/246
f 292/4/250 293/4/396 295/5/252
f 288/4/245 292/4/250 294/5/253
f 294/5/253 295/5/252 448/238/255
f 297/5/254 294/5/253 296/238/256
f 3/4/4 288/4/245 297/5/254
f 297/5/254 299/238/257 300/238/258
f 299/238/257 301/239/260 302/239/259
f 296/238/256 304/240/262 301/239/260
f 302/239/259 301/239/260 303/31/261
f 304/240/262 306/31/264 303/31/261
f 296/238/256 448/238/255 305/239/263
f 305/239/263 307/31/332 306/31/264
f 306/31/264 307/31/332 309/32/265
f 303/31/261 306/31/264 308/241/266
f 308/241/266 309/32/265 377/33/268
f 311/32/267 308/241/266 310/33/269
f 303/31/261 311/32/267 36/32/41
f 311/32/267 312/33/270 38/33/42
f 38/33/42 312/33/270 313/35/271
f 312/33/270 310/33/269 316/242/272
f 313/35/271 315/52/273 61/52/69
f 316/242/272 318/52/275 315/52/273
f 310/33/269 377/33/268 317/35/274
f 317/35/274 319/52/276 318/52/275
f 319/52/276 321/53/279 320/243/277
f 318/52/275 320/243/277 323/53/278
f 321/53/279 449/55/286 322/244/280
f 320/243/277 322/244/280 324/55/281
f 315/52/273 323/53/278 63/53/70
f 323/53/278 324/55/281 65/55/72
f 65/55/72 324/55/281 325/56/282
f 324/55/281 322/244/280 328/56/283
f 325/56/282 327/72/285 87/72/97
f 325/56/282 328/56/283 330/72/284
f 449/55/286 329/56/287 328/56/283
f 329/56/287 331/72/397 330/72/284
f 330/72/284 331/72/397 333/73/288
f 327/72/285 330/72/284 332/245/289
f 333/73/288 450/75/398 334/75/291
f 335/73/290 332/245/289 334/75/291
f 327/72/285 335/73/290 89/73/98
f 89/73/98 335/73/290 336/75/292
f 91/75/100 336/75/292 337/77/293
f 334/75/291 340/77/295 337/77/293
f 338/77/102 337/77/293 339/192/294
f 340/77/295 342/192/297 339/192/294
f 334/75/291 450/75/398 341/77/296
f 341/77/296 343/192/304 342/192/297
f 342/246/297 343/246/304 347/193/298
f 342/246/297 344/193/299 345/193/300
f 344/193/299 346/194/303 447/194/301
f 344/193/299 347/193/298 348/194/302
f 343/246/304 351/246/309 349/193/305
f 347/193/298 349/193/305 350/194/306
f 352/193/307 353/194/371 350/194/306
f 354/246/308 352/193/307 349/193/305
f 356/77/310 355/77/312 354/192/308
f 358/75/311 357/75/1941 355/77/312
f 359/73/313 357/75/1941 358/75/311
f 361/72/315 359/73/313 360/73/314
f 363/56/317 361/72/315 362/72/316
f 366/55/319 365/55/321 363/56/317
f 368/53/320 367/53/1942 365/55/321
f 369/52/322 367/53/1942 368/53/320
f 371/35/324 369/52/322 370/52/323
f 373/33/326 371/35/324 372/35/325
f 374/32/328 373/33/326 375/33/327
f 376/32/329 375/33/327 377/33/268
f 375/33/327 372/35/325 317/35/274
f 380/31/330 374/32/328 376/32/329
f 378/31/331 376/32/329 309/32/265
f 379/239/333 378/31/331 307/31/332
f 379/239/333 381/239/335 380/31/330
f 383/238/334 382/238/1943 381/239/335
f 384/5/336 382/238/1943 383/238/334
f 386/4/338 384/5/336 385/5/337
f 388/236/340 386/4/338 387/4/339
f 390/234/342 388/236/340 389/236/341
f 392/232/344 390/234/342 391/234/343
f 394/247/346 392/232/344 393/232/345
f 396/222/348 394/247/346 395/247/347
f 398/219/350 396/222/348 397/222/349
f 400/218/352 398/219/350 399/219/351
f 401/217/354 400/218/352 402/218/353
f 405/217/356 404/217/355 402/218/353
f 403/218/357 402/218/353 399/219/351
f 406/207/359 404/217/355 405/217/356
f 409/207/361 401/217/354 404/217/355
f 423/205/362 408/205/364 406/207/359
f 410/205/363 409/207/361 406/207/359
f 411/201/365 410/205/363 408/205/364
f 413/198/367 411/201/365 412/201/366
f 415/196/369 413/198/367 414/198/368
f 353/194/371 415/196/369 416/196/370
f 348/194/302 350/194/306 416/196/370
f 417/196/372 416/196/370 414/198/368
f 348/194/302 417/196/372 418/196/374
f 417/196/372 419/198/373 420/198/375
f 419/198/373 421/201/377 422/248/376
f 419/198/373 414/198/368 412/201/366
f 421/201/377 423/205/362 424/205/378
f 421/201/377 412/201/366 408/205/364
f 424/205/378 423/205/362 407/207/360
f 424/205/378 425/249/379 427/207/209
f 422/248/376 424/205/378 241/205/206
f 407/207/360 405/217/356 426/217/381
f 425/249/379 426/217/381 428/217/382
f 427/207/209 428/217/382 261/217/223
f 261/217/223 428/217/382 429/218/383
f 428/217/382 426/217/381 431/218/384
f 263/218/224 429/218/383 430/219/385
f 431/218/384 432/250/386 430/219/385
f 426/217/381 405/217/356 403/218/357
f 431/218/384 403/218/357 433/219/358
f 433/219/358 435/222/389 434/222/387
f 432/250/386 434/222/387 437/222/388
f 435/222/389 445/247/393 436/251/390
f 434/222/387 436/251/390 439/247/391
f 430/219/385 437/222/388 438/222/227
f 437/222/388 439/247/391 440/247/392
f 439/247/391 441/232/243 281/232/238
f 436/251/390 442/232/394 441/232/243
f 441/232/243 442/232/394 291/237/248
f 445/247/393 443/232/395 442/232/394
f 442/232/394 443/232/395 444/234/251
f 443/232/395 393/232/345 391/234/343
f 395/247/347 393/232/345 443/232/395
f 397/222/349 395/247/347 445/247/393
f 391/234/343 389/236/341 290/236/249
f 266/223/228 438/222/227 440/247/392
f 433/219/358 399/219/351 397/222/349
f 420/198/375 422/248/376 239/201/380
f 446/196/205 418/196/374 420/198/375
f 346/194/303 418/196/374 446/196/205
f 229/194/195 447/194/301 446/196/205
f 227/193/194 345/193/300 447/194/301
f 389/236/341 387/4/339 293/4/396
f 293/4/396 387/4/339 385/5/337
f 295/5/252 385/5/337 383/238/334
f 383/238/334 379/239/333 305/239/263
f 372/35/325 370/52/323 319/52/276
f 319/52/276 370/52/323 368/53/320
f 368/53/320 366/55/319 449/55/286
f 366/55/319 364/56/318 329/56/287
f 329/56/287 364/56/318 362/72/316
f 331/72/397 362/72/316 360/73/314
f 333/73/288 360/73/314 358/75/311
f 358/75/311 356/77/310 341/77/296
f 356/77/310 351/192/309 343/192/304
f 225/246/193 339/246/294 345/193/300
f 451/13/11 300/238/258 302/239/259
f 4/6/6 298/5/5 300/238/258
f 33/30/39 31/27/36 9/14/12
f 453/10/8 454/10/399 452/229/235
f 7/252/10 13/252/18 454/10/399
f 454/10/399 163/135/139 165/138/140
f 13/252/18 16/133/17 163/135/139
f 452/229/235 165/138/140 455/140/150
f 276/227/233 455/140/150 175/146/149
f 274/226/231 175/146/149 177/149/400
f 182/156/157 184/157/159 257/157/220
f 210/180/181 457/254/402 460/253/401
f 208/179/180 459/255/405 457/254/402
f 458/254/403 461/253/408 460/253/401
f 475/255/404 458/254/403 457/254/402
f 460/253/401 461/253/408 463/256/406
f 456/183/120 460/253/401 462/256/407
f 462/256/407 463/256/406 464/99/125
f 110/91/119 462/256/407 118/99/126
f 461/253/408 468/259/416 465/257/409
f 463/256/406 465/257/409 466/258/410
f 466/258/410 465/257/409 467/257/411
f 465/257/409 468/259/416 469/259/413
f 469/259/413 468/259/416 470/260/414
f 458/254/403 470/260/414 468/259/416
f 471/260/415 470/260/414 472/261/417
f 475/255/404 472/261/417 470/260/414
f 472/261/417 474/262/423 728/262/419
f 476/263/420 474/262/423 472/261/417
f 478/263/421 476/263/420 475/255/404
f 479/172/173 477/172/422 476/263/420
f 477/172/422 486/267/429 474/262/423
f 480/173/171 479/172/173 478/263/421
f 206/178/177 478/263/421 459/255/405
f 481/264/424 483/264/428 477/172/422
f 484/265/425 483/264/428 481/264/424
f 194/166/167 482/265/426 481/264/424
f 484/265/425 488/268/433 485/266/427
f 483/264/428 485/266/427 486/267/429
f 486/267/429 485/266/427 487/266/430
f 485/266/427 488/268/433 489/268/432
f 488/268/433 490/269/439 491/269/434
f 493/164/435 490/269/439 488/268/433
f 491/269/434 490/269/439 492/270/436
f 494/271/438 492/270/436 490/269/439
f 494/271/438 493/164/435 495/164/168
f 493/164/435 484/265/425 482/265/426
f 192/165/166 495/164/168 482/265/426
f 499/272/153 498/273/442 496/271/440
f 501/273/441 494/271/438 496/271/440
f 1023/147/147 500/274/444 498/273/442
f 502/274/443 501/273/441 498/273/442
f 502/274/443 505/276/447 503/275/445
f 501/273/441 503/275/445 492/270/436
f 982/270/437 492/270/436 503/275/445
f 504/275/446 503/275/445 505/276/447
f 506/276/448 505/276/447 507/277/449
f 510/278/451 507/277/449 505/276/447
f 508/277/450 507/277/449 509/279/452
f 511/280/454 509/279/452 507/277/449
f 511/280/454 510/278/451 512/278/455
f 510/278/451 502/274/443 500/274/444
f 170/143/144 513/280/456 512/278/455
f 172/144/145 512/278/455 500/274/444
f 168/142/142 514/281/458 513/280/456
f 516/281/457 511/280/454 513/280/456
f 1022/137/2 515/282/459 514/281/458
f 515/282/459 517/282/460 516/281/457
f 517/282/460 519/284/487 518/283/461
f 516/281/457 518/283/461 509/279/452
f 518/283/461 519/284/487 521/284/462
f 522/279/453 509/279/452 518/283/461
f 521/284/462 524/287/2 523/285/142
f 520/283/463 523/285/142 526/286/144
f 524/287/2 546/303/2 525/288/142
f 523/285/142 525/288/142 528/289/144
f 522/279/453 526/286/144 527/290/145
f 748/292/145 527/290/145 526/286/144
f 528/289/144 529/293/465 530/291/464
f 748/292/145 526/286/144 528/289/144
f 525/288/142 531/294/467 529/293/465
f 532/293/466 534/291/471 530/291/464
f 531/294/467 533/294/468 532/293/466
f 533/294/468 538/297/474 535/295/469
f 532/293/466 535/295/469 536/296/470
f 962/296/472 536/296/470 535/295/469
f 537/295/473 535/295/469 538/297/474
f 538/297/474 540/298/478 541/298/476
f 543/299/477 540/298/478 538/297/474
f 540/298/478 542/300/502 575/300/479
f 544/301/480 542/300/502 540/298/478
f 547/301/481 544/301/480 543/299/477
f 545/299/482 543/299/477 533/294/468
f 549/302/7 547/301/481 545/299/482
f 546/303/2 545/299/482 531/294/467
f 572/304/483 544/305/480 547/305/481
f 550/306/9 548/304/484 547/305/481
f 552/308/9 550/306/9 549/307/7
f 551/310/7 549/302/7 546/303/2
f 553/311/485 551/310/7 524/287/2
f 555/312/486 552/308/9 551/309/7
f 519/284/487 554/311/849 553/311/485
f 553/313/485 554/313/849 556/312/488
f 555/312/486 556/312/488 558/314/489
f 557/314/490 560/316/12 552/308/9
f 557/314/490 558/314/489 1003/315/491
f 559/315/492 562/321/36 560/316/12
f 560/316/12 561/319/12 550/306/9
f 561/319/12 560/316/12 562/321/36
f 564/317/36 566/324/495 569/318/493
f 561/319/12 562/321/36 564/317/36
f 1000/320/494 563/322/35 562/321/36
f 563/322/35 565/323/35 564/317/36
f 565/323/35 567/325/497 566/324/495
f 596/325/496 568/324/498 566/324/495
f 568/324/498 570/318/499 569/318/493
f 561/319/12 569/318/493 548/304/484
f 570/318/499 572/304/483 548/304/484
f 568/324/498 586/333/512 571/326/500
f 570/318/499 571/326/500 573/327/501
f 572/304/483 573/327/501 542/328/502
f 575/328/479 542/328/502 573/327/501
f 574/327/503 573/327/501 571/326/500
f 574/327/503 577/330/9 578/329/7
f 576/326/504 580/332/12 577/330/9
f 577/330/9 579/77/507 965/192/505
f 577/330/9 580/332/12 581/75/506
f 582/331/36 583/73/509 581/75/506
f 585/333/508 582/331/36 580/332/12
f 584/334/35 967/72/820 583/73/509
f 587/335/510 584/334/35 582/331/36
f 585/333/508 586/333/512 588/335/511
f 576/326/504 571/326/500 586/333/512
f 588/335/511 592/336/518 589/336/513
f 589/336/513 591/339/34 584/334/35
f 589/336/513 592/336/518 593/337/514
f 591/339/34 589/336/513 590/337/515
f 611/338/46 969/55/530 968/56/516
f 591/339/34 590/337/515 611/338/46
f 595/340/517 593/337/514 592/336/518
f 594/341/519 592/336/518 588/335/511
f 595/340/517 594/341/519 597/341/520
f 594/341/519 596/325/496 567/325/497
f 600/342/46 599/340/521 597/341/520
f 598/343/34 597/341/520 567/325/497
f 602/344/47 601/345/523 599/340/521
f 604/345/522 595/340/517 599/340/521
f 991/346/66 603/347/525 601/345/523
f 605/347/524 604/345/522 601/345/523
f 605/347/524 607/349/528 606/348/526
f 604/345/522 606/348/526 593/337/514
f 608/348/527 606/348/526 607/349/528
f 590/337/515 593/337/514 606/348/526
f 609/349/529 613/351/66 610/350/47
f 608/348/527 610/350/47 611/338/46
f 610/350/47 612/53/531 969/55/530
f 613/351/66 614/52/532 612/53/531
f 615/352/65 616/35/534 614/52/532
f 618/353/533 615/352/65 613/351/66
f 617/354/75 972/33/539 616/35/534
f 620/355/535 617/354/75 615/352/65
f 607/349/528 619/353/536 618/353/533
f 619/353/536 622/355/537 620/355/535
f 622/355/537 623/356/566 621/356/538
f 617/354/75 620/355/535 621/356/538
f 662/357/76 973/32/569 972/33/539
f 617/354/75 621/356/538 662/357/76
f 625/358/540 623/356/566 622/355/537
f 624/359/541 622/355/537 619/353/536
f 630/358/543 625/358/540 624/359/541
f 627/359/544 624/359/541 626/360/542
f 628/362/75 635/369/75 634/367/76
f 632/361/76 630/358/543 627/359/544
f 628/362/75 634/367/76 632/361/76
f 628/362/75 627/359/544 629/360/545
f 631/364/546 657/364/565 625/358/540
f 633/365/94 631/364/546 630/358/543
f 636/366/94 633/365/94 632/361/76
f 637/368/547 634/367/76 635/369/75
f 640/371/549 636/366/94 634/367/76
f 638/368/550 641/371/552 640/371/549
f 984/370/551 638/368/550 637/368/547
f 641/371/552 643/372/554 642/372/553
f 642/372/553 645/374/93 636/366/94
f 643/372/554 983/373/828 644/373/555
f 644/373/555 646/375/103 645/374/93
f 646/375/103 649/377/103 647/376/93
f 645/374/93 647/376/93 633/365/94
f 647/376/93 648/378/556 631/364/546
f 649/377/103 650/380/557 648/378/556
f 649/377/103 646/375/103 719/417/104
f 715/379/104 651/381/560 650/380/557
f 649/377/103 719/417/104 715/379/104
f 650/380/557 652/380/562 655/378/558
f 653/381/559 652/380/562 650/380/557
f 653/381/559 671/389/575 654/382/561
f 652/380/562 654/382/561 656/383/563
f 655/378/558 656/383/563 658/384/564
f 648/378/556 655/378/558 657/364/565
f 657/364/565 658/384/564 623/356/566
f 658/384/564 656/383/563 660/383/567
f 623/356/566 658/384/564 659/384/568
f 660/383/567 664/386/93 661/385/94
f 659/384/568 661/385/94 662/357/76
f 661/385/94 663/31/570 973/32/569
f 664/386/93 665/239/571 663/31/570
f 666/387/103 667/238/573 665/239/571
f 669/382/572 666/387/103 664/386/93
f 668/388/104 976/5/579 667/238/573
f 670/389/574 668/388/104 666/387/103
f 656/383/563 654/382/561 669/382/572
f 669/382/572 654/382/561 671/389/575
f 671/389/575 673/390/577 672/390/576
f 672/390/576 675/392/119 668/388/104
f 673/390/577 712/391/610 674/391/578
f 674/391/578 677/393/120 675/392/119
f 675/392/119 676/4/580 976/5/579
f 677/393/120 678/236/581 676/4/580
f 679/394/181 680/234/583 678/236/581
f 682/395/582 679/394/181 677/393/120
f 681/396/180 978/232/590 680/234/583
f 684/397/584 681/396/180 679/394/181
f 674/391/578 712/391/610 683/395/585
f 682/395/582 683/395/585 685/397/586
f 684/397/584 685/397/586 687/398/587
f 686/398/588 689/400/177 681/396/180
f 687/398/587 700/399/597 688/399/589
f 688/399/589 691/401/171 689/400/177
f 689/400/177 690/247/591 978/232/590
f 691/401/171 692/222/592 690/247/591
f 693/402/169 694/219/594 692/222/592
f 695/403/593 693/402/169 691/401/171
f 693/402/169 695/403/593 696/405/596
f 763/404/167 765/218/632 694/219/594
f 693/402/169 696/405/596 763/404/167
f 697/403/595 698/405/826 696/405/596
f 700/399/597 697/403/595 695/403/593
f 981/406/598 698/405/826 697/403/595
f 699/407/599 697/403/595 700/399/597
f 701/408/600 700/399/597 687/398/587
f 731/407/602 699/407/599 701/408/600
f 702/408/603 701/408/600 703/409/601
f 704/409/604 703/409/601 705/410/605
f 703/409/601 687/398/587 685/397/586
f 706/410/606 705/410/605 707/411/607
f 705/410/605 685/397/586 683/395/585
f 707/411/607 709/412/611 710/412/609
f 707/411/607 683/395/585 712/391/610
f 710/412/609 709/412/611 711/413/612
f 709/412/611 712/391/610 673/390/577
f 713/413/613 711/413/612 653/381/559
f 711/413/612 673/390/577 671/389/575
f 716/414/120 710/412/609 713/413/613
f 714/415/119 713/413/613 651/381/560
f 717/416/119 714/415/119 715/379/104
f 718/418/120 716/414/120 714/415/119
f 469/259/413 718/418/120 717/416/119
f 467/257/411 717/416/119 719/417/104
f 720/258/412 719/417/104 646/375/103
f 644/373/555 983/373/828 466/258/410
f 471/260/415 721/419/181 718/418/120
f 721/419/181 723/421/181 716/414/120
f 473/261/418 722/420/180 721/419/181
f 722/420/180 724/422/180 723/421/181
f 723/421/181 708/411/608 710/412/609
f 724/422/180 706/410/606 708/411/608
f 725/423/177 704/409/604 706/410/606
f 726/424/177 725/423/177 724/422/180
f 725/423/177 726/424/177 727/908/171
f 730/425/171 702/408/603 704/409/604
f 725/423/177 727/908/171 730/425/171
f 729/267/431 727/908/171 726/424/177
f 728/262/419 726/424/177 722/420/180
f 474/262/423 486/267/429 729/267/431
f 727/908/171 729/267/431 487/266/430
f 727/908/171 487/266/430 735/426/169
f 731/407/602 702/408/603 730/425/171
f 730/425/171 727/908/171 735/426/169
f 733/427/169 731/407/602 730/425/171
f 732/406/614 981/406/598 699/407/599
f 734/428/167 732/406/614 731/407/602
f 736/429/167 734/428/167 733/427/169
f 489/268/432 736/429/167 735/426/169
f 491/269/434 737/430/166 736/429/167
f 737/430/166 739/432/166 734/428/167
f 982/270/437 738/431/155 737/430/166
f 738/431/155 741/433/155 739/432/166
f 739/432/166 740/434/615 732/406/614
f 741/433/155 742/436/616 740/434/615
f 743/435/153 744/439/617 742/436/616
f 746/437/153 743/435/153 741/433/155
f 745/438/147 747/441/618 744/439/617
f 746/437/153 504/275/446 506/276/448
f 749/440/147 745/438/147 743/435/153
f 746/437/153 506/276/448 749/440/147
f 504/275/446 746/437/153 738/431/155
f 748/292/145 530/291/464 747/441/618
f 527/290/145 748/292/145 745/438/147
f 508/277/450 527/290/145 749/440/147
f 750/441/619 751/439/622 744/439/617
f 534/291/471 750/441/619 747/441/618
f 534/291/471 536/296/470 752/442/620
f 750/441/619 752/442/620 754/443/621
f 756/443/623 754/443/621 752/442/620
f 753/442/624 752/442/620 536/296/470
f 751/439/622 754/443/621 755/444/625
f 758/444/627 755/444/625 754/443/621
f 757/446/153 756/443/623 753/442/624
f 960/445/147 959/201/818 961/205/628
f 757/446/153 753/442/624 960/445/147
f 759/447/155 758/444/627 756/443/623
f 757/446/153 961/205/628 766/207/629
f 759/447/155 756/443/623 757/446/153
f 758/444/627 759/447/155 762/448/166
f 760/449/630 761/449/631 755/444/625
f 696/405/596 698/405/826 761/449/631
f 760/449/630 762/448/166 763/404/167
f 762/448/166 764/217/633 765/218/632
f 759/447/155 766/207/629 764/217/633
f 767/217/634 768/218/637 765/218/632
f 769/207/635 767/217/634 764/217/633
f 767/217/634 770/217/639 771/218/636
f 772/207/638 770/217/639 767/217/634
f 770/217/639 773/217/643 775/218/640
f 776/249/641 773/217/643 770/217/639
f 777/207/642 774/217/644 773/217/643
f 774/217/644 867/218/732 775/218/640
f 778/205/645 779/205/736 777/207/642
f 781/205/646 778/205/645 776/249/641
f 877/201/647 779/205/736 778/205/645
f 783/201/649 780/248/648 778/205/645
f 784/201/650 783/201/649 781/205/646
f 782/205/651 781/205/646 772/207/638
f 785/198/652 783/201/649 784/201/650
f 785/198/652 788/198/655 780/248/648
f 786/196/654 790/196/658 788/198/655
f 954/196/656 786/196/654 785/198/652
f 791/196/657 789/198/659 788/198/655
f 789/198/659 877/201/647 780/248/648
f 792/194/660 795/194/663 791/196/657
f 794/194/661 792/194/660 790/196/658
f 793/193/662 796/193/666 795/194/663
f 793/193/662 792/194/660 794/194/661
f 795/194/663 797/194/667 798/196/665
f 796/193/666 799/193/670 797/194/667
f 800/194/668 801/196/742 798/196/665
f 802/193/669 800/194/668 797/194/667
f 803/246/671 802/193/669 799/193/670
f 806/77/673 804/77/683 803/192/671
f 806/77/673 805/192/672 807/192/674
f 807/246/674 805/246/672 799/193/670
f 809/77/675 807/192/674 808/192/676
f 808/246/676 807/246/674 796/193/666
f 811/75/678 809/77/675 810/77/677
f 814/75/680 806/77/673 809/77/675
f 813/73/681 811/75/678 812/75/679
f 813/73/681 815/73/685 814/75/680
f 814/75/680 816/75/1944 804/77/683
f 817/73/684 816/75/1944 814/75/680
f 818/72/686 817/73/684 815/73/685
f 821/56/688 820/56/690 818/72/686
f 823/55/689 822/55/1945 820/56/690
f 824/53/691 822/55/1945 823/55/689
f 827/52/693 826/52/1946 824/53/691
f 828/35/694 826/52/1946 827/52/693
f 832/33/696 830/33/1947 828/35/694
f 831/32/697 830/33/1947 832/33/696
f 837/32/699 833/32/698 832/33/696
f 834/33/700 832/33/696 829/35/695
f 838/241/702 837/32/699 834/33/700
f 835/33/703 834/33/700 836/35/701
f 839/31/705 837/32/699 838/241/702
f 842/31/707 833/32/698 837/32/699
f 841/239/708 839/31/705 840/31/706
f 843/239/710 842/31/707 839/31/705
f 844/31/711 831/32/697 833/32/698
f 843/239/710 845/239/1948 844/31/711
f 846/238/712 845/239/1948 843/239/710
f 848/5/714 846/238/712 847/238/713
f 850/4/716 848/5/714 849/5/715
f 852/236/718 850/4/716 851/4/717
f 854/234/720 852/236/718 853/236/719
f 857/232/722 856/232/1949 854/234/720
f 858/247/723 856/232/1949 857/232/722
f 860/222/725 858/247/723 859/247/724
f 863/219/727 862/219/729 860/222/725
f 866/218/728 864/218/731 862/219/729
f 868/217/730 865/217/735 864/218/731
f 774/217/644 868/217/730 866/218/728
f 866/218/728 863/219/727 878/219/733
f 869/207/734 868/217/730 774/217/644
f 869/207/734 871/207/1950 865/217/735
f 779/205/736 870/205/738 869/207/734
f 872/205/737 871/207/1950 869/207/734
f 873/201/739 872/205/737 870/205/738
f 876/198/741 875/198/1951 873/201/739
f 801/196/742 875/198/1951 876/198/741
f 791/196/657 798/196/665 876/198/741
f 789/198/659 876/198/741 874/201/740
f 877/201/647 874/201/740 870/205/738
f 775/218/640 867/218/732 878/219/733
f 879/250/743 878/219/733 880/222/744
f 863/219/727 861/222/726 880/222/744
f 880/222/744 861/222/726 859/247/724
f 882/222/745 880/222/744 881/247/746
f 884/222/748 882/222/745 883/251/747
f 887/219/750 879/250/743 882/222/745
f 887/219/750 884/222/748 885/222/751
f 884/222/748 886/247/749 889/247/753
f 768/218/637 771/218/636 887/219/750
f 771/218/636 775/218/640 879/250/743
f 768/218/637 888/219/752 694/219/594
f 888/219/752 885/222/751 692/222/592
f 886/247/749 890/232/755 891/232/754
f 883/251/747 893/232/759 890/232/755
f 890/232/755 892/234/758 977/234/756
f 890/232/755 893/232/759 895/237/757
f 881/247/746 894/232/824 893/232/759
f 893/232/759 894/232/824 896/234/760
f 895/237/757 896/234/760 898/236/761
f 895/237/757 897/236/762 900/236/763
f 898/236/761 975/4/823 899/4/764
f 897/236/762 899/4/764 902/4/765
f 892/234/758 900/236/763 901/236/766
f 901/236/766 900/236/763 902/4/765
f 902/4/765 904/5/770 905/5/768
f 902/4/765 899/4/764 907/5/769
f 904/5/770 906/238/773 974/238/771
f 904/5/770 907/5/769 909/238/772
f 899/4/764 975/4/823 908/5/774
f 907/5/769 908/5/774 910/238/775
f 910/238/775 841/239/708 911/240/709
f 909/238/772 911/240/709 912/239/776
f 911/240/709 840/31/706 914/31/777
f 906/238/773 912/239/776 913/239/778
f 913/239/778 912/239/776 914/31/777
f 915/31/779 914/31/777 916/32/780
f 840/31/706 838/241/702 916/32/780
f 917/32/781 916/32/780 918/33/782
f 838/241/702 835/33/703 918/33/782
f 919/33/783 918/33/782 920/35/784
f 918/33/782 835/33/703 923/242/704
f 920/35/784 922/52/787 971/52/786
f 923/242/704 924/52/788 922/52/787
f 836/35/701 925/52/789 924/52/788
f 925/52/789 927/53/822 926/243/790
f 924/52/788 926/243/790 929/53/791
f 926/243/790 927/53/822 970/55/792
f 926/243/790 928/244/793 931/55/794
f 922/52/787 929/53/791 930/53/795
f 929/53/791 931/55/794 932/55/796
f 932/55/796 931/55/794 933/56/797
f 928/244/793 936/56/801 933/56/797
f 934/56/798 933/56/797 935/72/799
f 936/56/801 938/72/803 935/72/799
f 970/55/792 937/56/802 936/56/801
f 937/56/802 939/72/821 938/72/803
f 938/72/803 939/72/821 813/73/681
f 935/72/799 938/72/803 940/245/682
f 941/73/804 940/245/682 812/75/679
f 935/72/799 941/73/804 942/73/806
f 942/73/806 941/73/804 943/75/805
f 944/75/807 943/75/805 945/77/808
f 812/75/679 810/77/677 945/77/808
f 946/77/809 945/77/808 947/192/810
f 810/77/677 808/192/676 947/192/810
f 948/246/811 947/246/810 949/193/664
f 808/246/676 793/193/662 949/193/664
f 950/193/812 949/193/664 794/194/661
f 948/246/811 950/193/812 951/193/814
f 950/193/812 952/194/813 953/194/815
f 952/194/813 954/196/656 955/196/816
f 952/194/813 794/194/661 786/196/654
f 954/196/656 787/198/653 957/198/817
f 956/450/144 537/295/473 539/297/475
f 539/297/475 963/452/819 953/194/815
f 953/194/815 955/196/816 956/450/144
f 956/450/144 955/196/816 957/198/817
f 958/451/145 957/198/817 959/201/818
f 787/198/653 784/201/650 959/201/818
f 784/201/650 782/205/651 961/205/628
f 782/205/651 769/207/635 766/207/629
f 962/296/472 958/451/145 960/445/147
f 537/295/473 956/450/144 958/451/145
f 963/452/819 964/454/2 951/193/814
f 541/298/476 964/454/2 963/452/819
f 964/454/2 541/298/476 575/300/479
f 578/453/7 965/246/505 951/193/814
f 964/454/2 575/300/479 578/453/7
f 946/77/809 948/192/811 965/192/505
f 944/75/807 946/77/809 579/77/507
f 942/73/806 944/75/807 581/75/506
f 966/72/800 942/73/806 583/73/509
f 968/56/516 934/56/798 966/72/800
f 591/339/34 968/56/516 967/72/820
f 969/55/530 932/55/796 934/56/798
f 930/53/795 932/55/796 969/55/530
f 937/56/802 821/56/688 819/72/687
f 939/72/821 819/72/687 815/73/685
f 823/55/689 821/56/688 937/56/802
f 927/53/822 825/53/692 823/55/689
f 971/52/786 930/53/795 612/53/531
f 921/35/785 971/52/786 614/52/532
f 925/52/789 827/52/693 825/53/692
f 829/35/695 827/52/693 925/52/789
f 972/33/539 919/33/783 921/35/785
f 917/32/781 919/33/783 972/33/539
f 915/31/779 917/32/781 973/32/569
f 913/239/778 915/31/779 663/31/570
f 667/238/573 974/238/771 913/239/778
f 976/5/579 905/5/768 974/238/771
f 847/238/713 843/239/710 841/239/708
f 908/5/774 849/5/715 847/238/713
f 975/4/823 851/4/717 849/5/715
f 853/236/719 851/4/717 975/4/823
f 903/4/767 905/5/768 976/5/579
f 901/236/766 903/4/767 676/4/580
f 977/234/756 901/236/766 678/236/581
f 978/232/590 891/232/754 977/234/756
f 855/234/721 853/236/719 898/236/761
f 894/232/824 857/232/722 855/234/721
f 881/247/746 859/247/724 857/232/722
f 690/247/591 889/247/753 891/232/754
f 692/222/592 885/222/751 889/247/753
f 980/436/626 755/444/625 761/449/631
f 979/434/825 761/449/631 698/405/826
f 980/436/626 979/434/825 740/434/615
f 979/434/825 981/406/598 732/406/614
f 751/439/622 980/436/626 742/436/616
f 117/98/827 983/373/828 643/372/554
f 464/99/125 466/258/410 983/373/828
f 120/96/124 643/372/554 641/371/552
f 123/100/127 641/371/552 638/368/550
f 986/455/829 984/370/551 639/370/548
f 639/370/548 635/369/75 988/456/65
f 1017/457/831 986/455/829 985/455/830
f 985/455/830 988/456/65 990/458/66
f 635/369/75 628/362/75 989/363/65
f 988/456/65 989/363/65 991/346/66
f 990/458/66 991/346/66 602/344/47
f 987/457/832 990/458/66 992/459/47
f 992/459/47 602/344/47 600/342/46
f 994/460/833 992/459/47 993/461/46
f 995/460/835 1017/457/831 987/457/832
f 996/462/834 997/462/837 995/460/835
f 998/463/836 999/463/852 997/462/837
f 996/462/834 993/461/46 1001/464/34
f 1002/320/838 999/463/852 998/463/836
f 998/463/836 1001/464/34 563/322/35
f 993/461/46 600/342/46 598/343/34
f 1001/464/34 598/343/34 565/323/35
f 559/315/492 1003/315/491 1002/320/838
f 1004/465/839 1002/320/838 1003/315/491
f 1005/122/841 999/463/852 1002/320/838
f 1005/122/841 1004/465/839 1006/465/842
f 1004/465/839 1007/466/840 1008/466/843
f 1007/466/840 1009/467/845 1010/467/844
f 1007/466/840 1003/315/491 558/314/489
f 1009/467/845 1011/468/847 1012/468/846
f 1009/467/845 558/314/489 556/312/488
f 1011/468/847 1013/469/850 1014/469/848
f 1011/468/847 556/312/488 554/313/849
f 1014/470/848 1013/470/850 517/282/460
f 1013/470/850 554/311/849 519/284/487
f 157/129/9 1012/468/846 1014/469/848
f 160/471/7 1014/470/848 515/282/459
f 155/127/12 1010/467/844 1012/468/846
f 153/126/36 1008/466/843 1010/467/844
f 151/123/35 1006/465/842 1008/466/843
f 145/120/34 1015/122/137 1006/465/842
f 1016/117/851 1005/122/841 1015/122/137
f 1016/117/851 997/462/837 999/463/852
f 141/113/135 995/460/835 997/462/837
f 138/115/133 1017/457/831 995/460/835
f 1018/116/853 986/455/829 1017/457/831
f 989/363/65 629/360/545 603/347/525
f 1019/472/854 984/370/551 986/455/829
f 1021/472/855 1019/472/854 1018/116/853
f 1020/102/129 638/368/550 984/370/551
f 124/102/130 1020/102/129 1019/472/854
f 126/103/76 124/102/130 1021/472/855
f 130/106/75 1021/472/855 139/116/134
f 629/360/545 626/360/542 605/347/524
f 626/360/542 619/353/536 607/349/528
f 596/325/496 588/335/511 586/333/512
f 173/148/147 1023/147/147 499/272/153
f 31/27/36 24/21/30 11/16/15
s 2
f 1026/3/856 1047/3/875 1028/1/857
f 1038/473/120 1026/3/856 1025/1/858
f 1025/1/858 1027/909/860 1036/246/859
f 1036/246/859 1037/193/868 1038/473/120
f 1027/475/860 1025/8/858 1029/6/862
f 1032/474/104 1034/77/864 1036/192/859
f 1027/475/860 1029/6/862 1032/474/104
f 1025/8/858 1028/8/857 1030/476/861
f 1030/476/861 1056/13/884 1031/13/863
f 1031/13/863 1033/477/103 1032/474/104
f 1033/477/103 1035/75/1952 1034/77/864
f 1036/480/859 1034/910/864 1035/911/1952
f 1035/911/1952 1346/552/1115 1344/912/1114
f 1344/912/1114 1342/913/1113 1340/914/1112
f 1340/914/1112 1338/557/1111 1336/915/1110
f 1336/915/1110 1334/916/1953 1332/917/1108
f 1332/917/1108 1330/559/1106 1328/918/1105
f 1328/918/1105 1326/919/1954 1324/920/1103
f 1324/920/1103 1322/560/1102 1321/478/865
f 1321/478/865 1135/562/955 1137/921/954
f 1137/921/954 1138/922/957 1140/923/959
f 1140/923/959 1142/563/960 1144/924/961
f 1144/924/961 1146/925/962 1148/479/866
f 1148/479/866 1150/565/963 1152/926/964
f 1152/926/964 1153/927/972 1164/928/973
f 1164/928/973 1040/554/1955 1039/929/869
f 1039/929/869 1037/930/868 1036/480/859
f 1036/480/859 1035/911/1952 1344/912/1114
f 1344/912/1114 1340/914/1112 1336/915/1110
f 1336/915/1110 1332/917/1108 1328/918/1105
f 1328/918/1105 1324/920/1103 1321/478/865
f 1321/478/865 1137/921/954 1140/923/959
f 1140/923/959 1144/924/961 1148/479/866
f 1148/479/866 1152/926/964 1164/928/973
f 1164/928/973 1039/929/869 1036/480/859
f 1036/480/859 1344/912/1114 1336/915/1110
f 1336/915/1110 1328/918/1105 1321/478/865
f 1321/478/865 1140/923/959 1148/479/866
f 1148/479/866 1164/928/973 1036/480/859
f 1036/480/859 1336/915/1110 1321/478/865
f 1041/481/867 1038/473/120 1037/193/868
f 1165/482/180 1043/233/871 1042/235/870
f 1042/235/870 1041/481/867 1039/194/869
f 1039/194/869 1040/196/1955 1165/482/180
f 1026/3/856 1038/473/120 1041/481/867
f 1043/233/871 1046/233/974 1044/483/872
f 1044/483/872 1047/3/875 1026/3/856
f 1047/3/875 1044/483/872 1045/483/873
f 1045/483/873 1171/235/877 1049/3/874
f 1049/3/874 1048/3/879 1047/3/875
f 1044/483/872 1046/233/974 1169/233/876
f 1169/233/876 1170/233/978 1171/235/877
f 1171/235/877 1045/483/873 1044/483/872
f 1047/3/875 1048/3/879 1050/1/878
f 1048/3/879 1049/3/874 1051/1/880
f 1050/484/878 1051/8/880 1053/6/881
f 1028/8/857 1050/484/878 1052/6/882
f 1053/6/881 1055/13/891 1054/485/883
f 1030/476/861 1052/6/882 1054/485/883
f 1057/486/886 1056/13/884 1054/485/883
f 1054/485/883 1055/13/891 1060/30/885
s 76
f 1060/30/1956 1059/30/1956 1057/486/1956
s 2
f 1031/13/863 1056/13/884 1057/486/886
f 1348/29/1117 1058/30/887 1057/486/886
f 1060/30/885 1061/29/890 1376/29/1135
f 1349/29/888 1348/29/1117 1057/486/886
f 1060/30/885 1376/29/1135 1349/29/888
f 1062/487/889 1063/29/892 1061/29/890
f 1055/13/891 1064/13/893 1062/487/889
f 1065/30/889 1068/488/892 1063/29/892
f 1064/13/893 1067/13/893 1065/30/889
f 1066/30/894 1069/29/895 1068/488/892
f 1067/13/893 1187/13/991 1066/30/894
f 1069/29/895 1071/28/1002 1070/28/896
f 1063/29/892 1068/488/892 1070/28/896
f 1070/28/896 1071/28/1002 1202/34/897
f 1073/28/896 1070/28/896 1072/489/898
f 1063/29/892 1073/28/896 1074/28/899
f 1074/28/899 1073/28/896 1075/34/898
f 1076/34/900 1075/34/898 1077/36/901
f 1075/34/898 1072/489/898 1078/36/901
f 1079/51/904 1077/36/901 1078/36/901
f 1078/36/901 1203/36/1007 1204/51/903
f 1204/51/903 1091/51/917 1079/51/904
f 1077/36/901 1079/51/904 1082/51/905
f 1076/34/900 1080/36/902 1081/490/906
f 1357/491/908 1355/36/1122 1081/490/906
f 1081/490/906 1080/36/902 1082/51/905
f 1082/51/905 1083/51/909 1357/491/908
f 1083/51/909 1082/51/905 1084/50/910
f 1079/51/904 1087/50/915 1084/50/910
f 1084/50/910 1086/54/914 1362/54/912
f 1084/50/910 1087/50/915 1088/54/913
f 1087/50/915 1089/50/915 1092/54/913
f 1079/51/904 1091/51/917 1089/50/915
f 1090/50/916 1093/54/918 1092/54/913
f 1091/51/917 1204/51/903 1090/50/916
f 1093/54/918 1095/57/920 1094/57/919
f 1092/54/913 1094/57/919 1097/57/919
f 1095/57/920 1216/71/1016 1096/492/921
f 1096/492/921 1103/71/928 1100/71/922
f 1100/71/922 1098/57/923 1097/57/919
f 1097/57/919 1094/57/919 1096/492/921
f 1088/54/913 1097/57/919 1098/57/923
f 1086/54/914 1098/57/923 1099/57/924
f 1099/57/924 1098/57/923 1100/71/922
f 1101/493/925 1100/71/922 1102/70/926
f 1113/494/929 1105/70/932 1102/70/926
f 1102/70/926 1100/71/922 1103/71/928
f 1103/71/928 1096/492/921 1113/494/929
f 1368/74/931 1367/70/1129 1369/70/1128
f 1369/70/1128 1104/70/927 1102/70/926
f 1102/70/926 1106/74/933 1107/74/930
f 1107/74/930 1370/74/1132 1368/74/931
f 1368/74/931 1369/70/1128 1102/70/926
f 1105/70/932 1109/74/937 1106/74/933
f 1106/74/933 1108/76/936 1373/76/934
f 1106/74/933 1109/74/937 1110/76/935
f 1109/74/937 1111/74/937 1114/76/935
f 1113/494/929 1111/74/937 1109/74/937
f 1111/74/937 1112/74/939 1115/76/938
f 1113/494/929 1217/70/1019 1112/74/939
f 1114/76/935 1115/76/938 1117/191/940
f 1110/76/935 1114/76/935 1116/191/941
f 1117/191/940 1228/190/1027 1118/496/942
f 1116/191/941 1118/496/942 1121/190/943
f 1110/76/935 1119/495/941 1120/191/944
f 1120/191/944 1119/495/941 1121/190/943
f 1316/497/946 1123/195/948 1122/190/945
f 1122/190/945 1121/190/943 1118/496/942
f 1118/496/942 1230/497/946 1316/497/946
f 1124/498/947 1122/190/945 1123/195/948
f 1120/191/944 1122/190/945 1124/498/947
f 1125/495/950 1124/498/947 1127/190/947
f 1127/190/947 1124/498/947 1126/499/949
f 1130/190/951 1127/190/947 1128/500/949
f 1129/191/950 1127/190/947 1130/190/951
f 1130/190/951 1133/502/2 1134/501/7
f 1132/195/952 1136/503/142 1133/502/2
f 1133/502/2 1135/236/955 1321/4/865
f 1133/502/2 1136/503/142 1137/234/954
f 1136/503/142 1132/195/952 1305/197/956
f 1305/197/956 1139/505/958 1138/232/957
f 1138/232/957 1137/234/954 1136/503/142
f 1141/504/145 1140/247/959 1138/232/957
f 1143/506/147 1142/222/960 1140/247/959
f 1145/507/153 1144/219/961 1142/222/960
f 1147/508/155 1146/218/962 1144/219/961
f 1149/509/166 1148/217/866 1146/218/962
f 1151/510/167 1150/207/963 1148/217/866
f 1151/510/167 1157/215/966 1156/220/965
f 1154/511/169 1152/205/964 1150/207/963
f 1151/510/167 1156/220/965 1154/511/169
f 1155/512/171 1153/201/972 1152/205/964
f 1156/220/965 1159/223/968 1155/512/171
f 1157/215/966 1297/529/1077 1158/220/967
f 1158/220/967 1160/513/969 1159/223/968
f 1160/513/969 1162/231/971 1161/231/970
f 1161/231/970 1163/514/177 1155/512/171
f 1162/231/971 1046/233/974 1043/233/871
f 1043/233/871 1165/482/180 1163/514/177
f 1163/514/177 1164/198/973 1153/201/972
f 1165/482/180 1040/196/1955 1164/198/973
f 1168/515/969 1166/231/976 1162/231/971
f 1162/231/971 1166/231/976 1169/233/876
f 1167/231/975 1170/233/978 1169/233/876
f 1278/223/977 1167/231/975 1166/231/976
f 1170/233/978 1172/233/980 1175/235/979
f 1167/231/975 1174/231/982 1172/233/980
f 1173/233/981 1177/235/979 1175/235/979
f 1172/233/980 1174/231/982 1267/231/982
f 1267/231/982 1266/231/1067 1268/233/983
f 1268/233/983 1173/233/981 1172/233/980
f 1175/235/979 1176/3/984 1049/3/874
f 1177/235/979 1179/3/984 1176/3/984
f 1178/235/985 1180/3/1073 1179/3/984
f 1268/233/983 1178/235/985 1177/235/979
f 1179/3/984 1180/3/1073 1182/1/986
f 1181/1/987 1184/1/990 1051/1/880
f 1051/1/880 1049/3/874 1176/3/984
f 1176/3/984 1179/3/984 1181/1/987
f 1181/8/987 1182/8/986 1186/6/988
f 1184/8/990 1181/8/987 1183/6/989
f 1051/8/880 1184/8/990 1185/476/989
f 1185/476/989 1064/13/893 1055/13/891
f 1183/6/989 1067/13/893 1064/13/893
f 1183/6/989 1186/6/988 1187/13/991
f 1190/8/992 1188/517/994 1186/6/988
f 1186/6/988 1188/517/994 1191/516/993
f 1188/517/994 1189/6/1023 1192/13/995
f 1275/8/996 1189/6/1023 1188/517/994
f 1192/13/995 1194/30/998 1193/30/997
f 1187/13/991 1191/516/993 1193/30/997
f 1194/30/998 1196/29/1957 1195/29/999
f 1193/30/997 1195/29/999 1069/29/895
f 1195/29/999 1196/29/1957 1198/28/1000
f 1195/29/999 1197/28/1001 1071/28/1002
f 1197/28/1001 1198/28/1000 1200/34/1003
f 1071/28/1002 1197/28/1001 1199/34/1004
f 1199/34/1004 1200/34/1003 1320/36/1005
f 1199/34/1004 1201/36/1006 1203/36/1007
f 1072/489/898 1202/34/897 1203/36/1007
f 1201/36/1006 1205/51/1008 1204/51/903
f 1205/51/1008 1207/50/1010 1090/50/916
f 1205/51/1008 1206/51/1958 1208/50/1009
f 1320/36/1005 1206/51/1958 1205/51/1008
f 1208/50/1009 1210/54/1012 1209/54/1011
f 1207/50/1010 1209/54/1011 1093/54/918
f 1210/54/1012 1212/57/1014 1211/57/1013
f 1209/54/1011 1211/57/1013 1095/57/920
f 1212/57/1014 1214/71/1959 1213/71/1015
f 1095/57/920 1211/57/1013 1213/71/1015
f 1213/71/1015 1214/71/1959 1218/70/1017
f 1216/71/1016 1213/71/1015 1215/70/1018
f 1216/71/1016 1217/70/1019 1113/494/929
f 1112/74/939 1217/70/1019 1215/70/1018
f 1215/70/1018 1218/70/1017 1219/74/1020
f 1221/74/1021 1112/74/939 1215/70/1018
f 1189/520/1023 1275/553/996 1272/931/1960
f 1272/931/1960 1271/932/1070 1270/933/1068
f 1270/933/1068 1265/566/1961 1263/934/1064
f 1263/934/1064 1261/935/1065 1319/936/1962
f 1319/936/1962 1249/564/1051 1247/937/1048
f 1247/937/1048 1246/938/1963 1248/939/1049
f 1248/939/1049 1236/555/1038 1234/940/1034
f 1234/940/1034 1226/941/1029 1225/518/1022
f 1225/518/1022 1224/561/1964 1220/942/1024
f 1220/942/1024 1219/943/1020 1218/944/1017
f 1218/944/1017 1214/556/1959 1212/945/1014
f 1212/945/1014 1210/946/1012 1208/519/1009
f 1208/519/1009 1206/558/1958 1320/947/1005
f 1320/947/1005 1200/948/1003 1198/949/1000
f 1198/949/1000 1196/551/1957 1194/950/998
f 1194/950/998 1192/951/995 1189/520/1023
f 1189/520/1023 1272/931/1960 1270/933/1068
f 1270/933/1068 1263/934/1064 1319/936/1962
f 1319/936/1962 1247/937/1048 1248/939/1049
f 1248/939/1049 1234/940/1034 1225/518/1022
f 1225/518/1022 1220/942/1024 1218/944/1017
f 1218/944/1017 1212/945/1014 1208/519/1009
f 1208/519/1009 1320/947/1005 1198/949/1000
f 1198/949/1000 1194/950/998 1189/520/1023
f 1189/520/1023 1270/933/1068 1319/936/1962
f 1319/936/1962 1248/939/1049 1225/518/1022
f 1225/518/1022 1218/944/1017 1208/519/1009
f 1208/519/1009 1198/949/1000 1189/520/1023
f 1189/520/1023 1319/936/1962 1225/518/1022
f 1221/74/1021 1219/74/1020 1220/76/1024
f 1112/74/939 1221/74/1021 1222/76/1025
f 1220/76/1024 1224/191/1964 1223/191/1026
f 1222/76/1025 1223/191/1026 1117/191/940
f 1228/190/1027 1117/191/940 1223/191/1026
f 1223/191/1026 1224/191/1964 1225/190/1022
f 1225/190/1022 1227/190/1028 1228/190/1027
f 1229/195/1030 1228/190/1027 1227/190/1028
f 1227/190/1028 1225/190/1022 1226/195/1029
f 1226/195/1029 1232/195/1033 1229/195/1030
f 1118/496/942 1228/190/1027 1229/195/1030
f 1230/497/946 1229/195/1030 1231/197/1031
f 1232/195/1033 1233/197/1035 1231/197/1031
f 1232/195/1033 1226/195/1029 1234/197/1034
f 1234/197/1034 1236/199/1038 1235/521/1036
f 1233/197/1035 1235/521/1036 1238/199/1037
f 1236/199/1038 1248/202/1049 1237/202/1039
f 1238/199/1037 1235/521/1036 1237/202/1039
f 1231/197/1031 1238/199/1037 1239/199/1041
f 1239/199/1041 1238/199/1037 1240/202/1040
f 1240/202/1040 1242/206/1045 1243/206/1043
f 1240/202/1040 1237/202/1039 1245/206/1044
f 1243/206/1043 1242/206/1045 1244/208/1046
f 1244/208/1046 1242/206/1045 1245/206/1044
f 1245/206/1044 1246/206/1963 1247/208/1048
f 1247/208/1048 1250/522/1050 1244/208/1046
f 1248/202/1049 1246/206/1963 1245/206/1044
f 1250/522/1050 1247/208/1048 1249/216/1051
f 1250/522/1050 1251/216/1052 1253/216/1053
f 1249/216/1051 1319/215/1962 1252/215/1054
f 1251/216/1052 1252/215/1054 1255/215/1055
f 1244/208/1046 1253/216/1053 1254/216/1056
f 1253/216/1053 1255/215/1055 1256/215/1057
f 1255/215/1055 1257/220/1059 1258/523/1058
f 1252/215/1054 1260/220/1063 1257/220/1059
f 1257/220/1059 1259/223/1062 1276/223/1060
f 1257/220/1059 1260/220/1063 1262/513/1061
f 1260/220/1063 1261/220/1065 1263/223/1064
f 1252/215/1054 1319/215/1962 1261/220/1065
f 1263/223/1064 1265/231/1961 1264/524/1066
f 1262/513/1061 1264/524/1066 1266/231/1067
f 1268/233/983 1266/231/1067 1264/524/1066
f 1264/524/1066 1265/231/1961 1270/233/1068
f 1270/233/1068 1269/233/1069 1268/233/983
f 1259/223/1062 1266/231/1067 1267/231/982
f 1178/235/985 1268/233/983 1269/233/1069
f 1269/233/1069 1270/233/1068 1271/235/1070
f 1273/235/1071 1178/235/985 1269/233/1069
f 1271/235/1070 1272/3/1960 1274/3/1072
f 1273/235/1071 1274/3/1072 1180/3/1073
f 1274/3/1072 1272/3/1960 1275/1/996
f 1180/3/1073 1274/3/1072 1190/1/992
f 1276/223/1060 1267/231/982 1174/231/982
f 1276/223/1060 1277/223/1074 1278/223/977
f 1278/223/977 1279/220/1076 1282/220/1075
f 1282/220/1075 1258/523/1058 1276/223/1060
f 1277/223/1074 1174/231/982 1167/231/975
f 1279/220/1076 1278/223/977 1168/515/969
f 1258/523/1058 1282/220/1075 1279/220/1076
f 1279/220/1076 1280/215/1078 1285/215/1057
f 1285/215/1057 1256/215/1057 1258/523/1058
f 1158/220/967 1297/529/1077 1284/215/1077
f 1284/215/1077 1280/215/1078 1279/220/1076
f 1281/220/967 1158/220/967 1284/215/1077
f 1281/220/967 1168/515/969 1160/513/969
f 1286/216/1056 1285/215/1057 1280/215/1078
f 1283/216/1079 1280/215/1078 1284/215/1077
f 1254/216/1056 1256/215/1057 1285/215/1057
f 1287/208/1081 1289/208/1047 1254/216/1056
f 1288/208/1082 1287/208/1081 1286/216/1056
f 1289/208/1047 1287/208/1081 1288/208/1082
f 1288/208/1082 1290/206/1100 1318/206/1083
f 1318/206/1083 1243/206/1043 1289/208/1047
f 1292/525/1084 1290/206/1100 1288/208/1082
f 1295/527/1086 1293/528/1089 1291/526/1085
f 1291/526/1085 1288/208/1082 1283/216/1079
f 1283/216/1079 1296/216/1080 1295/527/1086
f 1294/208/1088 1299/206/1091 1300/206/1087
f 1300/206/1087 1292/525/1084 1291/526/1085
f 1291/526/1085 1293/528/1089 1294/208/1088
f 1293/528/1089 1295/527/1086 1298/216/1090
f 1296/216/1080 1284/215/1077 1297/529/1077
f 1295/527/1086 1297/529/1077 1157/215/966
f 1298/216/1090 1149/509/166 1147/508/155
f 1157/215/966 1151/510/167 1149/509/166
f 1299/206/1091 1294/208/1088 1147/508/155
f 1302/202/1092 1300/206/1087 1299/206/1091
f 1301/202/1093 1299/206/1091 1145/507/153
f 1303/199/1094 1304/199/1096 1302/202/1092
f 1301/202/1093 1143/506/147 1141/504/145
f 1306/197/1095 1304/199/1096 1303/199/1094
f 1303/199/1094 1141/504/145 1139/505/958
f 1128/500/949 1306/197/1095 1305/197/956
f 1128/500/949 1126/499/949 1307/530/1095
f 1307/530/1095 1309/199/1096 1304/199/1096
f 1308/197/1097 1310/199/1098 1309/199/1096
f 1123/195/948 1308/197/1097 1307/530/1095
f 1310/199/1098 1312/202/1101 1311/202/1099
f 1309/199/1096 1311/202/1099 1302/202/1092
f 1311/202/1099 1312/202/1101 1290/206/1100
f 1311/202/1099 1292/525/1084 1300/206/1087
f 1314/199/1041 1313/531/1042 1312/202/1101
f 1243/206/1043 1318/206/1083 1290/206/1100
f 1290/206/1100 1312/202/1101 1313/531/1042
f 1313/531/1042 1241/202/1042 1243/206/1043
f 1239/199/1041 1241/202/1042 1313/531/1042
f 1315/197/1032 1314/199/1041 1310/199/1098
f 1317/197/1032 1239/199/1041 1314/199/1041
f 1123/195/948 1316/497/946 1315/197/1032
f 1230/497/946 1317/197/1032 1315/197/1032
f 1323/532/9 1371/76/1131 1131/191/953
f 1134/501/7 1321/4/865 1322/5/1102
f 1323/532/9 1131/191/953 1134/501/7
f 1323/532/9 1322/5/1102 1324/238/1103
f 1327/534/36 1367/70/1129 1368/74/931
f 1368/74/931 1325/533/1104 1324/238/1103
f 1324/238/1103 1326/239/1954 1327/534/36
f 1327/534/36 1326/239/1954 1328/31/1105
f 1329/535/35 1328/31/1105 1330/32/1106
f 1333/537/1107 1331/536/34 1330/32/1106
f 1335/538/47 1358/50/1124 1359/54/1109
f 1359/54/1109 1333/537/1107 1332/33/1108
f 1332/33/1108 1334/35/1953 1335/538/47
f 1335/538/47 1334/35/1953 1336/52/1110
f 1337/539/66 1336/52/1110 1338/53/1111
f 1341/541/75 1339/540/65 1338/53/1111
f 1343/542/76 1341/541/75 1340/55/1112
f 1343/542/76 1342/56/1113 1344/72/1114
f 1345/543/94 1344/72/1114 1346/73/1115
f 1033/477/103 1031/13/863 1058/30/887
f 1058/30/887 1347/544/1116 1346/73/1115
f 1346/73/1115 1035/75/1952 1033/477/103
f 1348/29/1117 1345/543/94 1347/544/1116
f 1350/28/1118 1343/542/76 1345/543/94
f 1349/29/888 1351/548/1133 1350/28/1118
f 1350/28/1118 1351/548/1133 1353/545/1119
f 1352/34/1120 1341/541/75 1343/542/76
f 1353/545/1119 1355/36/1122 1354/36/1121
f 1354/36/1121 1339/540/65 1341/541/75
f 1355/36/1122 1357/491/908 1356/51/1123
f 1356/51/1123 1337/539/66 1339/540/65
f 1356/51/1123 1357/491/908 1360/50/911
f 1358/50/1124 1335/538/47 1337/539/66
f 1358/50/1124 1360/50/911 1361/546/1125
f 1085/50/911 1362/54/912 1361/546/1125
f 1357/491/908 1083/51/909 1085/50/911
f 1362/54/912 1099/57/924 1363/547/924
f 1359/54/1109 1361/546/1125 1363/547/924
f 1365/71/1127 1364/57/1126 1363/547/924
f 1363/547/924 1099/57/924 1101/493/925
f 1101/493/925 1366/71/1130 1365/71/1127
f 1365/71/1127 1329/535/35 1331/536/34
f 1364/57/1126 1331/536/34 1333/537/1107
f 1365/71/1127 1366/71/1130 1369/70/1128
f 1367/70/1129 1327/534/36 1329/535/35
f 1366/71/1130 1101/493/925 1104/70/927
f 1371/76/1131 1323/532/9 1325/533/1104
f 1368/74/931 1370/74/1132 1372/76/934
f 1372/76/934 1129/191/950 1131/191/953
f 1370/74/1132 1107/74/930 1373/76/934
f 1373/76/934 1125/495/950 1129/191/950
f 1108/76/936 1120/191/944 1125/495/950
f 1353/545/1119 1374/34/907 1081/490/906
f 1351/548/1133 1375/549/1134 1374/34/907
f 1074/28/899 1076/34/900 1374/34/907
f 1376/29/1135 1061/29/890 1074/28/899
f 1376/29/1135 1375/549/1134 1351/548/1133
s 3
f 1380/550/1136 1381/550/1136 1378/550/1136
s 4
f 1378/550/1137 1408/550/1137 1379/550/1137
s 5
f 1382/550/1138 1383/550/1138 1381/550/1138
s 6
f 1385/550/1139 1383/550/1139 1382/550/1139
s 7
f 1387/550/1140 1385/550/1140 1384/550/1140
s 8
f 1388/550/1141 1389/550/1141 1387/550/1141
s 9
f 1391/550/1142 1389/550/1142 1388/550/1142
s 10
f 1393/550/1143 1391/550/1143 1390/550/1143
s 11
f 1394/550/1144 1395/550/1144 1393/550/1144
s 12
f 1397/550/1145 1395/550/1145 1394/550/1145
s 13
f 1399/550/1146 1397/550/1146 1396/550/1146
s 14
f 1401/550/1147 1399/550/1147 1398/550/1147
s 15
f 1403/550/1148 1401/550/1148 1400/550/1148
s 16
f 1405/550/1149 1403/550/1149 1402/550/1149
s 17
f 1407/550/1150 1405/550/1150 1404/550/1150
s 18
f 1408/550/1151 1407/550/1151 1406/550/1151
s 19
f 1378/550/1152 1381/550/1152 1383/550/1152
f 1383/550/1152 1385/550/1152 1387/550/1152
f 1387/550/1152 1389/550/1152 1391/550/1152
f 1391/550/1152 1393/550/1152 1395/550/1152
f 1395/550/1152 1397/550/1152 1399/550/1152
f 1399/550/1152 1401/550/1152 1403/550/1152
f 1403/550/1152 1405/550/1152 1407/550/1152
f 1407/550/1152 1408/550/1152 1378/550/1152
f 1378/550/1152 1383/550/1152 1387/550/1152
f 1387/550/1152 1391/550/1152 1395/550/1152
f 1395/550/1152 1399/550/1152 1403/550/1152
f 1403/550/1152 1407/550/1152 1378/550/1152
f 1378/550/1152 1387/550/1152 1395/550/1152
s 20
f 1410/550/1137 1413/550/1137 1412/550/1137
s 21
f 1440/550/1136 1410/550/1136 1409/550/1136
s 22
f 1413/550/1151 1415/550/1151 1414/550/1151
s 23
f 1415/550/1150 1417/550/1150 1416/550/1150
s 24
f 1417/550/1149 1419/550/1149 1418/550/1149
s 25
f 1419/550/1148 1421/550/1148 1420/550/1148
s 26
f 1421/550/1147 1423/550/1147 1422/550/1147
s 27
f 1423/550/1146 1425/550/1146 1424/550/1146
s 28
f 1425/550/1145 1427/550/1145 1426/550/1145
s 29
f 1427/550/1144 1429/550/1144 1428/550/1144
s 30
f 1429/550/1143 1431/550/1143 1430/550/1143
s 31
f 1431/550/1142 1433/550/1142 1432/550/1142
s 32
f 1433/550/1141 1435/550/1141 1434/550/1141
s 33
f 1435/550/1140 1437/550/1140 1436/550/1140
s 34
f 1437/550/1139 1439/550/1139 1438/550/1139
s 35
f 1439/550/1138 1440/550/1138 1411/550/1138
s 36
f 1410/550/1152 1440/550/1152 1439/550/1152
f 1439/550/1152 1437/550/1152 1435/550/1152
f 1435/550/1152 1433/550/1152 1431/550/1152
f 1431/550/1152 1429/550/1152 1427/550/1152
f 1427/550/1152 1425/550/1152 1423/550/1152
f 1423/550/1152 1421/550/1152 1419/550/1152
f 1419/550/1152 1417/550/1152 1415/550/1152
f 1415/550/1152 1413/550/1152 1410/550/1152
f 1410/550/1152 1439/550/1152 1435/550/1152
f 1435/550/1152 1431/550/1152 1427/550/1152
f 1427/550/1152 1423/550/1152 1419/550/1152
f 1419/550/1152 1415/550/1152 1410/550/1152
f 1410/550/1152 1435/550/1152 1427/550/1152
s 37
f 1445/550/1136 1442/550/1136 1441/550/1136
s 38
f 1442/550/1137 1472/550/1137 1443/550/1137
s 39
f 1447/550/1138 1445/550/1138 1444/550/1138
s 40
f 1449/550/1139 1447/550/1139 1446/550/1139
s 41
f 1451/550/1140 1449/550/1140 1448/550/1140
s 42
f 1453/550/1141 1451/550/1141 1450/550/1141
s 43
f 1455/550/1142 1453/550/1142 1452/550/1142
s 44
f 1456/550/1143 1457/550/1143 1455/550/1143
s 45
f 1459/550/1144 1457/550/1144 1456/550/1144
s 46
f 1461/550/1145 1459/550/1145 1458/550/1145
s 47
f 1463/550/1146 1461/550/1146 1460/550/1146
s 48
f 1465/550/1147 1463/550/1147 1462/550/1147
s 49
f 1467/550/1148 1465/550/1148 1464/550/1148
s 50
f 1469/550/1149 1467/550/1149 1466/550/1149
s 51
f 1471/550/1150 1469/550/1150 1468/550/1150
s 52
f 1472/550/1151 1471/550/1151 1470/550/1151
s 53
f 1442/550/1152 1445/550/1152 1447/550/1152
f 1447/550/1152 1449/550/1152 1451/550/1152
f 1451/550/1152 1453/550/1152 1455/550/1152
f 1455/550/1152 1457/550/1152 1459/550/1152
f 1459/550/1152 1461/550/1152 1463/550/1152
f 1463/550/1152 1465/550/1152 1467/550/1152
f 1467/550/1152 1469/550/1152 1471/550/1152
f 1471/550/1152 1472/550/1152 1442/550/1152
f 1442/550/1152 1447/550/1152 1451/550/1152
f 1451/550/1152 1455/550/1152 1459/550/1152
f 1459/550/1152 1463/550/1152 1467/550/1152
f 1467/550/1152 1471/550/1152 1442/550/1152
f 1442/550/1152 1451/550/1152 1459/550/1152
s 54
f 1477/550/1136 1474/550/1136 1473/550/1136
s 55
f 1474/550/1137 1504/550/1137 1475/550/1137
s 56
f 1479/550/1138 1477/550/1138 1476/550/1138
s 57
f 1481/550/1139 1479/550/1139 1478/550/1139
s 58
f 1483/550/1140 1481/550/1140 1480/550/1140
s 59
f 1485/550/1141 1483/550/1141 1482/550/1141
s 60
f 1487/550/1142 1485/550/1142 1484/550/1142
s 61
f 1489/550/1143 1487/550/1143 1486/550/1143
s 62
f 1491/550/1144 1489/550/1144 1488/550/1144
s 63
f 1492/550/1145 1493/550/1145 1491/550/1145
s 64
f 1495/550/1146 1493/550/1146 1492/550/1146
s 65
f 1497/550/1147 1495/550/1147 1494/550/1147
s 66
f 1498/550/1148 1499/550/1148 1497/550/1148
s 67
f 1501/550/1149 1499/550/1149 1498/550/1149
s 68
f 1503/550/1150 1501/550/1150 1500/550/1150
s 69
f 1504/550/1151 1503/550/1151 1502/550/1151
s 70
f 1474/550/1152 1477/550/1152 1479/550/1152
f 1479/550/1152 1481/550/1152 1483/550/1152
f 1483/550/1152 1485/550/1152 1487/550/1152
f 1487/550/1152 1489/550/1152 1491/550/1152
f 1491/550/1152 1493/550/1152 1495/550/1152
f 1495/550/1152 1497/550/1152 1499/550/1152
f 1499/550/1152 1501/550/1152 1503/550/1152
f 1503/550/1152 1504/550/1152 1474/550/1152
f 1474/550/1152 1479/550/1152 1483/550/1152
f 1483/550/1152 1487/550/1152 1491/550/1152
f 1491/550/1152 1495/550/1152 1499/550/1152
f 1499/550/1152 1503/550/1152 1474/550/1152
f 1474/550/1152 1483/550/1152 1491/550/1152
s 71
g Tire.002_playerColor_steel
usemtl playerColor_steel
f 1505/8/1153 1509/551/1154 1506/552/1155
f 1505/553/1153 1506/552/1155 1507/554/1156
f 1505/553/1153 1507/554/1156 1508/231/1157
f 1517/555/1158 1513/556/1159 1509/551/1154
f 1506/552/1155 1509/29/1154 1510/557/1160
f 1510/557/1160 1509/29/1154 1511/558/1161
f 1510/557/1160 1511/51/1161 1512/559/1162
f 1512/559/1162 1511/51/1161 1513/556/1159
f 1512/559/1162 1513/71/1159 1514/560/1163
f 1514/560/1163 1513/71/1159 1515/561/1164
f 1514/560/1163 1515/191/1164 1516/562/1165
f 1515/191/1164 1517/555/1158 1516/562/1165
f 1517/555/1158 1518/563/1166 1516/562/1165
f 1517/199/1158 1519/564/1167 1518/563/1166
f 1519/564/1167 1520/565/1168 1518/563/1166
f 1519/216/1167 1508/566/1157 1520/565/1168
f 1512/559/1162 1516/562/1165 1520/565/1168
f 1508/566/1157 1507/554/1156 1520/565/1168
s 72
f 1521/8/1153 1525/551/1154 1522/552/1155
f 1521/553/1153 1522/552/1155 1523/554/1156
f 1521/553/1153 1523/554/1156 1524/231/1157
f 1533/555/1158 1529/556/1159 1525/551/1154
f 1522/552/1155 1525/29/1154 1526/557/1160
f 1526/557/1160 1525/29/1154 1527/558/1161
f 1526/557/1160 1527/51/1161 1528/559/1162
f 1528/559/1162 1527/51/1161 1529/556/1159
f 1528/559/1162 1529/71/1159 1530/560/1163
f 1530/560/1163 1529/71/1159 1531/561/1164
f 1530/560/1163 1531/191/1164 1532/562/1165
f 1531/191/1164 1533/555/1158 1532/562/1165
f 1533/555/1158 1534/563/1166 1532/562/1165
f 1533/199/1158 1535/564/1167 1534/563/1166
f 1535/564/1167 1536/565/1169 1534/563/1166
f 1535/216/1167 1524/566/1157 1536/565/1169
f 1528/559/1162 1532/562/1165 1536/565/1169
f 1524/566/1157 1523/554/1156 1536/565/1169
s 73
f 1537/8/1153 1541/551/1154 1538/552/1155
f 1537/553/1153 1538/552/1155 1539/554/1156
f 1537/553/1153 1539/554/1156 1540/231/1157
f 1549/555/1158 1545/556/1159 1541/551/1154
f 1538/552/1155 1541/29/1154 1542/557/1160
f 1542/557/1160 1541/29/1154 1543/558/1161
f 1542/557/1160 1543/51/1161 1544/559/1162
f 1544/559/1162 1543/51/1161 1545/556/1159
f 1544/559/1162 1545/71/1159 1546/560/1163
f 1546/560/1163 1545/71/1159 1547/561/1164
f 1546/560/1163 1547/191/1164 1548/562/1165
f 1547/191/1164 1549/555/1158 1548/562/1165
f 1549/555/1158 1550/563/1166 1548/562/1165
f 1549/199/1158 1551/564/1167 1550/563/1166
f 1551/564/1167 1552/565/1168 1550/563/1166
f 1551/216/1167 1540/566/1157 1552/565/1168
f 1544/559/1162 1548/562/1165 1552/565/1168
f 1540/566/1157 1539/554/1156 1552/565/1168
s 74
f 1553/8/1153 1557/551/1154 1554/552/1155
f 1553/553/1153 1554/552/1155 1555/554/1156
f 1553/553/1153 1555/554/1156 1556/231/1157
f 1565/555/1158 1561/556/1159 1557/551/1154
f 1554/552/1155 1557/29/1154 1558/557/1160
f 1558/557/1160 1557/29/1154 1559/558/1161
f 1558/557/1160 1559/51/1161 1560/559/1162
f 1560/559/1162 1559/51/1161 1561/556/1159
f 1560/559/1162 1561/71/1159 1562/560/1163
f 1562/560/1163 1561/71/1159 1563/561/1164
f 1562/560/1163 1563/191/1164 1564/562/1165
f 1563/191/1164 1565/555/1158 1564/562/1165
f 1565/555/1158 1566/563/1166 1564/562/1165
f 1565/199/1158 1567/564/1167 1566/563/1166
f 1567/564/1167 1568/565/1168 1566/563/1166
f 1567/216/1167 1556/566/1157 1568/565/1168
f 1560/559/1162 1564/562/1165 1568/565/1168
f 1556/566/1157 1555/554/1156 1568/565/1168
s 75
f 1572/246/1170 1570/193/1171 1569/193/1172
f 1570/193/1171 1571/194/1173 1569/193/1172
f 1571/194/1173 1573/193/1174 1569/193/1172
f 1569/193/1172 1575/246/1175 1572/246/1170
f 1575/192/1175 1577/77/1176 1572/192/1170
f 1577/77/1176 1578/75/1177 1579/75/1178
f 1579/75/1178 1580/567/1179 1581/568/1180
f 1580/567/1179 1583/73/1181 1581/568/1180
f 1583/73/1181 1584/72/1182 1585/72/1183
f 1585/72/1183 1586/56/1184 1587/56/1185
f 1587/56/1185 1588/569/1186 1589/570/1187
f 1588/569/1186 1591/55/1188 1589/570/1187
f 1590/55/1189 1593/53/1190 1591/55/1188
f 1592/53/1191 1595/52/1192 1593/53/1190
f 1594/52/1193 1597/35/1194 1595/52/1192
f 1597/35/1194 1598/33/1195 1599/33/1196
f 1599/33/1196 1600/571/1197 1601/572/1198
f 1600/571/1197 1603/32/1199 1601/572/1198
f 1603/32/1199 1604/31/1200 1605/31/1201
f 1604/31/1200 1607/239/1202 1605/31/1201
f 1607/239/1202 1608/573/1203 1609/574/1204
f 1608/573/1203 1611/238/1205 1609/574/1204
f 1610/238/1206 1613/5/1207 1611/238/1205
f 1612/5/1208 1615/4/1209 1613/5/1207
f 1614/4/1210 1617/236/1211 1615/4/1209
f 1616/236/1212 1619/234/1213 1617/236/1211
f 1619/234/1213 1620/575/1214 1621/576/1215
f 1620/575/1214 1623/232/1216 1621/576/1215
f 1623/232/1216 1624/247/1217 1625/247/1218
f 1624/247/1217 1627/222/1219 1625/247/1218
f 1627/222/1219 1628/577/1220 1629/578/1221
f 1628/577/1220 1631/219/1222 1629/578/1221
f 1631/219/1222 1632/218/1223 1633/218/1224
f 1633/218/1224 1634/217/1225 1635/217/1226
f 1634/217/1225 1637/207/1227 1635/217/1226
f 1637/207/1227 1638/205/1228 1639/205/1229
f 1639/205/1229 1640/579/1230 1641/580/1231
f 1640/579/1230 1643/201/1232 1641/580/1231
f 1642/201/1233 1645/198/1234 1643/201/1232
f 1644/198/1235 1647/196/1236 1645/198/1234
f 1647/196/1236 1648/581/1237 1649/582/1238
f 1648/581/1237 1571/194/1173 1649/582/1238
f 1653/194/1239 1649/582/1238 1571/194/1173
f 1649/582/1238 1651/196/1240 1647/196/1236
f 1650/583/1241 2397/196/1242 1651/196/1240
f 1654/194/1243 1650/583/1241 1653/194/1239
f 1655/193/1244 1653/194/1239 1570/193/1171
f 1655/193/1244 1656/194/1245 1654/194/1243
f 1654/194/1243 1659/584/1246 1652/585/1247
f 1657/193/1248 1658/586/1249 1656/194/1245
f 1658/586/1249 1659/584/1246 1656/194/1245
f 1652/585/1247 1660/196/1250 2397/196/1242
f 1659/584/1246 1663/196/1251 1660/196/1250
f 2282/586/1252 1661/587/1253 1658/586/1249
f 1661/587/1253 1664/196/1254 1663/196/1251
f 1664/196/1254 1665/588/1255 1663/196/1251
f 1663/196/1251 1666/196/1256 1660/196/1250
f 1668/196/1257 1664/196/1254 1669/588/1258
f 1670/196/1259 1669/588/1258 1672/196/1260
f 1675/589/1261 1670/196/1259 1672/196/1260
f 1673/196/1262 1675/589/1261 1672/196/1260
f 1674/590/1263 1673/196/1262 1672/196/1260
f 2283/591/1264 1672/196/1260 1669/588/1258
f 1676/198/1265 1677/201/1266 1675/589/1261
f 1679/201/1267 1675/589/1261 1677/201/1266
f 1678/201/1268 1681/592/1269 1677/201/1266
f 1680/201/1270 1679/201/1267 1677/201/1266
f 1677/201/1266 1684/593/1271 1680/201/1270
f 1682/594/1272 1683/595/1273 1681/592/1269
f 1681/592/1269 1685/205/1274 1684/593/1271
f 1686/596/1275 1685/205/1274 1688/597/1276
f 1680/201/1270 1686/596/1275 1689/598/1277
f 1689/598/1277 1687/599/1278 1691/201/1279
f 1686/596/1275 1702/600/1280 1687/599/1278
f 1689/598/1277 2401/248/1281 1680/201/1270
f 1692/201/1282 1689/598/1277 1691/201/1279
f 1696/201/1283 1691/201/1279 1693/201/1284
f 1691/201/1279 1697/601/1285 1693/201/1284
f 1694/198/1286 1696/201/1283 1693/201/1284
f 2396/198/1287 1693/201/1284 1695/201/1288
f 1695/201/1288 1697/601/1285 1698/602/1289
f 1698/602/1289 1699/205/1290 1700/205/1291
f 1697/601/1285 1702/600/1280 1699/205/1290
f 1700/205/1291 1701/207/1292 2387/207/1293
f 1702/600/1280 1701/207/1292 1699/205/1290
f 1688/597/1276 1703/603/1294 1702/600/1280
f 1704/603/1295 1705/207/1296 1703/603/1294
f 1703/603/1294 1706/207/1297 1701/207/1292
f 1708/604/1298 1704/603/1295 1709/249/1299
f 1710/605/1300 1709/249/1299 1712/605/1301
f 1714/606/1302 1710/605/1300 1712/605/1301
f 1713/207/1303 1714/606/1302 1712/605/1301
f 2278/205/1304 1712/605/1301 1683/595/1273
f 1683/595/1273 1709/249/1299 1685/205/1274
f 1715/607/1305 1716/217/1306 1714/606/1302
f 1716/217/1306 1711/608/1307 1714/606/1302
f 1717/217/1308 1724/218/1309 1718/609/1310
f 1720/610/1311 1716/217/1306 1718/609/1310
f 1721/611/1312 1718/609/1310 1723/611/1313
f 1726/612/1314 1721/611/1312 1723/611/1313
f 1724/218/1309 1725/219/1315 1723/611/1313
f 1723/611/1313 1727/219/1316 1726/612/1314
f 1726/612/1314 1731/219/1317 1728/218/1318
f 1728/218/1318 1722/611/1319 1726/612/1314
f 2391/218/1320 1728/218/1318 1730/218/1321
f 1730/218/1321 1731/219/1317 1732/219/1322
f 1727/219/1316 1733/613/1323 1731/219/1317
f 1731/219/1317 1734/614/1324 1732/219/1322
f 1734/614/1324 1735/615/1325 2374/615/1326
f 1733/613/1323 1738/616/1327 1735/615/1325
f 1725/219/1315 1736/617/1328 1727/219/1316
f 1736/617/1328 1739/618/1329 1738/616/1327
f 1742/618/1330 1738/616/1327 1739/618/1329
f 1740/618/1331 1735/615/1325 1738/616/1327
f 1744/619/1332 1742/618/1330 1739/618/1329
f 1745/620/1333 1744/619/1332 1747/620/1334
f 1749/621/1335 1745/620/1333 1747/620/1334
f 1748/232/1336 1750/622/1337 1747/620/1334
f 2021/247/1338 1747/620/1334 1744/619/1332
f 1747/620/1334 1753/623/1339 1749/621/1335
f 1751/624/1340 1752/234/1341 1750/622/1337
f 1750/622/1337 1754/625/1342 1753/623/1339
f 1755/626/1343 1754/625/1342 1757/234/1344
f 1749/621/1335 1755/626/1343 1758/627/1345
f 1758/627/1345 1756/628/1346 1760/232/1347
f 1755/626/1343 1771/629/1348 1756/628/1346
f 1758/627/1345 1746/620/1349 1749/621/1335
f 1761/630/1350 1758/627/1345 1760/232/1347
f 1765/232/1351 1760/232/1347 1762/232/1352
f 1760/232/1347 1766/631/1353 1762/232/1352
f 1763/247/1354 1765/232/1351 1762/232/1352
f 2368/247/1355 1762/232/1352 1764/232/1356
f 1764/232/1356 1766/631/1353 1767/632/1357
f 1767/632/1357 1768/234/1358 1769/234/1359
f 1766/631/1353 1771/629/1348 1768/234/1358
f 1769/234/1359 1770/236/1360 2359/236/1361
f 1771/629/1348 1770/236/1360 1768/234/1358
f 1757/234/1344 1772/633/1362 1771/629/1348
f 1773/633/1363 1774/236/1364 1772/633/1362
f 1772/633/1362 1775/236/1365 1770/236/1360
f 1777/634/1366 1773/633/1363 1778/633/1367
f 1779/635/1368 1778/633/1367 1781/635/1369
f 1783/636/1370 1779/635/1368 1781/635/1369
f 1782/236/1371 1783/636/1370 1781/635/1369
f 1752/234/1341 1782/236/1371 1781/635/1369
f 1754/625/1342 1781/635/1369 1778/633/1367
f 1783/636/1370 1786/4/1372 1785/637/1373
f 1785/637/1373 1780/638/1374 1783/636/1370
f 1786/4/1372 1788/639/1375 1785/637/1373
f 1791/640/1376 1785/637/1373 1788/639/1375
f 1788/639/1375 2051/5/1377 1790/5/1378
f 1792/5/1379 1788/639/1375 1790/5/1378
f 1794/641/1380 1792/5/1379 1790/5/1378
f 1797/5/1381 1793/5/1382 1794/641/1380
f 1796/5/1383 1797/5/1381 1798/642/1384
f 1798/642/1384 1799/643/1385 1800/238/1386
f 1797/5/1381 1801/238/1387 1799/643/1385
f 1799/643/1385 1803/644/1388 1800/238/1386
f 1801/238/1387 1802/645/1389 1799/643/1385
f 1803/644/1388 1804/239/1390 2346/239/1391
f 1802/645/1389 1807/239/1392 1804/239/1390
f 1801/238/1387 1806/646/1393 1805/647/1394
f 1805/647/1394 1808/239/1395 1807/239/1392
f 1811/239/1396 1807/239/1392 1808/239/1395
f 1809/239/1397 1804/239/1390 1807/239/1392
f 1814/648/1398 1811/239/1396 1808/239/1395
f 1813/649/1399 1814/648/1398 1816/649/1400
f 1814/648/1398 1817/32/1401 1816/649/1400
f 1808/239/1395 1815/31/1402 1814/648/1398
f 1817/32/1401 1819/650/1403 1816/649/1400
f 1818/651/1404 1813/649/1399 1816/649/1400
f 1816/649/1400 1822/652/1405 1818/651/1404
f 1819/650/1403 2074/33/1406 1821/653/1407
f 1822/652/1405 1821/653/1407 1823/33/1408
f 1824/654/1409 1823/33/1408 1826/655/1410
f 1818/651/1404 1824/654/1409 1827/656/1411
f 1827/656/1411 1825/657/1412 1829/32/1413
f 1825/657/1412 1826/655/1410 1840/655/1414
f 1827/656/1411 2398/32/1415 1818/651/1404
f 1830/32/1416 1827/656/1411 1829/32/1413
f 1834/32/1417 1829/32/1413 1831/32/1418
f 1829/32/1413 1835/658/1419 1831/32/1418
f 1832/31/1420 1834/32/1417 1831/32/1418
f 1832/31/1420 1833/32/1421 2340/31/1422
f 1831/32/1418 1836/659/1423 1833/32/1421
f 1835/658/1419 1838/33/1424 1836/659/1423
f 1835/658/1419 1840/655/1414 1837/33/1425
f 1837/33/1425 2331/35/1426 1838/33/1424
f 1837/33/1425 1841/660/1427 1839/35/1428
f 1840/655/1414 1842/661/1429 1841/660/1427
f 1842/661/1429 1843/662/1430 1841/660/1427
f 1841/660/1427 1844/35/1431 1839/35/1428
f 1846/662/1432 1842/661/1429 1847/662/1433
f 1848/662/1434 1847/662/1433 1850/662/1435
f 1852/663/1436 1848/662/1434 1850/662/1435
f 1851/35/1437 1852/663/1436 1850/662/1435
f 1821/653/1407 1851/35/1437 1850/662/1435
f 1823/33/1408 1850/662/1435 1847/662/1433
f 1852/663/1436 1855/52/1438 1854/52/1439
f 1854/52/1439 1849/664/1440 1852/663/1436
f 1854/52/1439 1858/665/1441 1857/666/1442
f 1860/667/1443 1854/52/1439 1857/666/1442
f 1857/666/1442 1917/53/1444 1859/668/1445
f 1861/668/1446 1857/666/1442 1859/668/1445
f 1863/668/1447 1861/668/1446 1859/668/1445
f 1866/53/1448 1862/53/1449 1863/668/1447
f 1865/53/1450 1866/53/1448 1867/669/1451
f 1867/669/1451 1868/55/1452 1869/670/1453
f 1866/53/1448 1870/671/1454 1868/55/1452
f 1868/55/1452 1873/56/1455 1879/672/1456
f 1870/671/1454 1871/673/1457 1868/55/1452
f 1871/673/1457 1875/674/1458 1873/56/1455
f 1873/56/1455 1877/675/1459 1876/56/1460
f 1911/56/1461 1873/56/1455 1875/674/1458
f 1876/56/1460 1897/56/1462 1878/56/1463
f 1880/676/1464 1876/56/1460 1878/56/1463
f 1869/670/1453 1880/676/1464 1882/55/1465
f 1882/55/1465 1881/677/1466 1884/55/1467
f 1880/676/1464 1891/56/1468 1881/677/1466
f 1883/53/1469 1869/670/1453 1882/55/1465
f 1883/53/1469 1884/55/1467 1885/53/1470
f 1885/53/1470 1886/55/1471 1887/53/1472
f 1884/55/1467 1888/678/1473 1886/55/1471
f 1887/53/1472 1591/55/1188 1593/53/1190
f 1886/55/1471 1589/570/1187 1591/55/1188
f 1589/570/1187 1889/56/1474 1587/56/1185
f 1888/678/1473 1891/56/1468 1889/56/1474
f 1889/56/1474 1585/72/1183 1587/56/1185
f 1891/56/1468 1890/72/1475 1889/56/1474
f 1878/56/1463 1892/72/1476 1891/56/1468
f 1890/72/1475 1893/73/1477 2315/73/1478
f 1894/72/1479 1893/73/1477 1892/72/1476
f 1897/56/1462 1894/72/1479 1878/56/1463
f 1894/72/1479 1898/73/1480 1895/73/1481
f 1898/73/1480 1900/679/1482 1895/73/1481
f 1899/73/1483 1902/73/1484 1900/679/1482
f 1902/73/1484 1903/73/1485 1904/73/1486
f 1904/73/1486 1905/73/1487 1906/73/1488
f 1905/73/1487 1908/72/1489 1906/73/1488
f 1908/72/1489 1909/56/1490 1910/56/1491
f 1909/56/1490 1875/674/1458 1910/56/1491
f 1910/56/1491 1931/72/1492 1908/72/1489
f 1913/680/1493 1912/56/1494 1910/56/1491
f 1872/681/1495 1910/56/1491 1875/674/1458
f 1915/244/1496 1914/682/1497 1913/680/1493
f 1870/671/1454 1913/680/1493 1872/681/1495
f 1859/668/1445 1916/55/1498 1915/244/1496
f 1863/668/1447 1915/244/1496 1870/671/1454
f 1917/53/1444 1918/55/1499 1916/55/1498
f 1916/55/1498 1921/683/1500 1914/682/1497
f 2241/684/1501 1918/55/1499 1919/53/1502
f 1918/55/1499 1923/685/1503 1921/683/1500
f 1914/682/1497 1922/56/1504 1912/56/1494
f 1921/683/1500 1925/686/1505 1922/56/1504
f 2238/687/1506 1923/685/1503 1920/688/1507
f 1923/685/1503 1926/689/1508 1925/686/1505
f 1926/689/1508 1927/690/1509 1925/686/1505
f 1922/56/1504 1927/690/1509 1930/72/1510
f 1927/690/1509 2269/691/1511 1929/692/1512
f 1930/72/1510 1929/692/1512 1932/73/1513
f 1922/56/1504 1931/72/1492 1912/56/1494
f 1930/72/1510 1933/73/1514 1931/72/1492
f 1932/73/1513 1935/693/1515 1933/73/1514
f 1929/692/1512 1934/694/1516 1932/73/1513
f 1934/694/1516 2326/75/1517 1935/693/1515
f 1937/695/1518 1936/75/1519 1934/694/1516
f 2269/691/1511 1937/695/1518 1929/692/1512
f 1937/695/1518 1940/696/1520 1939/697/1521
f 1939/697/1521 1943/698/1522 1941/699/1523
f 1936/75/1519 1941/699/1523 1942/77/1524
f 1963/700/1525 1941/699/1523 1944/701/1526
f 1945/702/1527 1944/701/1526 1943/698/1522
f 1947/75/1528 1943/698/1522 1940/696/1520
f 2139/703/1529 1949/704/1530 1948/705/1526
f 2220/75/1531 1945/702/1527 1947/75/1528
f 1944/701/1526 1949/704/1530 1951/706/1532
f 1950/246/1533 1952/707/1534 1949/708/1530
f 1949/708/1530 1955/709/1535 1951/710/1532
f 1952/707/1534 2144/193/1536 1954/711/1537
f 1955/709/1535 1954/711/1537 1956/712/1538
f 1957/713/1539 1956/712/1538 1958/714/1540
f 1951/710/1532 1957/713/1539 1960/715/1541
f 1959/716/1542 1958/714/1540 1972/193/1543
f 1960/715/1541 1959/716/1542 1962/246/1544
f 1961/717/1545 1951/706/1532 1960/718/1541
f 1963/700/1525 1960/718/1541 1962/192/1544
f 1965/719/1546 1962/192/1544 1964/192/1547
f 1959/716/1542 1969/193/1548 1967/720/1549
f 2293/721/1550 1964/192/1547 1966/192/1551
f 1964/246/1547 1968/722/1552 1966/246/1551
f 1968/722/1552 1969/193/1548 1970/193/1553
f 1969/193/1548 2279/194/1554 1970/193/1553
f 1969/193/1548 1973/194/1555 1971/194/1556
f 1958/714/1540 1973/194/1555 1972/193/1543
f 1971/194/1556 1975/723/1557 1976/724/1558
f 1973/194/1555 1978/725/1559 1975/723/1557
f 1976/724/1558 1977/196/1560 1673/196/1262
f 1975/723/1557 1980/726/1561 1977/196/1560
f 2217/727/1562 1978/725/1559 1974/728/1563
f 1978/725/1559 1981/729/1564 1980/726/1561
f 1981/729/1564 1982/730/1565 1980/726/1561
f 1977/196/1560 1982/730/1565 1985/198/1566
f 1982/730/1565 2213/731/1567 1984/732/1568
f 1982/730/1565 1986/201/1569 1985/198/1566
f 1977/196/1560 1676/198/1265 1673/196/1262
f 1985/198/1566 1678/201/1268 1676/198/1265
f 1986/201/1569 1682/594/1272 1678/201/1268
f 1984/732/1568 1987/733/1570 1986/201/1569
f 1987/733/1570 2278/205/1304 1682/594/1272
f 1989/734/1571 1988/205/1572 1987/733/1570
f 2213/731/1567 1989/734/1571 1984/732/1568
f 1989/734/1571 1992/735/1573 1991/736/1574
f 1991/736/1574 1994/737/1575 1993/738/1576
f 1988/205/1572 1993/738/1576 1996/207/1577
f 1994/737/1575 2001/217/1578 1995/739/1579
f 1993/738/1576 1997/740/1580 1996/207/1577
f 1988/205/1572 1713/207/1303 2278/205/1304
f 1996/207/1577 1715/607/1305 1713/207/1303
f 1715/607/1305 1998/217/1581 1717/217/1308
f 1997/740/1580 2000/217/1578 1998/217/1581
f 1998/217/1581 2007/218/1582 2399/741/1583
f 2000/217/1578 1999/742/1584 1998/217/1581
f 2001/217/1578 2002/743/1585 2000/217/1578
f 2002/743/1585 2005/744/1586 2004/745/1587
f 1999/742/1584 2004/745/1587 2007/218/1582
f 2005/744/1586 2006/746/1588 2004/745/1587
f 2004/745/1587 2008/219/1589 2007/218/1582
f 1724/218/1309 2008/219/1589 2009/219/1590
f 2009/219/1590 2010/747/1591 2011/748/1592
f 2008/219/1589 2013/749/1593 2010/747/1591
f 2011/748/1592 2012/222/1594 2277/222/1595
f 2010/747/1591 2015/750/1596 2012/222/1594
f 2203/751/1597 2013/749/1593 2006/746/1588
f 2013/749/1593 2016/752/1598 2015/750/1596
f 2015/750/1596 2018/753/1599 2017/753/1600
f 2015/750/1596 2020/247/1601 2012/222/1594
f 2018/753/1599 2019/754/1602 2017/753/1600
f 2017/753/1600 2022/232/1603 2020/247/1601
f 2012/222/1594 2021/247/1338 2277/222/1595
f 2021/247/1338 2022/232/1603 1748/232/1336
f 2022/232/1603 1751/624/1340 1748/232/1336
f 2019/754/1602 2023/755/1604 2022/232/1603
f 2023/755/1604 2276/234/1605 1751/624/1340
f 2025/756/1606 2024/234/1607 2023/755/1604
f 2198/757/1608 2025/756/1606 2019/754/1602
f 2025/756/1606 2028/758/1609 2027/759/1610
f 2027/759/1610 2031/760/1611 2029/761/1612
f 2024/234/1607 2029/761/1612 2030/236/1613
f 2048/762/1614 2029/761/1612 2033/763/1615
f 2032/764/1616 2033/763/1615 2031/760/1611
f 2194/234/1617 2031/760/1611 2028/758/1609
f 2033/763/1615 2037/765/1618 2039/766/1618
f 2188/236/1619 2035/767/1615 2032/764/1616
f 2035/767/1615 2038/4/1620 2037/765/1618
f 2038/4/1620 2040/768/1621 2037/765/1618
f 2037/765/1618 2043/769/1621 2039/766/1618
f 2040/768/1621 2097/5/1622 2042/770/1623
f 2043/769/1621 2042/770/1623 2044/771/1624
f 2045/772/1621 2053/773/1625 2049/774/1626
f 2039/766/1618 2045/772/1621 2046/775/1618
f 2048/762/1614 2046/775/1618 2047/4/1627
f 1784/776/1628 2047/4/1627 1786/4/1372
f 2047/4/1627 1789/777/1629 1786/4/1372
f 1789/777/1629 2050/5/1630 2051/5/1377
f 2051/5/1377 2052/238/1631 2274/238/1632
f 2053/773/1625 2052/238/1631 2050/5/1630
f 2044/771/1624 2054/778/1633 2053/773/1625
f 2055/779/1634 2056/780/1635 2054/778/1633
f 2052/238/1631 2056/780/1635 2059/781/1636
f 2056/780/1635 2093/782/1637 2058/783/1638
f 2059/781/1636 2058/783/1638 2061/239/1639
f 2274/238/1632 2059/781/1636 2060/784/1640
f 2060/784/1640 2061/239/1639 2062/239/1641
f 2062/239/1641 2063/31/1642 1815/31/1402
f 2058/783/1638 2063/31/1642 2061/239/1639
f 1815/31/1402 2064/32/1643 1817/32/1401
f 2065/31/1644 2064/32/1643 2063/31/1642
f 2066/31/1645 2067/785/1646 2065/31/1644
f 2093/782/1637 2065/31/1644 2058/783/1638
f 2068/786/1647 2069/787/1648 2067/785/1646
f 2067/785/1646 2072/788/1649 2064/32/1643
f 2069/787/1648 2081/789/1650 2071/790/1651
f 2069/787/1648 2073/33/1652 2072/788/1649
f 2064/32/1643 1820/791/1653 1817/32/1401
f 2072/788/1649 2074/33/1406 1820/791/1653
f 2073/33/1652 1851/35/1437 2074/33/1406
f 2073/33/1652 2077/792/1654 2075/35/1655
f 2075/35/1655 1853/793/1656 1851/35/1437
f 2246/794/1657 2075/35/1655 2078/795/1658
f 2071/790/1651 2078/795/1658 2077/792/1654
f 2080/796/1659 2079/797/1657 2078/795/1658
f 2082/653/1660 2078/795/1658 2081/789/1650
f 2070/798/1661 2082/653/1660 2081/789/1650
f 2083/33/1662 2080/796/1659 2082/653/1660
f 2084/799/1663 2083/33/1662 2082/653/1660
f 2087/32/1664 2084/799/1663 2086/32/1665
f 2086/32/1665 2070/798/1661 2068/786/1647
f 2088/31/1666 2087/32/1664 2086/32/1665
f 2088/31/1666 2068/786/1647 2066/31/1645
f 2090/239/1667 2089/31/1668 2088/31/1666
f 2090/239/1667 2066/31/1645 2093/782/1637
f 2092/800/1669 2091/239/1670 2090/239/1667
f 2057/801/1671 2090/239/1667 2093/782/1637
f 2096/238/1672 2092/800/1669 2095/238/1673
f 2095/238/1673 2057/801/1671 2055/779/1634
f 2042/770/1623 2096/238/1672 2095/238/1673
f 2044/771/1624 2095/238/1673 2055/779/1634
f 2097/5/1622 2098/238/1674 2096/238/1672
f 2098/238/1674 2094/802/1675 2096/238/1672
f 2124/5/1676 2098/238/1674 2099/5/1677
f 2100/238/1678 2101/803/1679 2098/238/1674
f 2094/802/1675 2102/239/1680 2091/239/1670
f 2101/803/1679 2104/239/1681 2102/239/1680
f 2106/804/1682 2103/805/1683 2100/238/1678
f 2102/239/1680 2105/31/1684 2266/31/1685
f 2104/239/1681 2106/804/1682 2105/31/1684
f 2106/804/1682 2137/806/1686 2135/77/1687
f 2106/804/1682 2143/807/1688 2107/192/1689
f 2108/193/1690 2106/804/1682 2109/194/1691
f 2106/804/1682 2273/808/1692 2109/194/1691
f 2110/196/1693 2106/804/1682 2111/198/1694
f 2111/198/1694 2106/804/1682 2112/201/1695
f 2106/804/1682 2158/809/1696 2112/201/1695
f 2113/205/1697 2106/804/1682 2114/207/1698
f 2106/804/1682 2272/810/1699 2114/207/1698
f 2106/804/1682 2169/811/1700 2115/217/1701
f 2116/218/1702 2106/804/1682 2117/219/1703
f 2106/804/1682 2176/812/1704 2117/219/1703
f 2118/222/1705 2106/804/1682 2119/247/1706
f 2119/247/1706 2106/804/1682 2120/232/1707
f 2106/804/1682 2185/813/1708 2120/232/1707
f 2121/234/1709 2106/804/1682 2122/236/1710
f 2106/804/1682 2191/814/1711 2122/236/1710
f 2106/804/1682 2193/815/1712 2123/4/1713
f 2124/5/1676 2106/804/1682 2100/238/1678
f 2105/31/1684 2106/804/1682 2125/32/1714
f 2106/804/1682 2264/816/1715 2125/32/1714
f 2126/33/1716 2106/804/1682 2127/35/1717
f 2106/804/1682 2259/817/1718 2127/35/1717
f 2106/804/1682 2271/818/1719 2128/52/1720
f 2129/53/1721 2106/804/1682 2130/55/1722
f 2106/804/1682 2268/819/1723 2130/55/1722
f 2131/56/1724 2106/804/1682 2132/72/1725
f 2132/72/1725 2106/804/1682 2133/73/1726
f 2106/804/1682 2270/820/1727 2133/73/1726
f 2134/75/1728 2106/804/1682 2135/77/1687
f 2218/75/1729 2135/77/1687 2136/77/1730
f 2135/77/1687 2138/821/1731 2136/77/1730
f 2138/821/1731 2107/192/1689 2140/192/1732
f 2136/77/1730 2139/703/1529 1946/77/1733
f 2139/703/1529 2140/192/1732 1950/192/1533
f 2140/246/1732 1953/822/1734 1950/246/1533
f 2107/246/1689 2141/823/1735 2140/246/1732
f 1953/822/1734 2142/193/1736 2144/193/1536
f 2141/823/1735 2108/193/1690 2142/193/1736
f 2144/193/1536 2145/194/1737 2146/194/1738
f 2108/193/1690 2145/194/1737 2142/193/1736
f 2145/194/1737 2148/824/1739 2146/194/1738
f 2273/808/1692 2149/196/1740 2147/825/1741
f 2148/824/1739 2149/196/1740 2150/196/1742
f 2149/196/1740 2152/198/1743 2150/196/1742
f 2110/196/1693 2151/198/1744 2149/196/1740
f 2152/198/1743 2153/201/1745 2154/201/1746
f 2111/198/1694 2153/201/1745 2151/198/1744
f 2153/201/1745 2156/826/1747 2154/201/1746
f 2112/201/1695 2155/827/1748 2153/201/1745
f 2156/826/1747 2157/205/1749 2159/205/1750
f 2155/827/1748 2113/205/1697 2157/205/1749
f 2157/205/1749 2161/207/1751 2159/205/1750
f 2113/205/1697 2160/207/1752 2157/205/1749
f 2160/207/1752 2163/828/1753 2161/207/1751
f 2114/207/1698 2115/217/1701 2162/829/1754
f 2163/828/1753 2164/217/1755 2165/217/1756
f 2164/217/1755 2167/830/1757 2165/217/1756
f 2115/217/1701 2166/831/1758 2164/217/1755
f 2167/830/1757 2168/218/1759 2170/218/1760
f 2166/831/1758 2116/218/1702 2168/218/1759
f 2168/218/1759 2172/219/1761 2170/218/1760
f 2116/218/1702 2171/219/1762 2168/218/1759
f 2171/219/1762 2174/832/1763 2172/219/1761
f 2117/219/1703 2173/833/1764 2171/219/1762
f 2174/832/1763 2175/222/1765 2177/222/1766
f 2173/833/1764 2118/222/1705 2175/222/1765
f 2175/222/1765 2179/247/1767 2177/222/1766
f 2118/222/1705 2178/247/1768 2175/222/1765
f 2178/247/1768 2181/232/1769 2179/247/1767
f 2119/247/1706 2180/232/1770 2178/247/1768
f 2180/232/1770 2183/834/1771 2181/232/1769
f 2120/232/1707 2182/835/1772 2180/232/1770
f 2183/834/1771 2184/234/1773 2186/234/1774
f 2182/835/1772 2121/234/1709 2184/234/1773
f 2186/234/1774 2187/236/1775 2188/236/1619
f 2121/234/1709 2187/236/1775 2184/234/1773
f 2187/236/1775 2036/836/1776 2188/236/1619
f 2122/236/1710 2189/837/1777 2187/236/1775
f 2036/836/1776 2190/4/1778 2038/4/1620
f 2189/837/1777 2123/4/1713 2190/4/1778
f 2190/4/1778 2041/838/1779 2038/4/1620
f 2123/4/1713 2192/839/1780 2190/4/1778
f 2041/838/1779 2099/5/1677 2097/5/1622
f 2192/839/1780 2124/5/1676 2099/5/1677
f 2186/234/1774 2032/764/1616 2194/234/1617
f 2195/840/1781 2186/234/1774 2194/234/1617
f 2026/841/1782 2194/234/1617 2028/758/1609
f 2181/232/1769 2195/840/1781 2196/232/1783
f 2196/232/1783 2026/841/1782 2198/757/1608
f 2179/247/1767 2196/232/1783 2197/842/1784
f 2197/842/1784 2198/757/1608 2018/753/1599
f 2177/222/1766 2197/842/1784 2199/222/1785
f 2199/222/1785 2018/753/1599 2016/752/1598
f 2200/843/1786 2177/222/1766 2199/222/1785
f 2014/844/1787 2199/222/1785 2016/752/1598
f 2172/219/1761 2200/843/1786 2201/845/1788
f 2201/845/1788 2014/844/1787 2203/751/1597
f 2202/846/1789 2172/219/1761 2201/845/1788
f 2005/744/1586 2201/845/1788 2203/751/1597
f 2204/847/1585 2170/218/1760 2202/846/1789
f 2003/848/1585 2202/846/1789 2005/744/1586
f 2165/217/1756 2204/847/1585 2205/217/1578
f 2205/217/1578 2003/848/1585 2001/217/1578
f 2206/849/1579 2165/217/1756 2205/217/1578
f 2207/850/1790 2205/217/1578 2001/217/1578
f 2161/207/1751 2206/849/1579 2208/207/1791
f 2208/207/1791 2207/850/1790 1994/737/1575
f 2159/205/1750 2208/207/1791 2209/851/1792
f 2209/851/1792 1994/737/1575 1992/735/1573
f 2210/852/1793 2159/205/1750 2209/851/1792
f 1990/853/1794 2209/851/1792 1992/735/1573
f 2154/201/1746 2210/852/1793 2211/201/1795
f 2211/201/1795 1990/853/1794 2213/731/1567
f 2152/198/1743 2211/201/1795 2212/198/1796
f 1983/854/1797 2211/201/1795 2213/731/1567
f 2150/196/1742 2212/198/1796 2214/855/1798
f 1981/729/1564 2212/198/1796 1983/854/1797
f 2215/856/1799 2150/196/1742 2214/855/1798
f 1979/857/1800 2214/855/1798 1981/729/1564
f 2146/194/1738 2215/856/1799 2216/194/1801
f 2216/194/1801 1979/857/1800 2217/727/1562
f 1954/711/1537 2146/194/1738 2216/194/1801
f 1956/712/1538 2216/194/1801 2217/727/1562
f 1958/714/1540 2217/727/1562 1974/728/1563
f 2218/75/1729 1946/77/1733 2220/75/1531
f 2219/858/1802 2134/75/1728 2218/75/1729
f 2221/859/1803 2218/75/1729 2220/75/1531
f 2222/860/1804 2220/75/1531 1947/75/1528
f 2223/73/1805 2222/860/1804 2225/73/1806
f 2226/73/1807 2221/859/1803 2223/73/1805
f 2224/72/1808 2226/73/1807 2223/73/1805
f 2224/72/1808 2225/73/1806 2234/72/1809
f 2227/72/1810 2133/73/1726 2226/73/1807
f 2133/73/1726 2219/858/1802 2226/73/1807
f 2131/56/1724 2227/72/1810 2228/56/1811
f 2230/56/1812 2227/72/1810 2224/72/1808
f 2229/861/1813 2131/56/1724 2228/56/1811
f 2231/862/1814 2228/56/1811 2230/56/1812
f 2233/863/1815 2230/56/1812 2232/56/1816
f 2230/56/1812 2234/72/1809 2232/56/1816
f 1924/864/1817 2232/56/1816 1926/689/1508
f 1926/689/1508 2234/72/1809 1928/865/1818
f 1928/865/1818 2225/73/1806 2269/691/1511
f 2236/55/1819 2233/863/1815 2235/866/1820
f 2235/866/1820 1924/864/1817 2238/687/1506
f 2237/668/1821 2236/55/1819 2235/866/1820
f 2239/867/1822 2235/866/1820 2238/687/1506
f 2239/867/1822 1920/688/1507 2241/684/1501
f 2240/868/1823 2237/668/1821 2239/867/1822
f 2242/869/1823 2239/867/1822 2241/684/1501
f 2243/870/1824 2241/684/1501 1919/53/1502
f 2245/871/1825 2242/869/1823 2244/872/1825
f 2244/872/1825 2243/870/1824 2247/52/1826
f 2246/794/1657 2245/871/1825 2244/872/1825
f 2076/873/1827 2244/872/1825 2247/52/1826
f 1853/793/1656 2247/52/1826 1855/52/1438
f 2247/52/1826 1858/665/1441 1855/52/1438
f 2248/874/1825 2240/868/1823 2245/871/1825
f 2079/797/1657 2248/874/1825 2245/871/1825
f 2249/52/1828 2251/875/1823 2248/874/1825
f 2250/876/1657 2249/52/1828 2248/874/1825
f 2251/875/1823 2253/53/1829 2237/668/1821
f 2252/877/1830 2255/53/1831 2253/53/1829
f 2256/52/1832 2252/877/1830 2249/52/1828
f 2128/52/1720 2129/53/1721 2254/878/1833
f 2257/879/1834 2128/52/1720 2256/52/1832
f 2258/880/1835 2256/52/1832 2249/52/1828
f 2260/35/1836 2258/880/1835 2262/35/1837
f 2127/35/1717 2257/879/1834 2260/35/1836
f 2261/33/1838 2127/35/1717 2260/35/1836
f 2083/33/1662 2260/35/1836 2262/35/1837
f 2262/35/1837 2250/876/1657 2080/796/1659
f 2263/881/1839 2126/33/1716 2261/33/1838
f 2085/882/1840 2261/33/1838 2083/33/1662
f 2265/32/1841 2085/882/1840 2087/32/1664
f 2125/32/1714 2263/881/1839 2265/32/1841
f 2266/31/1685 2125/32/1714 2265/32/1841
f 2266/31/1685 2087/32/1664 2089/31/1668
f 2091/239/1670 2266/31/1685 2089/31/1668
f 2255/53/1831 2236/55/1819 2253/53/1829
f 2255/53/1831 2130/55/1722 2267/55/1842
f 2267/55/1842 2231/862/1814 2236/55/1819
f 2130/55/1722 2229/861/1813 2267/55/1842
f 1858/665/1441 1919/53/1502 1917/53/1444
f 2225/73/1806 1938/883/1843 2269/691/1511
f 1938/883/1843 1947/75/1528 1940/696/1520
f 1806/646/1393 2062/239/1641 1808/239/1395
f 2275/238/1844 2060/784/1640 1806/646/1393
f 2051/5/1377 2275/238/1844 1790/5/1378
f 1790/5/1378 1801/238/1387 1794/641/1380
f 2030/236/1613 1784/776/1628 1782/236/1371
f 2024/234/1607 1782/236/1371 2276/234/1605
f 2277/222/1595 1744/619/1332 1739/618/1329
f 1737/884/1845 2277/222/1595 1739/618/1329
f 2009/219/1590 1737/884/1845 1725/219/1315
f 2279/194/1554 1976/724/1558 1674/590/1263
f 1970/193/1553 2280/885/1846 2281/193/1847
f 2279/194/1554 2283/591/1264 2280/885/1846
f 2281/193/1847 2282/586/1252 2284/193/1848
f 2280/885/1846 1662/886/1849 2282/586/1252
f 1662/886/1849 1669/588/1258 1664/196/1254
f 2284/193/1848 1658/586/1249 2285/193/1850
f 2287/193/1851 2284/193/1848 2285/193/1850
f 2284/193/1848 2288/193/1852 2281/193/1847
f 2281/193/1847 2289/193/1853 1970/193/1553
f 2289/193/1853 1968/722/1552 1970/193/1553
f 2290/887/1854 1966/246/1551 1968/722/1552
f 1966/192/1551 2292/888/1855 2293/721/1550
f 2293/721/1550 2294/77/1856 2295/77/1857
f 2294/77/1856 2297/889/1858 2295/77/1857
f 2296/702/1859 2299/702/1860 2297/889/1858
f 2299/702/1860 2300/890/1861 2301/891/1862
f 2301/891/1862 2302/77/1863 2303/77/1864
f 2302/77/1863 2305/192/1865 2303/77/1864
f 2305/246/1865 2306/193/1866 1657/193/1248
f 2306/193/1866 2285/193/1850 1657/193/1248
f 2303/77/1864 2307/192/1867 2309/77/1868
f 2307/246/1867 1657/193/1248 1655/193/1244
f 2311/77/1869 2307/192/1867 2308/192/1870
f 2307/246/1867 1570/193/1171 2308/246/1870
f 2317/75/1871 2309/77/1868 2310/75/1872
f 2312/75/1873 2309/77/1868 2311/77/1869
f 1579/75/1178 2311/77/1869 1577/77/1176
f 2311/77/1869 1572/192/1170 1577/77/1176
f 2313/892/1874 1579/75/1178 1581/568/1180
f 2313/892/1874 2310/75/1872 2312/75/1873
f 1893/73/1477 2313/892/1874 2315/73/1478
f 1890/72/1475 1583/73/1181 1585/72/1183
f 2316/893/1875 2310/75/1872 2314/894/1876
f 1895/73/1481 2314/894/1876 1893/73/1477
f 2316/893/1875 2320/75/1877 2317/75/1871
f 1900/679/1482 2316/893/1875 1895/73/1481
f 1902/73/1484 2318/895/1878 1900/679/1482
f 2318/895/1878 2321/75/1879 2320/75/1877
f 2320/75/1877 2299/702/1860 2301/891/1862
f 2320/75/1877 2303/77/1864 2317/75/1871
f 2321/75/1879 2297/889/1858 2299/702/1860
f 2319/896/1880 2322/75/1881 2321/75/1879
f 2324/897/1882 2323/75/1883 2322/75/1881
f 2322/75/1881 2295/77/1857 2297/889/1858
f 1906/73/1488 2324/897/1882 1904/73/1486
f 1904/73/1486 2319/896/1880 1902/73/1484
f 1933/73/1514 2325/898/1884 1906/73/1488
f 1935/693/1515 2323/75/1883 2325/898/1884
f 2323/75/1883 2327/77/1885 2295/77/1857
f 1936/75/1519 2327/77/1885 2326/75/1517
f 2327/77/1885 2293/721/1550 2295/77/1857
f 1942/77/1524 1965/719/1546 2327/77/1885
f 1908/72/1489 1933/73/1514 1906/73/1488
f 2328/52/1886 1885/53/1470 1887/53/1472
f 1595/52/1192 1887/53/1472 1593/53/1190
f 2331/35/1426 2328/52/1886 2329/35/1887
f 2329/35/1887 1595/52/1192 1597/35/1194
f 1839/35/1428 2330/52/1888 2331/35/1426
f 2332/52/1889 1885/53/1470 2330/52/1888
f 1844/35/1431 2332/52/1889 1839/35/1428
f 2332/52/1889 2334/53/1890 1883/53/1469
f 2334/53/1890 1867/669/1451 1883/53/1469
f 2335/33/1891 2331/35/1426 2329/35/1887
f 2335/33/1891 1597/35/1194 1599/33/1196
f 2336/899/1892 1838/33/1424 2335/33/1891
f 1601/572/1198 2335/33/1891 1599/33/1196
f 2337/32/1893 1601/572/1198 1603/32/1199
f 1833/32/1421 2336/899/1892 2337/32/1893
f 2338/31/1894 1833/32/1421 2337/32/1893
f 2338/31/1894 1603/32/1199 1605/31/1201
f 2341/239/1895 2338/31/1894 2339/239/1896
f 1607/239/1202 2338/31/1894 1605/31/1201
f 2343/239/1897 2340/31/1422 2341/239/1895
f 2344/900/1898 2341/239/1895 2342/901/1899
f 2355/902/1900 2341/239/1895 2339/239/1896
f 2344/900/1898 2346/239/1391 2343/239/1897
f 2345/239/1901 1832/31/1420 2343/239/1897
f 2346/239/1391 2345/239/1901 2343/239/1897
f 1804/239/1390 2347/239/1902 2346/239/1391
f 2349/238/1903 2342/901/1899 2351/238/1904
f 1800/238/1386 2344/900/1898 2349/238/1903
f 2350/5/1905 1800/238/1386 2349/238/1903
f 2350/5/1905 2351/238/1904 2352/5/1906
f 2354/5/1907 2351/238/1904 2353/238/1908
f 2351/238/1904 2355/902/1900 2353/238/1908
f 2354/5/1907 1611/238/1205 1613/5/1207
f 2353/238/1908 1609/574/1204 1611/238/1205
f 1609/574/1204 2339/239/1896 1607/239/1202
f 1615/4/1209 2354/5/1907 1613/5/1207
f 2356/4/1909 2352/5/1906 2354/5/1907
f 2359/236/1361 2356/4/1909 2357/236/1910
f 2357/236/1910 1615/4/1209 1617/236/1211
f 1770/236/1360 2358/4/1911 2359/236/1361
f 2358/4/1911 2350/5/1905 2352/5/1906
f 1775/236/1365 2360/4/1912 1770/236/1360
f 2360/4/1912 2362/5/1913 2350/5/1905
f 2362/5/1913 1798/642/1384 2350/5/1905
f 1769/234/1359 2357/236/1910 2363/234/1914
f 1619/234/1213 2357/236/1910 1617/236/1211
f 2364/903/1915 1769/234/1359 2363/234/1914
f 1621/576/1215 2363/234/1914 1619/234/1213
f 2365/232/1916 1621/576/1215 1623/232/1216
f 1764/232/1356 2364/903/1915 2365/232/1916
f 2366/247/1917 1764/232/1356 2365/232/1916
f 2366/247/1917 1623/232/1216 1625/247/1218
f 2367/222/1918 2368/247/1355 2366/247/1917
f 2367/222/1918 1625/247/1218 1627/222/1219
f 2369/222/1919 1763/247/1354 2368/247/1355
f 2370/904/1920 2371/222/1921 2369/222/1919
f 2383/905/1922 2369/222/1919 2367/222/1918
f 2372/906/1923 2374/615/1326 2371/222/1921
f 2373/222/1924 1763/247/1354 2371/222/1921
f 2374/615/1326 2373/222/1924 2371/222/1921
f 1735/615/1325 2375/618/1925 2374/615/1326
f 2379/219/1926 2372/906/1923 2370/904/1920
f 1732/219/1322 2372/906/1923 2377/219/1927
f 2380/218/1928 2377/219/1927 2379/219/1926
f 2382/218/1929 2379/219/1926 2381/219/1930
f 2379/219/1926 2383/905/1922 2381/219/1930
f 2382/218/1929 1631/219/1222 1633/218/1224
f 2381/219/1930 1629/578/1221 1631/219/1222
f 1629/578/1221 2367/222/1918 1627/222/1219
f 2384/217/1931 2380/218/1928 2382/218/1929
f 2384/217/1931 1633/218/1224 1635/217/1226
f 2387/207/1293 2384/217/1931 2385/207/1932
f 2385/207/1932 1635/217/1226 1637/207/1227
f 2387/207/1293 2388/217/1933 2386/217/1934
f 2386/217/1934 2378/218/1935 2380/218/1928
f 1706/207/1297 2388/217/1933 1701/207/1292
f 2388/217/1933 2390/218/1936 2378/218/1935
f 2390/218/1936 1730/218/1321 2378/218/1935
f 1700/205/1291 2385/207/1932 2392/205/1937
f 1639/205/1229 2385/207/1932 1637/207/1227
f 2394/201/1938 2392/205/1937 1641/580/1231
f 2393/907/1939 1700/205/1291 2392/205/1937
f 1695/201/1288 2393/907/1939 2394/201/1938
f 2396/198/1287 2394/201/1938 2395/198/1940
f 2395/198/1940 1643/201/1232 1645/198/1234
f 1651/196/1240 2396/198/1287 2395/198/1940
f 1651/196/1240 1645/198/1234 1647/196/1236
f 2397/196/1242 1694/198/1286 2396/198/1287
f 1826/655/1410 1847/662/1433 1842/661/1429
f 1754/625/1342 1773/633/1363 1757/234/1344
f 1685/205/1274 1704/603/1295 1688/597/1276
f 1666/196/1256 1694/198/1286 1660/196/1250
s 71
f 1509/551/1154 1505/553/1153 1508/566/1157
f 1508/566/1157 1519/564/1167 1517/555/1158
f 1517/555/1158 1515/561/1164 1513/556/1159
f 1513/556/1159 1511/558/1161 1509/551/1154
f 1509/551/1154 1508/566/1157 1517/555/1158
f 1520/565/1168 1507/554/1156 1506/552/1155
f 1506/552/1155 1510/557/1160 1512/559/1162
f 1512/559/1162 1514/560/1163 1516/562/1165
f 1516/562/1165 1518/563/1166 1520/565/1168
f 1520/565/1168 1506/552/1155 1512/559/1162
s 72
f 1525/551/1154 1521/553/1153 1524/566/1157
f 1524/566/1157 1535/564/1167 1533/555/1158
f 1533/555/1158 1531/561/1164 1529/556/1159
f 1529/556/1159 1527/558/1161 1525/551/1154
f 1525/551/1154 1524/566/1157 1533/555/1158
f 1536/565/1169 1523/554/1156 1522/552/1155
f 1522/552/1155 1526/557/1160 1528/559/1162
f 1528/559/1162 1530/560/1163 1532/562/1165
f 1532/562/1165 1534/563/1166 1536/565/1169
f 1536/565/1169 1522/552/1155 1528/559/1162
s 73
f 1541/551/1154 1537/553/1153 1540/566/1157
f 1540/566/1157 1551/564/1167 1549/555/1158
f 1549/555/1158 1547/561/1164 1545/556/1159
f 1545/556/1159 1543/558/1161 1541/551/1154
f 1541/551/1154 1540/566/1157 1549/555/1158
f 1552/565/1168 1539/554/1156 1538/552/1155
f 1538/552/1155 1542/557/1160 1544/559/1162
f 1544/559/1162 1546/560/1163 1548/562/1165
f 1548/562/1165 1550/563/1166 1552/565/1168
f 1552/565/1168 1538/552/1155 1544/559/1162
s 74
f 1557/551/1154 1553/553/1153 1556/566/1157
f 1556/566/1157 1567/564/1167 1565/555/1158
f 1565/555/1158 1563/561/1164 1561/556/1159
f 1561/556/1159 1559/558/1161 1557/551/1154
f 1557/551/1154 1556/566/1157 1565/555/1158
f 1568/565/1168 1555/554/1156 1554/552/1155
f 1554/552/1155 1558/557/1160 1560/559/1162
f 1560/559/1162 1562/560/1163 1564/562/1165
f 1564/562/1165 1566/563/1166 1568/565/1168
f 1568/565/1168 1554/552/1155 1560/559/1162
s 75
f 1572/246/1170 2308/246/1870 1570/193/1171
f 1570/193/1171 1653/194/1239 1571/194/1173
f 1571/194/1173 1574/194/1965 1573/193/1174
f 1569/193/1172 1573/193/1174 1575/246/1175
f 1575/192/1175 1576/77/1966 1577/77/1176
f 1577/77/1176 1576/77/1966 1578/75/1177
f 1579/75/1178 1578/75/1177 1580/567/1179
f 1580/567/1179 1582/73/1967 1583/73/1181
f 1583/73/1181 1582/73/1967 1584/72/1182
f 1585/72/1183 1584/72/1182 1586/56/1184
f 1587/56/1185 1586/56/1184 1588/569/1186
f 1588/569/1186 1590/55/1189 1591/55/1188
f 1590/55/1189 1592/53/1191 1593/53/1190
f 1592/53/1191 1594/52/1193 1595/52/1192
f 1594/52/1193 1596/35/1968 1597/35/1194
f 1597/35/1194 1596/35/1968 1598/33/1195
f 1599/33/1196 1598/33/1195 1600/571/1197
f 1600/571/1197 1602/32/1969 1603/32/1199
f 1603/32/1199 1602/32/1969 1604/31/1200
f 1604/31/1200 1606/239/1970 1607/239/1202
f 1607/239/1202 1606/239/1970 1608/573/1203
f 1608/573/1203 1610/238/1206 1611/238/1205
f 1610/238/1206 1612/5/1208 1613/5/1207
f 1612/5/1208 1614/4/1210 1615/4/1209
f 1614/4/1210 1616/236/1212 1617/236/1211
f 1616/236/1212 1618/234/1971 1619/234/1213
f 1619/234/1213 1618/234/1971 1620/575/1214
f 1620/575/1214 1622/232/1972 1623/232/1216
f 1623/232/1216 1622/232/1972 1624/247/1217
f 1624/247/1217 1626/222/1973 1627/222/1219
f 1627/222/1219 1626/222/1973 1628/577/1220
f 1628/577/1220 1630/219/1974 1631/219/1222
f 1631/219/1222 1630/219/1974 1632/218/1223
f 1633/218/1224 1632/218/1223 1634/217/1225
f 1634/217/1225 1636/207/1975 1637/207/1227
f 1637/207/1227 1636/207/1975 1638/205/1228
f 1639/205/1229 1638/205/1228 1640/579/1230
f 1640/579/1230 1642/201/1233 1643/201/1232
f 1642/201/1233 1644/198/1235 1645/198/1234
f 1644/198/1235 1646/196/1976 1647/196/1236
f 1647/196/1236 1646/196/1976 1648/581/1237
f 1648/581/1237 1574/194/1965 1571/194/1173
f 1653/194/1239 1650/583/1241 1649/582/1238
f 1649/582/1238 1650/583/1241 1651/196/1240
f 1650/583/1241 1652/585/1247 2397/196/1242
f 1654/194/1243 1652/585/1247 1650/583/1241
f 1655/193/1244 1654/194/1243 1653/194/1239
f 1655/193/1244 1657/193/1248 1656/194/1245
f 1654/194/1243 1656/194/1245 1659/584/1246
f 1657/193/1248 2285/193/1850 1658/586/1249
f 1658/586/1249 1661/587/1253 1659/584/1246
f 1652/585/1247 1659/584/1246 1660/196/1250
f 1659/584/1246 1661/587/1253 1663/196/1251
f 2282/586/1252 1662/886/1849 1661/587/1253
f 1661/587/1253 1662/886/1849 1664/196/1254
f 1664/196/1254 1667/196/1977 1665/588/1255
f 1663/196/1251 1665/588/1255 1666/196/1256
f 1668/196/1257 1667/196/1977 1664/196/1254
f 1670/196/1259 1668/196/1257 1669/588/1258
f 1675/589/1261 1671/589/1978 1670/196/1259
f 1673/196/1262 1676/198/1265 1675/589/1261
f 1674/590/1263 1976/724/1558 1673/196/1262
f 2283/591/1264 1674/590/1263 1672/196/1260
f 1676/198/1265 1678/201/1268 1677/201/1266
f 1679/201/1267 1671/589/1978 1675/589/1261
f 1678/201/1268 1682/594/1272 1681/592/1269
f 1680/201/1270 2401/248/1281 1679/201/1267
f 1677/201/1266 1681/592/1269 1684/593/1271
f 1682/594/1272 2278/205/1304 1683/595/1273
f 1681/592/1269 1683/595/1273 1685/205/1274
f 1686/596/1275 1684/593/1271 1685/205/1274
f 1680/201/1270 1684/593/1271 1686/596/1275
f 1689/598/1277 1686/596/1275 1687/599/1278
f 1686/596/1275 1688/597/1276 1702/600/1280
f 1689/598/1277 1690/598/1979 2401/248/1281
f 1692/201/1282 1690/598/1979 1689/598/1277
f 1696/201/1283 1692/201/1282 1691/201/1279
f 1691/201/1279 1687/599/1278 1697/601/1285
f 1694/198/1286 2400/198/1980 1696/201/1283
f 2396/198/1287 1694/198/1286 1693/201/1284
f 1695/201/1288 1693/201/1284 1697/601/1285
f 1698/602/1289 1697/601/1285 1699/205/1290
f 1697/601/1285 1687/599/1278 1702/600/1280
f 1700/205/1291 1699/205/1290 1701/207/1292
f 1702/600/1280 1703/603/1294 1701/207/1292
f 1688/597/1276 1704/603/1295 1703/603/1294
f 1704/603/1295 1707/603/1981 1705/207/1296
f 1703/603/1294 1705/207/1296 1706/207/1297
f 1708/604/1298 1707/603/1981 1704/603/1295
f 1710/605/1300 1708/604/1298 1709/249/1299
f 1714/606/1302 1711/608/1307 1710/605/1300
f 1713/207/1303 1715/607/1305 1714/606/1302
f 2278/205/1304 1713/207/1303 1712/605/1301
f 1683/595/1273 1712/605/1301 1709/249/1299
f 1715/607/1305 1717/217/1308 1716/217/1306
f 1716/217/1306 1719/217/1982 1711/608/1307
f 1718/609/1310 1716/217/1306 1717/217/1308
f 1717/217/1308 2399/741/1583 1724/218/1309
f 1724/218/1309 1723/611/1313 1718/609/1310
f 1720/610/1311 1719/217/1982 1716/217/1306
f 1721/611/1312 1720/610/1311 1718/609/1310
f 1726/612/1314 1722/611/1319 1721/611/1312
f 1724/218/1309 2009/219/1590 1725/219/1315
f 1723/611/1313 1725/219/1315 1727/219/1316
f 1726/612/1314 1727/219/1316 1731/219/1317
f 1728/218/1318 1729/218/1983 1722/611/1319
f 2391/218/1320 1729/218/1983 1728/218/1318
f 2377/219/1927 2378/218/1935 1730/218/1321
f 1730/218/1321 1728/218/1318 1731/219/1317
f 1732/219/1322 2377/219/1927 1730/218/1321
f 1727/219/1316 1736/617/1328 1733/613/1323
f 1731/219/1317 1733/613/1323 1734/614/1324
f 1734/614/1324 1733/613/1323 1735/615/1325
f 1733/613/1323 1736/617/1328 1738/616/1327
f 1725/219/1315 1737/884/1845 1736/617/1328
f 1736/617/1328 1737/884/1845 1739/618/1329
f 1742/618/1330 1740/618/1331 1738/616/1327
f 1740/618/1331 1741/615/1984 1735/615/1325
f 1744/619/1332 1743/619/1985 1742/618/1330
f 1745/620/1333 1743/619/1985 1744/619/1332
f 1749/621/1335 1746/620/1349 1745/620/1333
f 1748/232/1336 1751/624/1340 1750/622/1337
f 2021/247/1338 1748/232/1336 1747/620/1334
f 1747/620/1334 1750/622/1337 1753/623/1339
f 1751/624/1340 2276/234/1605 1752/234/1341
f 1750/622/1337 1752/234/1341 1754/625/1342
f 1755/626/1343 1753/623/1339 1754/625/1342
f 1749/621/1335 1753/623/1339 1755/626/1343
f 1758/627/1345 1755/626/1343 1756/628/1346
f 1755/626/1343 1757/234/1344 1771/629/1348
f 1758/627/1345 1759/627/1986 1746/620/1349
f 1761/630/1350 1759/627/1986 1758/627/1345
f 1765/232/1351 1761/630/1350 1760/232/1347
f 1760/232/1347 1756/628/1346 1766/631/1353
f 1763/247/1354 2376/247/1987 1765/232/1351
f 2368/247/1355 1763/247/1354 1762/232/1352
f 1764/232/1356 1762/232/1352 1766/631/1353
f 1767/632/1357 1766/631/1353 1768/234/1358
f 1766/631/1353 1756/628/1346 1771/629/1348
f 1769/234/1359 1768/234/1358 1770/236/1360
f 1771/629/1348 1772/633/1362 1770/236/1360
f 1757/234/1344 1773/633/1363 1772/633/1362
f 1773/633/1363 1776/633/1988 1774/236/1364
f 1772/633/1362 1774/236/1364 1775/236/1365
f 1777/634/1366 1776/633/1988 1773/633/1363
f 1779/635/1368 1777/634/1366 1778/633/1367
f 1783/636/1370 1780/638/1374 1779/635/1368
f 1782/236/1371 1784/776/1628 1783/636/1370
f 1752/234/1341 2276/234/1605 1782/236/1371
f 1754/625/1342 1752/234/1341 1781/635/1369
f 1783/636/1370 1784/776/1628 1786/4/1372
f 1785/637/1373 1787/637/1989 1780/638/1374
f 1786/4/1372 1789/777/1629 1788/639/1375
f 1791/640/1376 1787/637/1989 1785/637/1373
f 1788/639/1375 1789/777/1629 2051/5/1377
f 1792/5/1379 1791/640/1376 1788/639/1375
f 1794/641/1380 1793/5/1382 1792/5/1379
f 1797/5/1381 1795/5/1990 1793/5/1382
f 1796/5/1383 1795/5/1990 1797/5/1381
f 1798/642/1384 1797/5/1381 1799/643/1385
f 1797/5/1381 1794/641/1380 1801/238/1387
f 1799/643/1385 1802/645/1389 1803/644/1388
f 1801/238/1387 1805/647/1394 1802/645/1389
f 1803/644/1388 1802/645/1389 1804/239/1390
f 1802/645/1389 1805/647/1394 1807/239/1392
f 1801/238/1387 2275/238/1844 1806/646/1393
f 1805/647/1394 1806/646/1393 1808/239/1395
f 1811/239/1396 1809/239/1397 1807/239/1392
f 1809/239/1397 1810/239/1991 1804/239/1390
f 1814/648/1398 1812/648/1992 1811/239/1396
f 1813/649/1399 1812/648/1992 1814/648/1398
f 1814/648/1398 1815/31/1402 1817/32/1401
f 1808/239/1395 2062/239/1641 1815/31/1402
f 1817/32/1401 1820/791/1653 1819/650/1403
f 1818/651/1404 2398/32/1415 1813/649/1399
f 1816/649/1400 1819/650/1403 1822/652/1405
f 1819/650/1403 1820/791/1653 2074/33/1406
f 1822/652/1405 1819/650/1403 1821/653/1407
f 1824/654/1409 1822/652/1405 1823/33/1408
f 1818/651/1404 1822/652/1405 1824/654/1409
f 1827/656/1411 1824/654/1409 1825/657/1412
f 1825/657/1412 1824/654/1409 1826/655/1410
f 1827/656/1411 1828/656/1993 2398/32/1415
f 1830/32/1416 1828/656/1993 1827/656/1411
f 1834/32/1417 1830/32/1416 1829/32/1413
f 1829/32/1413 1825/657/1412 1835/658/1419
f 1832/31/1420 2348/31/1994 1834/32/1417
f 1832/31/1420 1831/32/1418 1833/32/1421
f 1831/32/1418 1835/658/1419 1836/659/1423
f 1835/658/1419 1837/33/1425 1838/33/1424
f 1835/658/1419 1825/657/1412 1840/655/1414
f 1837/33/1425 1839/35/1428 2331/35/1426
f 1837/33/1425 1840/655/1414 1841/660/1427
f 1840/655/1414 1826/655/1410 1842/661/1429
f 1842/661/1429 1845/661/1995 1843/662/1430
f 1841/660/1427 1843/662/1430 1844/35/1431
f 1846/662/1432 1845/661/1995 1842/661/1429
f 1848/662/1434 1846/662/1432 1847/662/1433
f 1852/663/1436 1849/664/1440 1848/662/1434
f 1851/35/1437 1853/793/1656 1852/663/1436
f 1821/653/1407 2074/33/1406 1851/35/1437
f 1823/33/1408 1821/653/1407 1850/662/1435
f 1852/663/1436 1853/793/1656 1855/52/1438
f 1854/52/1439 1856/52/1996 1849/664/1440
f 1854/52/1439 1855/52/1438 1858/665/1441
f 1860/667/1443 1856/52/1996 1854/52/1439
f 1857/666/1442 1858/665/1441 1917/53/1444
f 1861/668/1446 1860/667/1443 1857/666/1442
f 1863/668/1447 1862/53/1449 1861/668/1446
f 1866/53/1448 1864/53/1997 1862/53/1449
f 1865/53/1450 1864/53/1997 1866/53/1448
f 1867/669/1451 1866/53/1448 1868/55/1452
f 1866/53/1448 1863/668/1447 1870/671/1454
f 1879/672/1456 1869/670/1453 1868/55/1452
f 1868/55/1452 1871/673/1457 1873/56/1455
f 1873/56/1455 1876/56/1460 1879/672/1456
f 1870/671/1454 1872/681/1495 1871/673/1457
f 1871/673/1457 1872/681/1495 1875/674/1458
f 1873/56/1455 1874/56/1998 1877/675/1459
f 1911/56/1461 1874/56/1998 1873/56/1455
f 1876/56/1460 1877/675/1459 1897/56/1462
f 1880/676/1464 1879/672/1456 1876/56/1460
f 1869/670/1453 1879/672/1456 1880/676/1464
f 1882/55/1465 1880/676/1464 1881/677/1466
f 1880/676/1464 1878/56/1463 1891/56/1468
f 1883/53/1469 1867/669/1451 1869/670/1453
f 1883/53/1469 1882/55/1465 1884/55/1467
f 1885/53/1470 1884/55/1467 1886/55/1471
f 1884/55/1467 1881/677/1466 1888/678/1473
f 1887/53/1472 1886/55/1471 1591/55/1188
f 1886/55/1471 1888/678/1473 1589/570/1187
f 1589/570/1187 1888/678/1473 1889/56/1474
f 1888/678/1473 1881/677/1466 1891/56/1468
f 1889/56/1474 1890/72/1475 1585/72/1183
f 1891/56/1468 1892/72/1476 1890/72/1475
f 1878/56/1463 1894/72/1479 1892/72/1476
f 1890/72/1475 1892/72/1476 1893/73/1477
f 1894/72/1479 1895/73/1481 1893/73/1477
f 1897/56/1462 1896/72/1999 1894/72/1479
f 1894/72/1479 1896/72/1999 1898/73/1480
f 1898/73/1480 1899/73/1483 1900/679/1482
f 1899/73/1483 1901/73/2000 1902/73/1484
f 1902/73/1484 1901/73/2000 1903/73/1485
f 1904/73/1486 1903/73/1485 1905/73/1487
f 1905/73/1487 1907/72/2001 1908/72/1489
f 1908/72/1489 1907/72/2001 1909/56/1490
f 1909/56/1490 1911/56/1461 1875/674/1458
f 1910/56/1491 1912/56/1494 1931/72/1492
f 1913/680/1493 1914/682/1497 1912/56/1494
f 1872/681/1495 1913/680/1493 1910/56/1491
f 1915/244/1496 1916/55/1498 1914/682/1497
f 1870/671/1454 1915/244/1496 1913/680/1493
f 1859/668/1445 1917/53/1444 1916/55/1498
f 1863/668/1447 1859/668/1445 1915/244/1496
f 1917/53/1444 1919/53/1502 1918/55/1499
f 1916/55/1498 1918/55/1499 1921/683/1500
f 2241/684/1501 1920/688/1507 1918/55/1499
f 1918/55/1499 1920/688/1507 1923/685/1503
f 1914/682/1497 1921/683/1500 1922/56/1504
f 1921/683/1500 1923/685/1503 1925/686/1505
f 2238/687/1506 1924/864/1817 1923/685/1503
f 1923/685/1503 1924/864/1817 1926/689/1508
f 1926/689/1508 1928/865/1818 1927/690/1509
f 1922/56/1504 1925/686/1505 1927/690/1509
f 1927/690/1509 1928/865/1818 2269/691/1511
f 1930/72/1510 1927/690/1509 1929/692/1512
f 1922/56/1504 1930/72/1510 1931/72/1492
f 1930/72/1510 1932/73/1513 1933/73/1514
f 1932/73/1513 1934/694/1516 1935/693/1515
f 1929/692/1512 1937/695/1518 1934/694/1516
f 1934/694/1516 1936/75/1519 2326/75/1517
f 1937/695/1518 1939/697/1521 1936/75/1519
f 2269/691/1511 1938/883/1843 1937/695/1518
f 1937/695/1518 1938/883/1843 1940/696/1520
f 1939/697/1521 1940/696/1520 1943/698/1522
f 1936/75/1519 1939/697/1521 1941/699/1523
f 1944/701/1526 1961/717/1545 1963/700/1525
f 1963/700/1525 1942/77/1524 1941/699/1523
f 1941/699/1523 1943/698/1522 1944/701/1526
f 1945/702/1527 1948/705/1526 1944/701/1526
f 1947/75/1528 1945/702/1527 1943/698/1522
f 1948/705/1526 1945/702/1527 1946/77/1733
f 2139/703/1529 1950/192/1533 1949/704/1530
f 1948/705/1526 1946/77/1733 2139/703/1529
f 2220/75/1531 1946/77/1733 1945/702/1527
f 1944/701/1526 1948/705/1526 1949/704/1530
f 1950/246/1533 1953/822/1734 1952/707/1534
f 1949/708/1530 1952/707/1534 1955/709/1535
f 1952/707/1534 1953/822/1734 2144/193/1536
f 1955/709/1535 1952/707/1534 1954/711/1537
f 1957/713/1539 1955/709/1535 1956/712/1538
f 1951/710/1532 1955/709/1535 1957/713/1539
f 1959/716/1542 1957/713/1539 1958/714/1540
f 1960/715/1541 1957/713/1539 1959/716/1542
f 1961/717/1545 1944/701/1526 1951/706/1532
f 1963/700/1525 1961/717/1545 1960/718/1541
f 1965/719/1546 1963/700/1525 1962/192/1544
f 1967/720/1549 1964/246/1547 1962/246/1544
f 1959/716/1542 1972/193/1543 1969/193/1548
f 1967/720/1549 1962/246/1544 1959/716/1542
f 2293/721/1550 1965/719/1546 1964/192/1547
f 1964/246/1547 1967/720/1549 1968/722/1552
f 1968/722/1552 1967/720/1549 1969/193/1548
f 1969/193/1548 1971/194/1556 2279/194/1554
f 1969/193/1548 1972/193/1543 1973/194/1555
f 1958/714/1540 1974/728/1563 1973/194/1555
f 1971/194/1556 1973/194/1555 1975/723/1557
f 1973/194/1555 1974/728/1563 1978/725/1559
f 1976/724/1558 1975/723/1557 1977/196/1560
f 1975/723/1557 1978/725/1559 1980/726/1561
f 2217/727/1562 1979/857/1800 1978/725/1559
f 1978/725/1559 1979/857/1800 1981/729/1564
f 1981/729/1564 1983/854/1797 1982/730/1565
f 1977/196/1560 1980/726/1561 1982/730/1565
f 1982/730/1565 1983/854/1797 2213/731/1567
f 1982/730/1565 1984/732/1568 1986/201/1569
f 1977/196/1560 1985/198/1566 1676/198/1265
f 1985/198/1566 1986/201/1569 1678/201/1268
f 1986/201/1569 1987/733/1570 1682/594/1272
f 1984/732/1568 1989/734/1571 1987/733/1570
f 1987/733/1570 1988/205/1572 2278/205/1304
f 1989/734/1571 1991/736/1574 1988/205/1572
f 2213/731/1567 1990/853/1794 1989/734/1571
f 1989/734/1571 1990/853/1794 1992/735/1573
f 1991/736/1574 1992/735/1573 1994/737/1575
f 1988/205/1572 1991/736/1574 1993/738/1576
f 1995/739/1579 1993/738/1576 1994/737/1575
f 1994/737/1575 2207/850/1790 2001/217/1578
f 2001/217/1578 2000/217/1578 1995/739/1579
f 1993/738/1576 1995/739/1579 1997/740/1580
f 1988/205/1572 1996/207/1577 1713/207/1303
f 1996/207/1577 1997/740/1580 1715/607/1305
f 1715/607/1305 1997/740/1580 1998/217/1581
f 1997/740/1580 1995/739/1579 2000/217/1578
f 2399/741/1583 1717/217/1308 1998/217/1581
f 1998/217/1581 1999/742/1584 2007/218/1582
f 2007/218/1582 1724/218/1309 2399/741/1583
f 2000/217/1578 2002/743/1585 1999/742/1584
f 2001/217/1578 2003/848/1585 2002/743/1585
f 2002/743/1585 2003/848/1585 2005/744/1586
f 1999/742/1584 2002/743/1585 2004/745/1587
f 2005/744/1586 2203/751/1597 2006/746/1588
f 2004/745/1587 2006/746/1588 2008/219/1589
f 1724/218/1309 2007/218/1582 2008/219/1589
f 2009/219/1590 2008/219/1589 2010/747/1591
f 2008/219/1589 2006/746/1588 2013/749/1593
f 2011/748/1592 2010/747/1591 2012/222/1594
f 2010/747/1591 2013/749/1593 2015/750/1596
f 2203/751/1597 2014/844/1787 2013/749/1593
f 2013/749/1593 2014/844/1787 2016/752/1598
f 2015/750/1596 2016/752/1598 2018/753/1599
f 2015/750/1596 2017/753/1600 2020/247/1601
f 2018/753/1599 2198/757/1608 2019/754/1602
f 2017/753/1600 2019/754/1602 2022/232/1603
f 2012/222/1594 2020/247/1601 2021/247/1338
f 2021/247/1338 2020/247/1601 2022/232/1603
f 2022/232/1603 2023/755/1604 1751/624/1340
f 2019/754/1602 2025/756/1606 2023/755/1604
f 2023/755/1604 2024/234/1607 2276/234/1605
f 2025/756/1606 2027/759/1610 2024/234/1607
f 2198/757/1608 2026/841/1782 2025/756/1606
f 2025/756/1606 2026/841/1782 2028/758/1609
f 2027/759/1610 2028/758/1609 2031/760/1611
f 2024/234/1607 2027/759/1610 2029/761/1612
f 2033/763/1615 2034/952/2002 2048/762/1614
f 2048/762/1614 2030/236/1613 2029/761/1612
f 2029/761/1612 2031/760/1611 2033/763/1615
f 2032/764/1616 2035/767/1615 2033/763/1615
f 2194/234/1617 2032/764/1616 2031/760/1611
f 2046/775/1618 2034/952/2002 2033/763/1615
f 2033/763/1615 2035/767/1615 2037/765/1618
f 2039/766/1618 2046/775/1618 2033/763/1615
f 2188/236/1619 2036/836/1776 2035/767/1615
f 2035/767/1615 2036/836/1776 2038/4/1620
f 2038/4/1620 2041/838/1779 2040/768/1621
f 2037/765/1618 2040/768/1621 2043/769/1621
f 2040/768/1621 2041/838/1779 2097/5/1622
f 2043/769/1621 2040/768/1621 2042/770/1623
f 2049/774/1626 2047/4/1627 2046/775/1618
f 2045/772/1621 2043/769/1621 2044/771/1624
f 2049/774/1626 2046/775/1618 2045/772/1621
f 2053/773/1625 2050/5/1630 2049/774/1626
f 2045/772/1621 2044/771/1624 2053/773/1625
f 2039/766/1618 2043/769/1621 2045/772/1621
f 2048/762/1614 2034/952/2002 2046/775/1618
f 1784/776/1628 2048/762/1614 2047/4/1627
f 2047/4/1627 2049/774/1626 1789/777/1629
f 1789/777/1629 2049/774/1626 2050/5/1630
f 2051/5/1377 2050/5/1630 2052/238/1631
f 2053/773/1625 2054/778/1633 2052/238/1631
f 2044/771/1624 2055/779/1634 2054/778/1633
f 2055/779/1634 2057/801/1671 2056/780/1635
f 2052/238/1631 2054/778/1633 2056/780/1635
f 2056/780/1635 2057/801/1671 2093/782/1637
f 2059/781/1636 2056/780/1635 2058/783/1638
f 2274/238/1632 2052/238/1631 2059/781/1636
f 2060/784/1640 2059/781/1636 2061/239/1639
f 2062/239/1641 2061/239/1639 2063/31/1642
f 2058/783/1638 2065/31/1644 2063/31/1642
f 1815/31/1402 2063/31/1642 2064/32/1643
f 2065/31/1644 2067/785/1646 2064/32/1643
f 2066/31/1645 2068/786/1647 2067/785/1646
f 2093/782/1637 2066/31/1645 2065/31/1644
f 2068/786/1647 2070/798/1661 2069/787/1648
f 2067/785/1646 2069/787/1648 2072/788/1649
f 2069/787/1648 2070/798/1661 2081/789/1650
f 2069/787/1648 2071/790/1651 2073/33/1652
f 2064/32/1643 2072/788/1649 1820/791/1653
f 2072/788/1649 2073/33/1652 2074/33/1406
f 2073/33/1652 2075/35/1655 1851/35/1437
f 2073/33/1652 2071/790/1651 2077/792/1654
f 2075/35/1655 2076/873/1827 1853/793/1656
f 2246/794/1657 2076/873/1827 2075/35/1655
f 2075/35/1655 2077/792/1654 2078/795/1658
f 2078/795/1658 2079/797/1657 2246/794/1657
f 2071/790/1651 2081/789/1650 2078/795/1658
f 2080/796/1659 2250/876/1657 2079/797/1657
f 2082/653/1660 2080/796/1659 2078/795/1658
f 2070/798/1661 2084/799/1663 2082/653/1660
f 2083/33/1662 2262/35/1837 2080/796/1659
f 2084/799/1663 2085/882/1840 2083/33/1662
f 2087/32/1664 2085/882/1840 2084/799/1663
f 2086/32/1665 2084/799/1663 2070/798/1661
f 2088/31/1666 2089/31/1668 2087/32/1664
f 2088/31/1666 2086/32/1665 2068/786/1647
f 2090/239/1667 2091/239/1670 2089/31/1668
f 2090/239/1667 2088/31/1666 2066/31/1645
f 2092/800/1669 2094/802/1675 2091/239/1670
f 2057/801/1671 2092/800/1669 2090/239/1667
f 2096/238/1672 2094/802/1675 2092/800/1669
f 2095/238/1673 2092/800/1669 2057/801/1671
f 2042/770/1623 2097/5/1622 2096/238/1672
f 2044/771/1624 2042/770/1623 2095/238/1673
f 2097/5/1622 2099/5/1677 2098/238/1674
f 2098/238/1674 2101/803/1679 2094/802/1675
f 2124/5/1676 2100/238/1678 2098/238/1674
f 2100/238/1678 2103/805/1683 2101/803/1679
f 2094/802/1675 2101/803/1679 2102/239/1680
f 2101/803/1679 2103/805/1683 2104/239/1681
f 2106/804/1682 2104/239/1681 2103/805/1683
f 2102/239/1680 2104/239/1681 2105/31/1684
f 2106/804/1682 2107/192/1689 2137/806/1686
f 2106/804/1682 2108/193/1690 2143/807/1688
f 2106/804/1682 2110/196/1693 2273/808/1692
f 2106/804/1682 2113/205/1697 2158/809/1696
f 2106/804/1682 2115/217/1701 2272/810/1699
f 2106/804/1682 2116/218/1702 2169/811/1700
f 2106/804/1682 2118/222/1705 2176/812/1704
f 2106/804/1682 2121/234/1709 2185/813/1708
f 2106/804/1682 2123/4/1713 2191/814/1711
f 2106/804/1682 2124/5/1676 2193/815/1712
f 2106/804/1682 2126/33/1716 2264/816/1715
f 2106/804/1682 2128/52/1720 2259/817/1718
f 2106/804/1682 2129/53/1721 2271/818/1719
f 2106/804/1682 2131/56/1724 2268/819/1723
f 2106/804/1682 2134/75/1728 2270/820/1727
f 2218/75/1729 2134/75/1728 2135/77/1687
f 2135/77/1687 2137/806/1686 2138/821/1731
f 2138/821/1731 2137/806/1686 2107/192/1689
f 2136/77/1730 2138/821/1731 2139/703/1529
f 2139/703/1529 2138/821/1731 2140/192/1732
f 2140/246/1732 2141/823/1735 1953/822/1734
f 2107/246/1689 2143/953/1688 2141/823/1735
f 1953/822/1734 2141/823/1735 2142/193/1736
f 2141/823/1735 2143/953/1688 2108/193/1690
f 2144/193/1536 2142/193/1736 2145/194/1737
f 2108/193/1690 2109/194/1691 2145/194/1737
f 2145/194/1737 2147/825/1741 2148/824/1739
f 2147/825/1741 2145/194/1737 2109/194/1691
f 2273/808/1692 2110/196/1693 2149/196/1740
f 2147/825/1741 2109/194/1691 2273/808/1692
f 2148/824/1739 2147/825/1741 2149/196/1740
f 2149/196/1740 2151/198/1744 2152/198/1743
f 2110/196/1693 2111/198/1694 2151/198/1744
f 2152/198/1743 2151/198/1744 2153/201/1745
f 2111/198/1694 2112/201/1695 2153/201/1745
f 2153/201/1745 2155/827/1748 2156/826/1747
f 2112/201/1695 2158/809/1696 2155/827/1748
f 2156/826/1747 2155/827/1748 2157/205/1749
f 2155/827/1748 2158/809/1696 2113/205/1697
f 2157/205/1749 2160/207/1752 2161/207/1751
f 2113/205/1697 2114/207/1698 2160/207/1752
f 2160/207/1752 2162/829/1754 2163/828/1753
f 2162/829/1754 2160/207/1752 2114/207/1698
f 2114/207/1698 2272/810/1699 2115/217/1701
f 2115/217/1701 2164/217/1755 2162/829/1754
f 2163/828/1753 2162/829/1754 2164/217/1755
f 2164/217/1755 2166/831/1758 2167/830/1757
f 2115/217/1701 2169/811/1700 2166/831/1758
f 2167/830/1757 2166/831/1758 2168/218/1759
f 2166/831/1758 2169/811/1700 2116/218/1702
f 2168/218/1759 2171/219/1762 2172/219/1761
f 2116/218/1702 2117/219/1703 2171/219/1762
f 2171/219/1762 2173/833/1764 2174/832/1763
f 2117/219/1703 2176/812/1704 2173/833/1764
f 2174/832/1763 2173/833/1764 2175/222/1765
f 2173/833/1764 2176/812/1704 2118/222/1705
f 2175/222/1765 2178/247/1768 2179/247/1767
f 2118/222/1705 2119/247/1706 2178/247/1768
f 2178/247/1768 2180/232/1770 2181/232/1769
f 2119/247/1706 2120/232/1707 2180/232/1770
f 2180/232/1770 2182/835/1772 2183/834/1771
f 2120/232/1707 2185/813/1708 2182/835/1772
f 2183/834/1771 2182/835/1772 2184/234/1773
f 2182/835/1772 2185/813/1708 2121/234/1709
f 2186/234/1774 2184/234/1773 2187/236/1775
f 2121/234/1709 2122/236/1710 2187/236/1775
f 2187/236/1775 2189/837/1777 2036/836/1776
f 2122/236/1710 2191/814/1711 2189/837/1777
f 2036/836/1776 2189/837/1777 2190/4/1778
f 2189/837/1777 2191/814/1711 2123/4/1713
f 2190/4/1778 2192/839/1780 2041/838/1779
f 2123/4/1713 2193/815/1712 2192/839/1780
f 2041/838/1779 2192/839/1780 2099/5/1677
f 2192/839/1780 2193/815/1712 2124/5/1676
f 2186/234/1774 2188/236/1619 2032/764/1616
f 2195/840/1781 2183/834/1771 2186/234/1774
f 2026/841/1782 2195/840/1781 2194/234/1617
f 2181/232/1769 2183/834/1771 2195/840/1781
f 2196/232/1783 2195/840/1781 2026/841/1782
f 2179/247/1767 2181/232/1769 2196/232/1783
f 2197/842/1784 2196/232/1783 2198/757/1608
f 2177/222/1766 2179/247/1767 2197/842/1784
f 2199/222/1785 2197/842/1784 2018/753/1599
f 2200/843/1786 2174/832/1763 2177/222/1766
f 2014/844/1787 2200/843/1786 2199/222/1785
f 2172/219/1761 2174/832/1763 2200/843/1786
f 2201/845/1788 2200/843/1786 2014/844/1787
f 2202/846/1789 2170/218/1760 2172/219/1761
f 2005/744/1586 2202/846/1789 2201/845/1788
f 2204/847/1585 2167/830/1757 2170/218/1760
f 2003/848/1585 2204/847/1585 2202/846/1789
f 2165/217/1756 2167/830/1757 2204/847/1585
f 2205/217/1578 2204/847/1585 2003/848/1585
f 2206/849/1579 2163/828/1753 2165/217/1756
f 2207/850/1790 2206/849/1579 2205/217/1578
f 2161/207/1751 2163/828/1753 2206/849/1579
f 2208/207/1791 2206/849/1579 2207/850/1790
f 2159/205/1750 2161/207/1751 2208/207/1791
f 2209/851/1792 2208/207/1791 1994/737/1575
f 2210/852/1793 2156/826/1747 2159/205/1750
f 1990/853/1794 2210/852/1793 2209/851/1792
f 2154/201/1746 2156/826/1747 2210/852/1793
f 2211/201/1795 2210/852/1793 1990/853/1794
f 2152/198/1743 2154/201/1746 2211/201/1795
f 1983/854/1797 2212/198/1796 2211/201/1795
f 2150/196/1742 2152/198/1743 2212/198/1796
f 1981/729/1564 2214/855/1798 2212/198/1796
f 2215/856/1799 2148/824/1739 2150/196/1742
f 1979/857/1800 2215/856/1799 2214/855/1798
f 2146/194/1738 2148/824/1739 2215/856/1799
f 2216/194/1801 2215/856/1799 1979/857/1800
f 1954/711/1537 2144/193/1536 2146/194/1738
f 1956/712/1538 1954/711/1537 2216/194/1801
f 1958/714/1540 1956/712/1538 2217/727/1562
f 2218/75/1729 2136/77/1730 1946/77/1733
f 2219/858/1802 2270/820/1727 2134/75/1728
f 2221/859/1803 2219/858/1802 2218/75/1729
f 2222/860/1804 2221/859/1803 2220/75/1531
f 2223/73/1805 2221/859/1803 2222/860/1804
f 2226/73/1807 2219/858/1802 2221/859/1803
f 2224/72/1808 2227/72/1810 2226/73/1807
f 2224/72/1808 2223/73/1805 2225/73/1806
f 2227/72/1810 2132/72/1725 2133/73/1726
f 2133/73/1726 2270/820/1727 2219/858/1802
f 2131/56/1724 2132/72/1725 2227/72/1810
f 2230/56/1812 2228/56/1811 2227/72/1810
f 2229/861/1813 2268/819/1723 2131/56/1724
f 2231/862/1814 2229/861/1813 2228/56/1811
f 2233/863/1815 2231/862/1814 2230/56/1812
f 2230/56/1812 2224/72/1808 2234/72/1809
f 1924/864/1817 2233/863/1815 2232/56/1816
f 1926/689/1508 2232/56/1816 2234/72/1809
f 1928/865/1818 2234/72/1809 2225/73/1806
f 2236/55/1819 2231/862/1814 2233/863/1815
f 2235/866/1820 2233/863/1815 1924/864/1817
f 2237/668/1821 2253/53/1829 2236/55/1819
f 2239/867/1822 2237/668/1821 2235/866/1820
f 2239/867/1822 2238/687/1506 1920/688/1507
f 2240/868/1823 2251/875/1823 2237/668/1821
f 2242/869/1823 2240/868/1823 2239/867/1822
f 2243/870/1824 2242/869/1823 2241/684/1501
f 2245/871/1825 2240/868/1823 2242/869/1823
f 2244/872/1825 2242/869/1823 2243/870/1824
f 2246/794/1657 2079/797/1657 2245/871/1825
f 2076/873/1827 2246/794/1657 2244/872/1825
f 1853/793/1656 2076/873/1827 2247/52/1826
f 2247/52/1826 2243/870/1824 1858/665/1441
f 2248/874/1825 2251/875/1823 2240/868/1823
f 2079/797/1657 2250/876/1657 2248/874/1825
f 2249/52/1828 2252/877/1830 2251/875/1823
f 2250/876/1657 2258/880/1835 2249/52/1828
f 2251/875/1823 2252/877/1830 2253/53/1829
f 2252/877/1830 2254/878/1833 2255/53/1831
f 2256/52/1832 2254/878/1833 2252/877/1830
f 2254/878/1833 2256/52/1832 2128/52/1720
f 2128/52/1720 2271/818/1719 2129/53/1721
f 2129/53/1721 2255/53/1831 2254/878/1833
f 2257/879/1834 2259/817/1718 2128/52/1720
f 2258/880/1835 2257/879/1834 2256/52/1832
f 2260/35/1836 2257/879/1834 2258/880/1835
f 2127/35/1717 2259/817/1718 2257/879/1834
f 2261/33/1838 2126/33/1716 2127/35/1717
f 2083/33/1662 2261/33/1838 2260/35/1836
f 2262/35/1837 2258/880/1835 2250/876/1657
f 2263/881/1839 2264/816/1715 2126/33/1716
f 2085/882/1840 2263/881/1839 2261/33/1838
f 2265/32/1841 2263/881/1839 2085/882/1840
f 2125/32/1714 2264/816/1715 2263/881/1839
f 2266/31/1685 2105/31/1684 2125/32/1714
f 2266/31/1685 2265/32/1841 2087/32/1664
f 2091/239/1670 2102/239/1680 2266/31/1685
f 2255/53/1831 2267/55/1842 2236/55/1819
f 2255/53/1831 2129/53/1721 2130/55/1722
f 2267/55/1842 2229/861/1813 2231/862/1814
f 2130/55/1722 2268/819/1723 2229/861/1813
f 1858/665/1441 2243/870/1824 1919/53/1502
f 2225/73/1806 2222/860/1804 1938/883/1843
f 1938/883/1843 2222/860/1804 1947/75/1528
f 1806/646/1393 2060/784/1640 2062/239/1641
f 2275/238/1844 2274/238/1632 2060/784/1640
f 2051/5/1377 2274/238/1632 2275/238/1844
f 1790/5/1378 2275/238/1844 1801/238/1387
f 2030/236/1613 2048/762/1614 1784/776/1628
f 2024/234/1607 2030/236/1613 1782/236/1371
f 2277/222/1595 2021/247/1338 1744/619/1332
f 1737/884/1845 2011/748/1592 2277/222/1595
f 2009/219/1590 2011/748/1592 1737/884/1845
f 2279/194/1554 1971/194/1556 1976/724/1558
f 1970/193/1553 2279/194/1554 2280/885/1846
f 2279/194/1554 1674/590/1263 2283/591/1264
f 2281/193/1847 2280/885/1846 2282/586/1252
f 2280/885/1846 2283/591/1264 1662/886/1849
f 1662/886/1849 2283/591/1264 1669/588/1258
f 2284/193/1848 2282/586/1252 1658/586/1249
f 2287/193/1851 2286/193/2003 2284/193/1848
f 2284/193/1848 2286/193/2003 2288/193/1852
f 2281/193/1847 2288/193/1852 2289/193/1853
f 2289/193/1853 2290/887/1854 1968/722/1552
f 2290/887/1854 2291/246/2004 1966/246/1551
f 1966/192/1551 2291/192/2004 2292/888/1855
f 2293/721/1550 2292/888/1855 2294/77/1856
f 2294/77/1856 2296/702/1859 2297/889/1858
f 2296/702/1859 2298/702/2005 2299/702/1860
f 2299/702/1860 2298/702/2005 2300/890/1861
f 2301/891/1862 2300/890/1861 2302/77/1863
f 2302/77/1863 2304/192/2006 2305/192/1865
f 2305/246/1865 2304/246/2006 2306/193/1866
f 2306/193/1866 2287/193/1851 2285/193/1850
f 2303/77/1864 2305/192/1865 2307/192/1867
f 2307/246/1867 2305/246/1865 1657/193/1248
f 2311/77/1869 2309/77/1868 2307/192/1867
f 2307/246/1867 1655/193/1244 1570/193/1171
f 2317/75/1871 2303/77/1864 2309/77/1868
f 2312/75/1873 2310/75/1872 2309/77/1868
f 1579/75/1178 2312/75/1873 2311/77/1869
f 2311/77/1869 2308/192/1870 1572/192/1170
f 1581/568/1180 1583/73/1181 2315/73/1478
f 2313/892/1874 2312/75/1873 1579/75/1178
f 1581/568/1180 2315/73/1478 2313/892/1874
f 2313/892/1874 2314/894/1876 2310/75/1872
f 1893/73/1477 2314/894/1876 2313/892/1874
f 1890/72/1475 2315/73/1478 1583/73/1181
f 2316/893/1875 2317/75/1871 2310/75/1872
f 1895/73/1481 2316/893/1875 2314/894/1876
f 2316/893/1875 2318/895/1878 2320/75/1877
f 1900/679/1482 2318/895/1878 2316/893/1875
f 1902/73/1484 2319/896/1880 2318/895/1878
f 2318/895/1878 2319/896/1880 2321/75/1879
f 2320/75/1877 2321/75/1879 2299/702/1860
f 2320/75/1877 2301/891/1862 2303/77/1864
f 2321/75/1879 2322/75/1881 2297/889/1858
f 2319/896/1880 2324/897/1882 2322/75/1881
f 2324/897/1882 2325/898/1884 2323/75/1883
f 2322/75/1881 2323/75/1883 2295/77/1857
f 1906/73/1488 2325/898/1884 2324/897/1882
f 1904/73/1486 2324/897/1882 2319/896/1880
f 1933/73/1514 1935/693/1515 2325/898/1884
f 1935/693/1515 2326/75/1517 2323/75/1883
f 2323/75/1883 2326/75/1517 2327/77/1885
f 1936/75/1519 1942/77/1524 2327/77/1885
f 2327/77/1885 1965/719/1546 2293/721/1550
f 1942/77/1524 1963/700/1525 1965/719/1546
f 1908/72/1489 1931/72/1492 1933/73/1514
f 2328/52/1886 2330/52/1888 1885/53/1470
f 1595/52/1192 2328/52/1886 1887/53/1472
f 2331/35/1426 2330/52/1888 2328/52/1886
f 2329/35/1887 2328/52/1886 1595/52/1192
f 1839/35/1428 2332/52/1889 2330/52/1888
f 2332/52/1889 1883/53/1469 1885/53/1470
f 1844/35/1431 2333/52/2007 2332/52/1889
f 2332/52/1889 2333/52/2007 2334/53/1890
f 2334/53/1890 1865/53/1450 1867/669/1451
f 2335/33/1891 1838/33/1424 2331/35/1426
f 2335/33/1891 2329/35/1887 1597/35/1194
f 2336/899/1892 1836/659/1423 1838/33/1424
f 1601/572/1198 2336/899/1892 2335/33/1891
f 2337/32/1893 2336/899/1892 1601/572/1198
f 1833/32/1421 1836/659/1423 2336/899/1892
f 2338/31/1894 2340/31/1422 1833/32/1421
f 2338/31/1894 2337/32/1893 1603/32/1199
f 2341/239/1895 2340/31/1422 2338/31/1894
f 1607/239/1202 2339/239/1896 2338/31/1894
f 2343/239/1897 1832/31/1420 2340/31/1422
f 2344/900/1898 2343/239/1897 2341/239/1895
f 2355/902/1900 2342/901/1899 2341/239/1895
f 2344/900/1898 1803/644/1388 2346/239/1391
f 2345/239/1901 2348/31/1994 1832/31/1420
f 2346/239/1391 2347/239/1902 2345/239/1901
f 1804/239/1390 1810/239/1991 2347/239/1902
f 2349/238/1903 2344/900/1898 2342/901/1899
f 1800/238/1386 1803/644/1388 2344/900/1898
f 2350/5/1905 1798/642/1384 1800/238/1386
f 2350/5/1905 2349/238/1903 2351/238/1904
f 2354/5/1907 2352/5/1906 2351/238/1904
f 2351/238/1904 2342/901/1899 2355/902/1900
f 2354/5/1907 2353/238/1908 1611/238/1205
f 2353/238/1908 2355/902/1900 1609/574/1204
f 1609/574/1204 2355/902/1900 2339/239/1896
f 1615/4/1209 2356/4/1909 2354/5/1907
f 2356/4/1909 2358/4/1911 2352/5/1906
f 2359/236/1361 2358/4/1911 2356/4/1909
f 2357/236/1910 2356/4/1909 1615/4/1209
f 1770/236/1360 2360/4/1912 2358/4/1911
f 2358/4/1911 2360/4/1912 2350/5/1905
f 1775/236/1365 2361/4/2008 2360/4/1912
f 2360/4/1912 2361/4/2008 2362/5/1913
f 2362/5/1913 1796/5/1383 1798/642/1384
f 1769/234/1359 2359/236/1361 2357/236/1910
f 1619/234/1213 2363/234/1914 2357/236/1910
f 2364/903/1915 1767/632/1357 1769/234/1359
f 1621/576/1215 2364/903/1915 2363/234/1914
f 2365/232/1916 2364/903/1915 1621/576/1215
f 1764/232/1356 1767/632/1357 2364/903/1915
f 2366/247/1917 2368/247/1355 1764/232/1356
f 2366/247/1917 2365/232/1916 1623/232/1216
f 2367/222/1918 2369/222/1919 2368/247/1355
f 2367/222/1918 2366/247/1917 1625/247/1218
f 2369/222/1919 2371/222/1921 1763/247/1354
f 2370/904/1920 2372/906/1923 2371/222/1921
f 2383/905/1922 2370/904/1920 2369/222/1919
f 2372/906/1923 1734/614/1324 2374/615/1326
f 2373/222/1924 2376/247/1987 1763/247/1354
f 2374/615/1326 2375/618/1925 2373/222/1924
f 1735/615/1325 1741/615/1984 2375/618/1925
f 2379/219/1926 2377/219/1927 2372/906/1923
f 1732/219/1322 1734/614/1324 2372/906/1923
f 2380/218/1928 2378/218/1935 2377/219/1927
f 2382/218/1929 2380/218/1928 2379/219/1926
f 2379/219/1926 2370/904/1920 2383/905/1922
f 2382/218/1929 2381/219/1930 1631/219/1222
f 2381/219/1930 2383/905/1922 1629/578/1221
f 1629/578/1221 2383/905/1922 2367/222/1918
f 2384/217/1931 2386/217/1934 2380/218/1928
f 2384/217/1931 2382/218/1929 1633/218/1224
f 2387/207/1293 2386/217/1934 2384/217/1931
f 2385/207/1932 2384/217/1931 1635/217/1226
f 2387/207/1293 1701/207/1292 2388/217/1933
f 2386/217/1934 2388/217/1933 2378/218/1935
f 1706/207/1297 2389/217/2009 2388/217/1933
f 2388/217/1933 2389/217/2009 2390/218/1936
f 2390/218/1936 2391/218/1320 1730/218/1321
f 1700/205/1291 2387/207/1293 2385/207/1932
f 1639/205/1229 2392/205/1937 2385/207/1932
f 1641/580/1231 1643/201/1232 2394/201/1938
f 2394/201/1938 2393/907/1939 2392/205/1937
f 2392/205/1937 1639/205/1229 1641/580/1231
f 2393/907/1939 1698/602/1289 1700/205/1291
f 1695/201/1288 1698/602/1289 2393/907/1939
f 2396/198/1287 1695/201/1288 2394/201/1938
f 2395/198/1940 2394/201/1938 1643/201/1232
f 1651/196/1240 2397/196/1242 2396/198/1287
f 1651/196/1240 2395/198/1940 1645/198/1234
f 2397/196/1242 1660/196/1250 1694/198/1286
f 1826/655/1410 1823/33/1408 1847/662/1433
f 1754/625/1342 1778/633/1367 1773/633/1363
f 1685/205/1274 1709/249/1299 1704/603/1295
f 1666/196/1256 2400/198/1980 1694/198/1286
